Date,Open,High,Low,Close,Volume,Return
1999-01-25,0.0405864,0.0419634,0.0376018,0.0414991,139413824,0.1036466339377371
1999-01-26,0.0419634,0.0428759,0.0378386,0.0382868,93919355,-0.07740649797224508
1999-01-27,0.0385123,0.0394331,0.0362297,0.0382868,67279765,0.0
1999-01-28,0.0382868,0.0385123,0.0378386,0.0380583,62320835,-0.00596811433705613
1999-01-29,0.0380583,0.0382868,0.0362297,0.0362297,67135680,-0.04804733790001148
1999-02-01,0.0362297,0.037377,0.0362297,0.036919,42340959,0.019025826876844176
1999-02-02,0.0362297,0.037377,0.0330168,0.0341571,72003214,-0.07480971857309238
1999-02-03,0.0337177,0.0353183,0.0334779,0.0348559,20961127,0.02045841128198811
1999-02-04,0.0353183,0.0378386,0.0348559,0.0366834,50256916,0.052430148124133824
1999-02-05,0.037377,0.0382868,0.0364567,0.0378386,37682947,0.03149108316023064
1999-02-08,0.0380583,0.0382868,0.0364567,0.0364567,42079279,-0.03652090722172596
1999-02-09,0.037377,0.0376018,0.0346193,0.0350837,23800379,-0.03766111578941589
1999-02-10,0.0350837,0.0359942,0.0341571,0.0348559,41045539,-0.006493043778164842
1999-02-11,0.0348559,0.0392015,0.0348559,0.0378386,36452934,0.0855723134390447
1999-02-12,0.0382868,0.0401271,0.0382868,0.0398945,30538831,0.05433340556997357
1999-02-16,0.0405864,0.04218,0.0359942,0.0401271,58225371,0.00583037762097538
1999-02-17,0.0392015,0.0396677,0.037377,0.0380583,18540590,-0.05155618023729591
1999-02-18,0.0392015,0.0396677,0.0376018,0.0385123,19809611,0.011929066721319659
1999-02-19,0.0382868,0.0405864,0.0378386,0.0398945,21052724,0.035889832598935856
1999-02-22,0.0405864,0.0410388,0.0380583,0.0401271,56511247,0.00583037762097538
1999-02-23,0.0410388,0.0428759,0.0387442,0.0419634,38206287,0.04576209095598727
1999-02-24,0.0481421,0.0502051,0.044251,0.0454024,167518929,0.08195236801593775
1999-02-25,0.0472315,0.0488351,0.0433452,0.0440182,40705352,-0.03048737511673394
1999-02-26,0.0444845,0.0458586,0.0414991,0.0419634,47757932,-0.04668069116865303
1999-03-01,0.0428759,0.0440182,0.0401271,0.04218,25265792,0.005161640858462491
1999-03-02,0.0419634,0.04218,0.0410388,0.0417307,15439579,-0.010651967757230874
1999-03-03,0.0419634,0.0419634,0.0387442,0.038972,17310627,-0.06610720644513512
1999-03-04,0.0408112,0.0410388,0.0378386,0.0380583,16329315,-0.023445037462793694
1999-03-05,0.0385123,0.0403518,0.0385123,0.0401271,21772336,0.054358707561819486
1999-03-08,0.0392015,0.0419634,0.0385123,0.0408112,21288285,0.017048328934809565
1999-03-09,0.0408112,0.0426466,0.0408112,0.04218,39645642,0.03353981260046268
1999-03-10,0.0426466,0.0426466,0.0408112,0.0414991,64178733,-0.01614272166903763
1999-03-11,0.0408112,0.0414991,0.0396677,0.0396677,15020865,-0.04413107754144063
1999-03-12,0.0398945,0.0398945,0.0382868,0.038972,25409737,-0.017538198584742815
1999-03-15,0.0398945,0.0410388,0.0396677,0.0405864,30159616,0.04142461254233809
1999-03-16,0.0408112,0.0412705,0.038972,0.0392015,21942510,-0.0341222675576055
1999-03-17,0.0396677,0.0403518,0.0385123,0.0394331,14510454,0.005907937196280688
1999-03-18,0.0396677,0.0405864,0.0387442,0.0401271,13110558,0.017599427891796582
1999-03-19,0.0398945,0.0412705,0.0398945,0.0401271,29400494,0.0
1999-03-22,0.0410388,0.0410388,0.038972,0.038972,10467489,-0.028786032382105864
1999-03-23,0.0392015,0.0392015,0.0357676,0.0364567,44813824,-0.06454120907318073
1999-03-24,0.0362297,0.0364567,0.0348559,0.0362297,17088025,-0.006226564664382761
1999-03-25,0.0362297,0.0382868,0.0359942,0.0366834,11291817,0.012522874878897694
1999-03-26,0.037377,0.0401271,0.037377,0.0401271,24350028,0.0938762492026366
1999-03-29,0.0412705,0.04218,0.0405864,0.0412705,18527400,0.028494458856981986
1999-03-30,0.0412705,0.0417307,0.0376018,0.0378386,19299291,-0.08315624962140034
1999-03-31,0.038972,0.0408112,0.0371475,0.0403518,41869987,0.06641894784690772
1999-04-01,0.0403518,0.0405864,0.0385123,0.0392015,8544193,-0.028506782844879286
1999-04-05,0.0387442,0.0396677,0.0378386,0.0380583,27293895,-0.029162149407548132
1999-04-06,0.0382868,0.0385123,0.0362297,0.036919,19377868,-0.029935651355946113
1999-04-07,0.037377,0.0403518,0.036919,0.0401271,24781851,0.08689563639318498
1999-04-08,0.0403518,0.0419634,0.0398945,0.0408112,35550119,0.017048328934809565
1999-04-09,0.0410388,0.0410388,0.0398945,0.0401271,13345989,-0.016762555376955368
1999-04-12,0.0396677,0.0396677,0.0378386,0.0385123,9773975,-0.040242130629923434
1999-04-13,0.0392015,0.0392015,0.0362297,0.036919,10244957,-0.04137119829249358
1999-04-14,0.0366834,0.0376018,0.0357676,0.0357676,13202114,-0.03118719358595856
1999-04-15,0.0366834,0.0366834,0.0357676,0.0366834,10114242,0.025604178082957896
1999-04-16,0.0364567,0.0385123,0.0364567,0.0380583,10689940,0.03748016814144828
1999-04-19,0.0385123,0.0385123,0.0357676,0.0362297,8910459,-0.04804733790001148
1999-04-20,0.0362297,0.0378386,0.0353183,0.0355331,18527400,-0.019227319022790623
1999-04-21,0.0355331,0.0362297,0.0353183,0.0362297,10820815,0.019604256313127788
1999-04-22,0.0362297,0.0362297,0.0343868,0.0346193,62176800,-0.04444971942908715
1999-04-23,0.0343868,0.0346193,0.032785,0.0330168,34555657,-0.04628920862062491
1999-04-26,0.0330168,0.0334779,0.0304884,0.0311834,34202370,-0.05552930629255404
1999-04-27,0.0320983,0.0348559,0.0314141,0.0346193,62072134,0.11018362333805798
1999-04-28,0.0348559,0.0348559,0.0332515,0.0343868,32750106,-0.006715907022961098
1999-04-29,0.0343868,0.0346193,0.0337177,0.0343868,13149726,0.0
1999-04-30,0.0348559,0.0362297,0.0343868,0.0348559,27581884,0.01364186257517419
1999-05-03,0.0353183,0.0353183,0.0341571,0.0350837,9263665,0.00653547892896178
1999-05-04,0.0350837,0.0350837,0.0325554,0.0332515,26194777,-0.052223682222798606
1999-05-05,0.0334779,0.0339333,0.0314141,0.0339333,39501598,0.02050433815015862
1999-05-06,0.0337177,0.0343868,0.0323268,0.0332515,10022556,-0.020092357654575177
1999-05-07,0.0323268,0.0337177,0.0323268,0.0334779,6974053,0.006808715396297682
1999-05-10,0.0332515,0.0341571,0.0332515,0.0334779,5443071,0.0
1999-05-11,0.0348559,0.0362297,0.0341571,0.0353183,47391496,0.05497357958533833
1999-05-12,0.0355331,0.0364567,0.0350837,0.0362297,46004509,0.025805319055560494
1999-05-13,0.0362297,0.037377,0.0362297,0.0362297,19482574,0.0
1999-05-14,0.0362297,0.0362297,0.0339333,0.0343868,8439427,-0.050867106269165796
1999-05-17,0.0339333,0.0359942,0.0337177,0.0359942,10074944,0.046744681098561
1999-05-18,0.0364567,0.0382868,0.0353183,0.0378386,41725822,0.05124158892265984
1999-05-19,0.0394331,0.0408112,0.0355331,0.0359942,123215304,-0.048743875301940465
1999-05-20,0.0362297,0.0362297,0.0318705,0.0332515,48660677,-0.0761983875179888
1999-05-21,0.032785,0.032785,0.0314141,0.0325554,82902487,-0.020934393937115714
1999-05-24,0.032785,0.0334779,0.0318705,0.0323268,44983998,-0.007021876555041384
1999-05-25,0.0325554,0.0330168,0.0323268,0.0325554,35537130,0.007071531979657708
1999-05-26,0.0325554,0.0341571,0.0325554,0.0325554,29151964,0.0
1999-05-27,0.032785,0.032785,0.0323268,0.0323268,22544407,-0.007021876555041384
1999-05-28,0.032785,0.032785,0.0323268,0.0325554,24506962,0.007071531979657708
1999-06-01,0.0325554,0.032785,0.0320983,0.032785,27254737,0.007052593425361131
1999-06-02,0.032785,0.032785,0.0314141,0.0314141,35550119,-0.04181485435412535
1999-06-03,0.0323268,0.0325554,0.0320983,0.0323268,11815237,0.029053832514698952
1999-06-04,0.0325554,0.032785,0.0323268,0.0325554,21837764,0.007071531979657708
1999-06-07,0.032785,0.0334779,0.032785,0.0330168,34163242,0.014172763965425217
1999-06-08,0.0330168,0.0343868,0.0330168,0.0337177,42484934,0.02122858665891325
1999-06-09,0.0339333,0.0350837,0.0339333,0.0343868,26561293,0.019844176797349622
1999-06-10,0.0343868,0.0346193,0.0341571,0.0343868,10218758,0.0
1999-06-11,0.0343868,0.0346193,0.0325554,0.0337177,17153523,-0.01945804785557248
1999-06-14,0.0339333,0.0339333,0.0323268,0.0325554,14641349,-0.03447150902938234
1999-06-15,0.0325554,0.032785,0.0320983,0.0325554,13633828,0.0
1999-06-16,0.0330168,0.0343868,0.0325554,0.0334779,17873296,0.028336312869754243
1999-06-17,0.0332515,0.0337177,0.0325554,0.0325554,20869561,-0.02755549183192496
1999-06-18,0.032785,0.032785,0.0311834,0.0311834,43322272,-0.042143546078377114
1999-06-21,0.0323268,0.0330168,0.0314141,0.0330168,23041608,0.05879410199016144
1999-06-22,0.0330168,0.0330168,0.0316407,0.0323268,52782209,-0.020898451697317633
1999-06-23,0.0320983,0.0330168,0.0316407,0.0330168,58186073,0.021344519098704273
1999-06-24,0.0332515,0.0332515,0.0320983,0.0323268,31402408,-0.020898451697317633
1999-06-25,0.0320983,0.0330168,0.0320983,0.032785,20280803,0.014173998044965774
1999-06-28,0.0337177,0.0337177,0.0325554,0.0332515,30303240,0.01422906817141989
1999-06-29,0.0337177,0.0339333,0.0332515,0.0334779,25488354,0.006808715396297682
1999-06-30,0.0346193,0.0364567,0.0339333,0.0364567,73455518,0.0889781019717486
1999-07-01,0.0364567,0.0364567,0.032785,0.0346193,24650756,-0.05039951504113105
1999-07-02,0.0350837,0.0371475,0.0343868,0.0371475,61928260,0.07302862853957182
1999-07-06,0.0376018,0.0376018,0.0366834,0.037377,54195375,0.006178073894609337
1999-07-07,0.0376018,0.0376018,0.0364567,0.0364567,17310627,-0.024622093801000555
1999-07-08,0.0366834,0.0380583,0.0355331,0.037377,51277517,0.025243645201019183
1999-07-09,0.037377,0.0408112,0.037377,0.0405864,57793568,0.08586563929689395
1999-07-12,0.0428759,0.044251,0.0412705,0.0424127,109725320,0.044997831786016906
1999-07-13,0.0428759,0.0431057,0.0405864,0.0424127,38533405,0.0
1999-07-14,0.0424127,0.04356,0.0405864,0.0408112,38153809,-0.0377599162515001
1999-07-15,0.0412705,0.0424127,0.0410388,0.0410388,37761394,0.005576900458697631
1999-07-16,0.0417307,0.04218,0.0410388,0.0419634,28785648,0.022529898535044834
1999-07-19,0.0419634,0.04218,0.0405864,0.0408112,11959062,-0.02745726037451679
1999-07-20,0.0408112,0.0408112,0.0387442,0.0401271,48909258,-0.016762555376955368
1999-07-21,0.0396677,0.0396677,0.0378386,0.038972,30813680,-0.028786032382105864
1999-07-22,0.0387442,0.0387442,0.0366834,0.0371475,58447763,-0.04681566252694236
1999-07-23,0.036919,0.0382868,0.036919,0.0371475,22400392,0.0
1999-07-26,0.0380583,0.0380583,0.037377,0.037377,16944211,0.006178073894609337
1999-07-27,0.037377,0.0376018,0.0366834,0.037377,27267806,0.0
1999-07-28,0.037377,0.0385123,0.0371475,0.0380583,67227367,0.01822778714182527
1999-07-29,0.037377,0.0385123,0.036919,0.0382868,105983133,0.006003946576699448
1999-07-30,0.0382868,0.0394331,0.0382868,0.0385123,123463804,0.005889758350136276
1999-08-02,0.0385123,0.038972,0.0382868,0.0387442,85623842,0.006021452886480372
1999-08-03,0.0387442,0.0387442,0.0376018,0.0378386,69700342,-0.023373821113869986
1999-08-04,0.0380583,0.0382868,0.0378386,0.0378386,25069580,0.0
1999-08-05,0.0378386,0.0385123,0.037377,0.0385123,65670406,0.01780456993651991
1999-08-06,0.0382868,0.0385123,0.0382868,0.0385123,50400841,0.0
1999-08-09,0.0385123,0.038972,0.0382868,0.0385123,8805863,0.0
1999-08-10,0.0387442,0.0408112,0.0385123,0.0392015,57937612,0.017895581411652817
1999-08-11,0.0398945,0.04218,0.0394331,0.0417307,54038391,0.06451793936456518
1999-08-12,0.0419634,0.0449409,0.0417307,0.0437967,65997474,0.04950791623433104
1999-08-13,0.04356,0.044251,0.0428759,0.0433452,23551798,-0.010308995883251515
1999-08-16,0.0437967,0.0437967,0.0401271,0.0417307,61313183,-0.03724749222520596
1999-08-17,0.0417307,0.0424127,0.0408112,0.0417307,52991642,0.0
1999-08-18,0.0412705,0.0433452,0.0405864,0.0426466,76517411,0.021947870512596168
1999-08-19,0.0458586,0.0541092,0.044251,0.0518125,536759047,0.21492686404074401
1999-08-20,0.0520423,0.0522719,0.0495241,0.0513634,96654000,-0.00866779252110983
1999-08-23,0.0506643,0.0506643,0.0465426,0.0481421,139086747,-0.06271586382521399
1999-08-24,0.0474581,0.0483788,0.0451755,0.0479156,109188831,-0.00470482176722653
1999-08-25,0.0481421,0.0486054,0.0458586,0.0476939,96235336,-0.00462688560719271
1999-08-26,0.0476939,0.0483788,0.0463127,0.0469969,75339676,-0.014614028209058105
1999-08-27,0.0479156,0.0515931,0.0476939,0.0497567,150626995,0.05872302215678049
1999-08-30,0.0504347,0.0515931,0.0474581,0.0495241,43283113,-0.004674747320461359
1999-08-31,0.0497567,0.0538797,0.0488351,0.0536499,215172055,0.08330893443798071
1999-09-01,0.0536499,0.0536499,0.0504347,0.0511337,154682929,-0.04690036700907185
1999-09-02,0.0495241,0.0509039,0.0483788,0.0506643,93016610,-0.00917985594627413
1999-09-03,0.0515931,0.0522719,0.0506643,0.0509039,71244233,0.0047291682703600735
1999-09-07,0.0518125,0.0518125,0.0504347,0.0506643,34594996,-0.004706908507992491
1999-09-08,0.0509039,0.0511337,0.0506643,0.0506643,46671873,0.0
1999-09-09,0.0511337,0.0515931,0.0490628,0.0499754,57571126,-0.013597345665488314
1999-09-10,0.0506643,0.0513634,0.0504347,0.0506643,46292348,0.013784782112799432
1999-09-13,0.0509039,0.0509039,0.0483788,0.0490628,47797060,-0.03161002915267763
1999-09-14,0.0490628,0.0490628,0.0472315,0.0474581,68365653,-0.032707061154275574
1999-09-15,0.0469969,0.0483788,0.0465426,0.0479156,58225371,0.009640082514892123
1999-09-16,0.0472315,0.0476939,0.0460801,0.0467673,43793384,-0.023965055222098908
1999-09-17,0.0463127,0.0467673,0.0449409,0.0465426,47352297,-0.004804639138885403
1999-09-20,0.0458586,0.0463127,0.0449409,0.0449409,62987979,-0.034413633961145385
1999-09-21,0.0440182,0.044251,0.0401271,0.0405864,201433511,-0.09689392068249625
1999-09-22,0.0405864,0.0417307,0.0382868,0.0414991,102738238,0.022487828435140633
1999-09-23,0.0417307,0.0417307,0.0378386,0.0380583,103523227,-0.0829126414789717
1999-09-24,0.0382868,0.0392015,0.0320983,0.0346193,187210845,-0.0903613666401285
1999-09-27,0.036919,0.0376018,0.0346193,0.0366834,117759123,0.059622811553093236
1999-09-28,0.036919,0.0405864,0.0366834,0.0401271,112682387,0.0938762492026366
1999-09-29,0.0410388,0.0424127,0.0362297,0.036919,162494581,-0.07994846375641396
1999-09-30,0.0382868,0.0394331,0.0362297,0.0366834,93631596,-0.00638153796148333
1999-10-01,0.0362297,0.0376018,0.0346193,0.0364567,95123219,-0.006179906987901829
1999-10-04,0.0378386,0.0378386,0.0366834,0.037377,48412137,0.025243645201019183
1999-10-05,0.037377,0.0410388,0.037377,0.0408112,130764895,0.0918800331754821
1999-10-06,0.0410388,0.0476939,0.0405864,0.0458586,411502551,0.12367683381032668
1999-10-07,0.0476939,0.0476939,0.0424127,0.0426466,133211601,-0.07004138809296401
1999-10-08,0.0426466,0.0463127,0.0410388,0.0449409,108822345,0.05379795810216992
1999-10-11,0.0451755,0.0454024,0.0424127,0.0437967,148729838,-0.025460104270274897
1999-10-12,0.0440182,0.0444845,0.0428759,0.0431057,88253992,-0.01577744441932849
1999-10-13,0.0426466,0.0426466,0.0410388,0.0419634,76726583,-0.02649997564127249
1999-10-14,0.0419634,0.0419634,0.0405864,0.0410388,52481271,-0.022033486323796425
1999-10-15,0.038972,0.0410388,0.038972,0.0408112,58107506,-0.0055459711297601855
1999-10-18,0.0410388,0.0410388,0.0385123,0.0387442,59272191,-0.050647861371388214
1999-10-19,0.0398945,0.0398945,0.0364567,0.0371475,84472487,-0.04121132969579966
1999-10-20,0.0378386,0.038972,0.0371475,0.0385123,95541773,0.03674002288175515
1999-10-21,0.0382868,0.0401271,0.037377,0.0401271,104609206,0.041929461496716725
1999-10-22,0.0401271,0.0424127,0.0401271,0.0412705,78715447,0.028494458856981986
1999-10-25,0.0410388,0.0414991,0.0392015,0.0392015,58696423,-0.05013266134405936
1999-10-26,0.0408112,0.0444845,0.0405864,0.0428759,131379962,0.09373110722803979
1999-10-27,0.0433452,0.04356,0.0403518,0.0410388,58814169,-0.042846914000639114
1999-10-28,0.0412705,0.0419634,0.038972,0.0392015,61025404,-0.044769827577804455
1999-10-29,0.0396677,0.0428759,0.0394331,0.04218,90726847,0.0759792354884381
1999-11-01,0.0414991,0.0465426,0.0414991,0.0449409,213340195,0.0654551920341393
1999-11-02,0.0458586,0.0479156,0.0454024,0.0476939,228648999,0.06125823025351074
1999-11-03,0.0497567,0.0536499,0.0492945,0.0525018,548443400,0.10080744078383197
1999-11-04,0.0529609,0.0573246,0.0529609,0.0557067,343974295,0.06104362136155328
1999-11-05,0.0573246,0.0577738,0.0513634,0.0538797,168317038,-0.03279677309910645
1999-11-08,0.0522719,0.0570848,0.0506643,0.0554773,128802330,0.029651241562220987
1999-11-09,0.0554773,0.0557067,0.0525018,0.0547982,74790097,-0.012241042732793472
1999-11-10,0.0547982,0.0550179,0.0531905,0.0541092,39279146,-0.01257340569580745
1999-11-11,0.0541092,0.060989,0.0529609,0.0580132,153557953,0.07215039216990826
1999-11-12,0.0605396,0.0612287,0.0570848,0.0612287,137058464,0.05542704074245175
1999-11-15,0.0616878,0.0635152,0.058932,0.0598507,99074678,-0.022505785685471014
1999-11-17,0.0669402,0.071753,0.0658019,0.0681083,214975762,0.13796998197180654
1999-11-18,0.0696961,0.0701552,0.0678686,0.0683281,64440393,0.003227213129677331
1999-11-19,0.0765857,0.0848433,0.076356,0.081858,590274019,0.19801370153714215
1999-11-22,0.0839146,0.0841545,0.0768152,0.081858,147643729,0.0
1999-11-23,0.0733705,0.0768152,0.0726915,0.0758966,151006450,-0.07282611351364565
1999-11-24,0.075667,0.076356,0.0678686,0.0736001,111465524,-0.030258272439081524
1999-11-26,0.0729113,0.0736001,0.0706147,0.0731409,20254504,-0.0062391219577148105
1999-11-29,0.0729113,0.0738298,0.0687874,0.070385,81554658,-0.03767932852890776
1999-11-30,0.0706147,0.0719926,0.066251,0.066251,86186591,-0.05873410527811318
1999-12-01,0.066251,0.070385,0.066251,0.0694663,61352401,0.04853209762871491
1999-12-02,0.0696961,0.075667,0.0696961,0.0747485,84878171,0.07603974877026709
1999-12-03,0.0754375,0.0765857,0.0719926,0.0729113,93736362,-0.024578419633838777
1999-12-06,0.0731409,0.0751977,0.0731409,0.074978,48843920,0.028345400507191698
1999-12-07,0.0754375,0.075667,0.0694663,0.0724518,51421512,-0.03369254981461234
1999-12-08,0.072232,0.076356,0.0719926,0.075667,54993535,0.044377089320072116
1999-12-09,0.0754375,0.0772747,0.0706147,0.0733705,59167375,-0.03035008656349525
1999-12-10,0.0747485,0.074978,0.071074,0.0724518,27149950,-0.012521381209069204
1999-12-13,0.071753,0.0740594,0.0706147,0.072232,50335373,-0.0030337410526721786
1999-12-14,0.0724518,0.0740594,0.070385,0.071074,74698591,-0.016031675711596027
1999-12-15,0.0706147,0.0708444,0.0671698,0.0687874,56812185,-0.03217210231589607
1999-12-16,0.0692365,0.0701552,0.0681083,0.0683281,36596969,-0.00667709493308366
1999-12-17,0.0701552,0.0729113,0.0699257,0.0719926,71885398,0.0536309366131944
1999-12-20,0.0719926,0.0793316,0.0694663,0.0779734,110313967,0.08307520495161991
1999-12-21,0.0779734,0.0813986,0.074978,0.0811689,106532772,0.04098192460505756
1999-12-22,0.0813986,0.0841545,0.078423,0.0832259,68718950,0.025342218509798675
1999-12-23,0.0832259,0.0887275,0.0830161,0.0887275,76661075,0.06610442182061105
1999-12-27,0.0905548,0.0905548,0.0843841,0.0853027,55307533,-0.03859908145727087
1999-12-28,0.0853027,0.0882682,0.0848433,0.0850629,49092541,-0.00281116541445936
1999-12-29,0.0848433,0.0887275,0.0848433,0.087819,36413646,0.03240072934263938
1999-12-30,0.087819,0.089187,0.0864409,0.0887275,38193138,0.010345141711930239
1999-12-31,0.0884978,0.0898759,0.0880387,0.0896361,35105266,0.010240342622073184
2000-01-03,0.0903253,0.091014,0.0843841,0.0894165,82535971,-0.0024499057857270135
2000-01-04,0.087819,0.0880387,0.0825467,0.0871299,82352798,-0.025572461458455598
2000-01-05,0.0846137,0.0859816,0.0830161,0.0841545,51526148,-0.034149011992438916
2000-01-06,0.0841545,0.0841545,0.0754375,0.0786527,32920079,-0.06537737138239774
2000-01-07,0.078423,0.0809392,0.0772747,0.0800206,20018913,0.017391647076324013
2000-01-10,0.0802502,0.0859816,0.0788823,0.0825467,66102030,0.031568121208788824
2000-01-11,0.0820874,0.0832259,0.0793316,0.0793316,41006340,-0.03894886167466416
2000-01-12,0.0793316,0.0793316,0.0761264,0.0772747,34228620,-0.025927877415809042
2000-01-13,0.0772747,0.0811689,0.0761264,0.08048,36426715,0.04147929399920014
2000-01-14,0.0816381,0.0873596,0.0813986,0.0839146,165490686,0.04267644135188875
2000-01-18,0.0850629,0.087819,0.0811689,0.0875893,71702195,0.043790949369954646
2000-01-19,0.087819,0.087819,0.0859816,0.0866707,45114763,-0.010487582387346261
2000-01-20,0.0873596,0.0921724,0.0857421,0.0864409,49249605,-0.002651415068760321
2000-01-21,0.0862015,0.0866707,0.0834654,0.0855225,148651220,-0.010624600160340725
2000-01-24,0.0882682,0.0882682,0.0811689,0.0816381,70433064,-0.045419626414101466
2000-01-25,0.0820874,0.0830161,0.078423,0.0809392,64937564,-0.008560953770359703
2000-01-26,0.0809392,0.0832259,0.0761264,0.077734,63681442,-0.039600094886037995
2000-01-27,0.0781833,0.0781833,0.0706147,0.0736001,125243426,-0.053180075642575875
2000-01-28,0.0726915,0.0731409,0.0685576,0.0715432,53384126,-0.027946972898134637
2000-01-31,0.071753,0.0733705,0.0669402,0.0708444,49720557,-0.009767525075758399
2000-02-01,0.0708444,0.0731409,0.0683281,0.0724518,25619199,0.022689161034605387
2000-02-02,0.0729113,0.0758966,0.0724518,0.0745187,40665993,0.028527931673195006
2000-02-03,0.0768152,0.078423,0.0751977,0.075667,29910825,0.015409554917088064
2000-02-04,0.0781833,0.0781833,0.0758966,0.0775044,34280937,0.024282712410958585
2000-02-07,0.0779734,0.0779734,0.0726915,0.0726915,59507632,-0.062098409896728324
2000-02-08,0.0745187,0.0788823,0.0726915,0.0761264,128291980,0.04725311762723283
2000-02-09,0.0791219,0.08048,0.0779734,0.0781833,161094404,0.027019535929716954
2000-02-10,0.0830161,0.0956073,0.0830161,0.0940097,264513166,0.202426860979263
2000-02-11,0.0988226,0.0988226,0.0887275,0.0956073,115730980,0.01699399104560495
2000-02-14,0.095837,0.110746,0.0949185,0.110746,177541615,0.15834251150278256
2000-02-15,0.110976,0.111203,0.102038,0.106611,123424526,-0.03733769165477763
2000-02-16,0.10777,0.1151,0.106611,0.111432,278225431,0.045220474435095914
2000-02-17,0.111203,0.116005,0.109596,0.115328,146505353,0.03496302677866314
2000-02-18,0.113731,0.130455,0.112801,0.128628,262053230,0.11532325194228621
2000-02-22,0.124724,0.126332,0.120381,0.125184,147892360,-0.02677488571695119
2000-02-23,0.123804,0.12726,0.122218,0.125873,139793119,0.005503898261758788
2000-02-24,0.126561,0.127479,0.119451,0.124724,67266645,-0.009128248313776677
2000-02-25,0.124724,0.124724,0.111662,0.116935,76033110,-0.0624498893556974
2000-02-28,0.116245,0.117624,0.114181,0.116005,141821242,-0.00795313635780559
2000-02-29,0.115328,0.123804,0.115328,0.122218,83988465,0.0535580362915391
2000-03-01,0.122218,0.122218,0.116705,0.118764,105224272,-0.028260976288271733
2000-03-02,0.119681,0.119681,0.110286,0.110746,52664394,-0.06751204068572969
2000-03-03,0.110746,0.113731,0.109826,0.112582,74620004,0.01657847687501124
2000-03-06,0.113261,0.121758,0.110746,0.111662,117798381,-0.008171821427937043
2000-03-07,0.143305,0.166691,0.137127,0.159113,532676804,0.4249520875499275
2000-03-08,0.159113,0.161869,0.14765,0.16049,182526514,0.008654226870211668
2000-03-09,0.162318,0.206332,0.161869,0.191693,260155983,0.1944233285562964
2000-03-10,0.201538,0.276976,0.200162,0.225382,589305826,0.17574454987923405
2000-03-13,0.204515,0.286661,0.202447,0.285325,658469649,0.26596178931769177
2000-03-14,0.283698,0.283698,0.206332,0.210464,427818837,-0.2623709804608779
2000-03-15,0.225382,0.231335,0.1949,0.201768,271709511,-0.04131823019613812
2000-03-16,0.20817,0.215518,0.177016,0.179991,204796222,-0.1079308909242298
2000-03-17,0.17586,0.204515,0.17586,0.190775,152131587,0.05991410681645193
2000-03-20,0.198324,0.204744,0.184585,0.190775,99650526,0.0
2000-03-21,0.191005,0.192843,0.166222,0.181369,146871819,-0.04930415410824274
2000-03-22,0.182746,0.188259,0.179532,0.182516,62883313,0.006324123747718735
2000-03-23,0.180911,0.19583,0.180451,0.185733,84681829,0.01762585198010047
2000-03-24,0.184585,0.193072,0.171964,0.178154,63315126,-0.040805888022053205
2000-03-27,0.177695,0.183445,0.164844,0.166222,106048671,-0.06697576254251936
2000-03-28,0.16049,0.162318,0.150865,0.153829,107906670,-0.07455691785684215
2000-03-29,0.154528,0.158194,0.137567,0.143765,128553539,-0.06542329469735864
2000-03-30,0.139412,0.156127,0.13459,0.142846,98943813,-0.006392376447675097
2000-03-31,0.152692,0.167828,0.149947,0.16141,262956166,0.12995813673466539
2000-04-03,0.16004,0.16049,0.144683,0.14881,90491326,-0.07806207793816988
2000-04-04,0.156586,0.159343,0.108907,0.143305,140080908,-0.036993481620858915
2000-04-05,0.144683,0.186423,0.137357,0.17517,174532110,0.22235790795855004
2000-04-06,0.183445,0.192613,0.17448,0.183445,110497211,0.04723982417080563
2000-04-07,0.192613,0.200631,0.184345,0.196049,87115505,0.0687072419526289
2000-04-10,0.199243,0.210924,0.17494,0.178614,108011136,-0.08893184867048542
2000-04-11,0.166222,0.181598,0.152922,0.168058,124981807,-0.05909951067665453
2000-04-12,0.168288,0.171964,0.149947,0.150625,85663251,-0.10373204488926446
2000-04-13,0.151784,0.157046,0.141698,0.144223,85597774,-0.04250290456431549
2000-04-14,0.135048,0.145373,0.125184,0.131383,115678702,-0.08902879568446076
2000-04-17,0.120381,0.143305,0.120381,0.138266,80364054,0.05238881742691226
2000-04-18,0.152004,0.171514,0.14765,0.162548,130516355,0.17561801165868696
2000-04-19,0.167828,0.170124,0.152922,0.154758,76608838,-0.047924305435932735
2000-04-20,0.159113,0.162098,0.152004,0.154069,42013852,-0.004452112330218805
2000-04-24,0.145133,0.151555,0.138723,0.14651,56812185,-0.04906243306570435
2000-04-25,0.152922,0.16713,0.152692,0.162318,68077904,0.10789707187222697
2000-04-26,0.173801,0.177695,0.16049,0.16072,69961942,-0.009844872410946337
2000-04-27,0.149947,0.17563,0.149029,0.173801,76988243,0.0813899950223993
2000-04-28,0.176556,0.183445,0.170354,0.170354,49026993,-0.01983302742792048
2000-05-01,0.176796,0.180451,0.171514,0.17586,33194889,0.03232093170691619
2000-05-02,0.17586,0.185963,0.164165,0.168988,64335797,-0.03907653815535084
2000-05-03,0.167828,0.173332,0.152922,0.166222,90164219,-0.01636802613203303
2000-05-04,0.165763,0.1754,0.164394,0.168288,65931976,0.012429161001552114
2000-05-05,0.16759,0.179991,0.165303,0.176099,46894325,0.04641447993915193
2000-05-08,0.171514,0.177695,0.169437,0.169676,50884992,-0.03647380166837977
2000-05-09,0.172424,0.173801,0.162318,0.16713,48817741,-0.015005068483462503
2000-05-10,0.165533,0.165533,0.149259,0.150625,74790097,-0.09875545982169565
2000-05-11,0.152922,0.1598,0.150865,0.157046,67201188,0.04262904564315351
2000-05-12,0.16141,0.170124,0.152452,0.152452,51290677,-0.02925257567846351
2000-05-15,0.151555,0.165533,0.144223,0.162788,77459425,0.06779838900112822
2000-05-16,0.170124,0.184805,0.168058,0.179532,100134427,0.10285770449910325
2000-05-17,0.189167,0.218954,0.189167,0.211154,352466221,0.17613573067753951
2000-05-18,0.212303,0.215738,0.19559,0.196737,139165244,-0.06827718158311002
2000-05-19,0.191005,0.201538,0.189626,0.19513,142501536,-0.008168265247513129
2000-05-22,0.193072,0.20771,0.17586,0.20771,141520233,0.06446984061907446
2000-05-23,0.202447,0.225382,0.199243,0.206112,212371962,-0.007693418708776711
2000-05-24,0.205882,0.209328,0.176328,0.203376,201682091,-0.01327433628318575
2000-05-25,0.206332,0.218734,0.198114,0.200631,155585865,-0.013497167807410837
2000-05-26,0.201538,0.207261,0.189167,0.201538,50165279,0.004520737074529713
2000-05-30,0.207021,0.215278,0.206112,0.210008,82967864,0.042026813801863794
2000-05-31,0.209328,0.22171,0.209328,0.218034,128592918,0.03821759171079209
2000-06-01,0.224465,0.226532,0.218504,0.224237,114422681,0.02844969133254449
2000-06-02,0.228837,0.254,0.228837,0.251305,161696401,0.12071156856361798
2000-06-05,0.251075,0.269427,0.240969,0.256786,134441574,0.021810151011718792
2000-06-06,0.257754,0.26731,0.242569,0.244017,102685839,-0.04972623118082764
2000-06-07,0.242089,0.244265,0.229526,0.233202,90766126,-0.044320682575394454
2000-06-08,0.239163,0.239383,0.225382,0.23503,126303266,0.007838697781322512
2000-06-09,0.239383,0.252253,0.23564,0.241589,127637935,0.027907075692464867
2000-06-12,0.242569,0.244684,0.229716,0.23503,103719670,-0.027149414915414227
2000-06-13,0.228617,0.242569,0.227449,0.242569,122299469,0.032076756158788244
2000-06-14,0.247161,0.248309,0.239163,0.242319,75208901,-0.0010306345823249963
2000-06-15,0.241589,0.248559,0.228617,0.248559,92689502,0.025751179230683485
2000-06-16,0.247841,0.286661,0.247581,0.286212,269864582,0.1514851604649199
2000-06-19,0.285534,0.327121,0.278375,0.303957,286952647,0.06199949687644102
2000-06-20,0.3093,0.312932,0.296249,0.299872,166458939,-0.013439400967899862
2000-06-21,0.295299,0.336437,0.295299,0.330417,167688902,0.10186012698751457
2000-06-22,0.328949,0.335957,0.3093,0.312513,168199262,-0.05418607396108566
2000-06-23,0.303957,0.307882,0.28277,0.283009,165961878,-0.09440887259090014
2000-06-26,0.288438,0.318904,0.284157,0.317057,169141487,0.12030712804186416
2000-06-27,0.31434,0.319604,0.263896,0.272154,330301269,-0.1416243766893649
2000-06-28,0.278175,0.288438,0.254,0.2618,320121598,-0.03804463649257417
2000-06-29,0.257285,0.257285,0.219654,0.223997,646484408,-0.144396485867074
2000-06-30,0.23457,0.246932,0.223089,0.242819,659843437,0.08402791108809504
2000-07-03,0.244684,0.252253,0.231095,0.233671,127546148,-0.03767415235216365
2000-07-05,0.232743,0.233202,0.201538,0.2084,424220524,-0.10814778042632589
2000-07-06,0.20887,0.228837,0.203835,0.22125,329725521,0.061660268714011535
2000-07-07,0.229306,0.233202,0.217814,0.222399,189238877,0.005193220338983062
2000-07-10,0.218504,0.239383,0.216427,0.2339,191764120,0.05171336202051258
2000-07-11,0.230635,0.264565,0.228138,0.252673,412300740,0.08026079521162877
2000-07-12,0.263227,0.273023,0.25494,0.259803,212149600,0.028218290042861804
2000-07-13,0.265295,0.285764,0.264815,0.284397,250198784,0.0946640339026108
2000-07-14,0.290077,0.295299,0.275119,0.28204,153309172,-0.008287710489210509
2000-07-17,0.286461,0.286661,0.278175,0.279014,58264510,-0.010728974613530062
2000-07-18,0.263716,0.286661,0.263716,0.273473,100526962,-0.019859218533836875
2000-07-19,0.263716,0.265495,0.250605,0.256086,104020569,-0.06357848855280057
2000-07-20,0.255859,0.269427,0.25516,0.262998,78388310,0.026990932733534923
2000-07-21,0.263716,0.271226,0.259803,0.266413,138065825,0.012984889618932405
2000-07-24,0.266633,0.268488,0.233202,0.243787,153348541,-0.08492828803399233
2000-07-25,0.247361,0.249258,0.23413,0.23457,183324653,-0.03780759433439851
2000-07-26,0.23457,0.23457,0.210684,0.217115,207465420,-0.07441275525429514
2000-07-27,0.210237,0.212992,0.198784,0.201538,180864838,-0.07174538838864197
2000-07-28,0.202447,0.22148,0.191005,0.206332,279939586,0.02378707737498642
2000-07-31,0.217814,0.229716,0.206332,0.229306,202885895,0.11134482290677172
2000-08-01,0.229306,0.231095,0.223089,0.224694,191214642,-0.020112862288819366
2000-08-02,0.22171,0.232983,0.218034,0.229306,189003356,0.02052569271987692
2000-08-03,0.206332,0.244684,0.206332,0.239383,201433511,0.043945644684395546
2000-08-04,0.245183,0.248309,0.239851,0.243787,106310211,0.01839729638278409
2000-08-07,0.245383,0.264815,0.244465,0.262748,135279012,0.0777769118123608
2000-08-08,0.257036,0.271226,0.256086,0.257036,70119016,-0.021739461385053338
2000-08-09,0.260233,0.262029,0.245843,0.249258,74842465,-0.030260352635428367
2000-08-10,0.243787,0.258014,0.238903,0.252253,85414541,0.012015662486259293
2000-08-11,0.252673,0.2545,0.23457,0.246263,72644249,-0.023746001038639775
2000-08-14,0.249258,0.251774,0.240769,0.248559,59376757,0.009323365670035555
2000-08-15,0.249957,0.276976,0.249258,0.272154,242230459,0.09492716015111102
2000-08-16,0.286841,0.286841,0.270557,0.279014,145825079,0.025206317011691848
2000-08-17,0.275119,0.285764,0.27418,0.284397,70838628,0.019292938705584683
2000-08-18,0.283009,0.297615,0.28251,0.294172,111832010,0.034370967344943715
2000-08-21,0.304884,0.310227,0.298065,0.298763,253613884,0.01560651591585871
2000-08-22,0.283258,0.289608,0.268008,0.270557,359597108,-0.09440928093505563
2000-08-23,0.266413,0.286841,0.260632,0.286461,192339788,0.05878243771183156
2000-08-24,0.284857,0.296969,0.279512,0.293953,181767853,0.026153647442409333
2000-08-25,0.291034,0.297168,0.285325,0.286661,84001455,-0.024806686783261367
2000-08-28,0.287978,0.301939,0.284857,0.298065,103811147,0.03978218174080195
2000-08-29,0.299162,0.299872,0.294172,0.297397,81620046,-0.0022411219029406793
2000-08-30,0.293953,0.303957,0.291034,0.299872,97229829,0.008322209033715833
2000-08-31,0.304435,0.315287,0.298543,0.303287,212044834,0.01138819229537913
2000-09-01,0.309548,0.312513,0.300321,0.303737,111334679,0.0014837431212020302
2000-09-05,0.310895,0.311124,0.302189,0.304217,134598648,0.0015803145484416525
2000-09-06,0.305314,0.305314,0.280911,0.283258,126119903,-0.06889490067944926
2000-09-07,0.287509,0.298962,0.275597,0.298543,131379962,0.05396140620918022
2000-09-08,0.29507,0.301939,0.279972,0.280911,121946173,-0.059060168886893916
2000-09-11,0.277196,0.279014,0.258854,0.269427,155952271,-0.04088127556414667
2000-09-12,0.269607,0.283698,0.263716,0.267758,69046147,-0.0061946278583810965
2000-09-13,0.267062,0.272154,0.261331,0.26751,131563125,-0.0009262094876716365
2000-09-14,0.268957,0.280911,0.2618,0.265065,118046932,-0.009139845239430455
2000-09-15,0.263716,0.27465,0.2618,0.270756,132308806,0.02147020542131184
2000-09-18,0.271456,0.273223,0.252253,0.25516,89222185,-0.05760167826382423
2000-09-19,0.243289,0.263716,0.240769,0.262998,164496444,0.03071798087474531
2000-09-20,0.255859,0.260632,0.250406,0.25425,124667528,-0.03326261036205613
2000-09-21,0.256336,0.270986,0.256086,0.265295,189461319,0.043441494591937246
2000-09-22,0.239163,0.273223,0.238903,0.269857,211390679,0.017195951676435728
2000-09-25,0.278175,0.293253,0.276017,0.289358,255511161,0.0722641991869768
2000-09-26,0.292373,0.299422,0.279014,0.296249,184332225,0.0238147899833423
2000-09-27,0.293733,0.326203,0.293733,0.312513,369148632,0.054899763374728794
2000-09-28,0.309548,0.323936,0.301939,0.32192,182055642,0.030101147792251925
2000-09-29,0.312932,0.324884,0.307632,0.312932,204403637,-0.027919980119284316
2000-10-02,0.317057,0.329449,0.297615,0.305314,186347148,-0.02434394692776709
2000-10-03,0.307233,0.309548,0.286661,0.288908,163776702,-0.053734843472621585
2000-10-04,0.28137,0.290556,0.277415,0.285764,229342322,-0.0108823570133052
2000-10-05,0.287758,0.287758,0.273023,0.279014,286808773,-0.02362088996514622
2000-10-06,0.279712,0.28161,0.257754,0.261581,560729590,-0.06248073573369073
2000-10-09,0.25494,0.271226,0.236837,0.26731,362828844,0.02190143779555842
2000-10-10,0.256086,0.268957,0.244684,0.246932,226987293,-0.07623358647263467
2000-10-11,0.231795,0.262748,0.222629,0.249258,292277974,0.009419597298041538
2000-10-12,0.2545,0.269427,0.236837,0.239383,219202020,-0.03961758499225698
2000-10-13,0.240969,0.256086,0.238534,0.248788,315829892,0.03928850419620433
2000-10-16,0.248788,0.248788,0.237565,0.243289,185182682,-0.022103156100776622
2000-10-17,0.242089,0.243289,0.222859,0.225382,252567084,-0.07360382097012197
2000-10-18,0.210924,0.2348,0.20085,0.221939,227850820,-0.01527628648250523
2000-10-19,0.23611,0.246512,0.232743,0.243289,161408452,0.09619760384610188
2000-10-20,0.237565,0.272154,0.23586,0.265934,211482136,0.09307860199186968
2000-10-23,0.268228,0.269857,0.251774,0.260033,99925125,-0.022189716245384128
2000-10-24,0.258854,0.263227,0.250855,0.251774,106349459,-0.03176135336668817
2000-10-25,0.244944,0.248309,0.228138,0.229716,210631708,-0.08761031718922518
2000-10-26,0.231095,0.248309,0.214819,0.239592,145445573,0.04299221647599638
2000-10-27,0.239851,0.245843,0.225382,0.23413,115678702,-0.022797088383585407
2000-10-30,0.230146,0.23541,0.217354,0.217574,104779389,-0.07071285183445097
2000-10-31,0.226062,0.241119,0.219194,0.237565,163658926,0.0918813828858227
2000-11-01,0.231795,0.240769,0.223549,0.237565,166681501,0.0
2000-11-02,0.245843,0.2618,0.241589,0.25564,105433584,0.07608444004798676
2000-11-03,0.252253,0.276976,0.250406,0.272154,147133419,0.06459865435769063
2000-11-06,0.278844,0.305554,0.276976,0.293253,346656613,0.0775259595670097
2000-11-07,0.288438,0.288438,0.263716,0.273473,141232485,-0.06745029036361083
2000-11-08,0.276496,0.276496,0.261331,0.265295,102685839,-0.029904231862012076
2000-11-09,0.249258,0.2618,0.226062,0.237565,307927045,-0.10452515124672535
2000-11-10,0.245843,0.258014,0.218734,0.224694,439385344,-0.054178856313009005
2000-11-13,0.213451,0.250406,0.206332,0.225612,289595836,0.0040855563566450925
2000-11-14,0.240769,0.268957,0.238903,0.267062,256741084,0.18372249703029997
2000-11-15,0.262278,0.270557,0.251554,0.263477,231527429,-0.013423849143644584
2000-11-16,0.256086,0.262748,0.244684,0.246932,128514381,-0.06279485495887682
2000-11-17,0.248788,0.261581,0.23413,0.242089,97831705,-0.019612686893557774
2000-11-20,0.233202,0.233442,0.22102,0.223549,163227233,-0.07658340527657181
2000-11-21,0.233202,0.23503,0.20771,0.219194,208813088,-0.019481187569615588
2000-11-22,0.210237,0.216885,0.198784,0.20771,223925520,-0.05239194503499178
2000-11-24,0.210237,0.227909,0.210237,0.219654,90569903,0.05750324972317156
2000-11-27,0.23541,0.236837,0.203605,0.212303,198816671,-0.0334662696786765
2000-11-28,0.215518,0.217814,0.191693,0.196508,208669013,-0.07439838344253258
2000-11-29,0.199473,0.199703,0.169676,0.184345,347088496,-0.06189569890284352
2000-11-30,0.168748,0.168748,0.138963,0.154758,535175788,-0.1604979793322303
2000-12-01,0.164394,0.186423,0.163476,0.170124,427975821,0.09929050517582283
2000-12-04,0.171044,0.176796,0.159582,0.172643,259004587,0.014806846770590854
2000-12-05,0.184805,0.191693,0.16759,0.183895,544047078,0.06517495641294468
2000-12-06,0.180221,0.185265,0.156586,0.157496,518584853,-0.14355474591478834
2000-12-07,0.149947,0.163007,0.141928,0.154758,428185132,-0.01738456849697767
2000-12-08,0.170814,0.191005,0.154758,0.190085,465684947,0.2282725287222631
2000-12-11,0.183895,0.19399,0.179073,0.190085,413543733,0.0
2000-12-12,0.185265,0.188708,0.178614,0.184805,223716128,-0.027777047110503217
2000-12-13,0.184115,0.187331,0.16713,0.170574,368245736,-0.0770054922756419
2000-12-14,0.169437,0.170814,0.154758,0.158883,310282085,-0.06853916775123992
2000-12-15,0.14881,0.158194,0.142377,0.143075,596672254,-0.09949459665288285
2000-12-18,0.149029,0.152922,0.145833,0.14765,359597108,0.031976236239734446
2000-12-19,0.149947,0.163476,0.133681,0.136667,516033390,-0.07438537080934637
2000-12-20,0.129777,0.14857,0.1151,0.121758,603070520,-0.1090899778293224
2000-12-21,0.120141,0.136667,0.105013,0.106611,460961448,-0.12440250332627023
2000-12-22,0.1151,0.146063,0.1151,0.133901,517747375,0.2559773381733592
2000-12-26,0.135748,0.137127,0.119921,0.128628,187642578,-0.03937984032979591
2000-12-27,0.12702,0.142377,0.121758,0.137127,185391994,0.06607426065864352
2000-12-28,0.131613,0.141478,0.129547,0.137807,229054523,0.00495890670692134
2000-12-29,0.137567,0.142158,0.122218,0.125184,270191709,-0.091599120509118
2001-01-02,0.126112,0.127709,0.113951,0.114411,158673867,-0.08605732361963181
2001-01-03,0.110746,0.150625,0.108,0.149489,496550936,0.30659639370340286
2001-01-04,0.14697,0.170574,0.142846,0.166691,445129384,0.11507201198750416
2001-01-05,0.165303,0.165993,0.138504,0.141698,236172411,-0.14993610932803825
2001-01-08,0.137807,0.16141,0.137807,0.155218,312859836,0.09541419074369428
2001-01-09,0.157276,0.16141,0.149717,0.158423,165294544,0.02064837840972067
2001-01-10,0.150166,0.170124,0.14674,0.169437,214753371,0.06952273344148252
2001-01-11,0.165303,0.190545,0.162318,0.183445,244428755,0.08267379616022463
2001-01-12,0.186651,0.197885,0.177695,0.179532,365275670,-0.021330644062253046
2001-01-16,0.180451,0.180451,0.162548,0.165533,226908625,-0.07797495711071001
2001-01-17,0.178154,0.183445,0.170814,0.171514,323732930,0.036131768287894106
2001-01-18,0.171514,0.209328,0.16759,0.204285,516975564,0.19106895063959795
2001-01-19,0.210237,0.217814,0.19583,0.199014,555718342,-0.025802188119538827
2001-01-22,0.193072,0.200631,0.185504,0.191005,206196128,-0.0402433999618117
2001-01-23,0.188708,0.21392,0.1878,0.210008,236905213,0.09948954215858219
2001-01-24,0.210008,0.212074,0.196967,0.209328,246430458,-0.003237971886785318
2001-01-25,0.201998,0.202447,0.183895,0.188259,240137009,-0.10065065351983482
2001-01-26,0.177695,0.196508,0.176328,0.19422,141350250,0.03166382483705954
2001-01-29,0.188259,0.19537,0.181598,0.19513,193504404,0.0046854082998661895
2001-01-30,0.198324,0.203605,0.19444,0.199473,133277039,0.02225695690052798
2001-01-31,0.199703,0.207261,0.193072,0.197415,195584714,-0.010317185784542326
2001-02-01,0.197415,0.199703,0.188708,0.198324,203422264,0.0046045133348529
2001-02-02,0.198554,0.203156,0.177695,0.179073,175147047,-0.0970684334724995
2001-02-05,0.178853,0.180221,0.168288,0.178853,200517636,-0.0012285492508641305
2001-02-06,0.17563,0.183445,0.17517,0.179752,136796724,0.005026474255394042
2001-02-07,0.178614,0.180221,0.161869,0.171514,392857254,-0.04582980996038988
2001-02-08,0.172424,0.182276,0.169885,0.170574,209598178,-0.0054806021665869675
2001-02-09,0.168988,0.170354,0.163007,0.169437,141664218,-0.0066657286573569285
2001-02-12,0.16737,0.169437,0.156586,0.164844,193648238,-0.02710742045716119
2001-02-13,0.167828,0.177695,0.165993,0.169885,255654895,0.030580427555749745
2001-02-14,0.16759,0.187331,0.16049,0.182276,377300220,0.07293757541866541
2001-02-15,0.207261,0.219194,0.205882,0.215738,604993886,0.18357874871074653
2001-02-16,0.204744,0.233202,0.204515,0.227449,589803027,0.054283436390436535
2001-02-20,0.22171,0.226292,0.204515,0.204744,382494661,-0.09982457605880879
2001-02-21,0.196967,0.222629,0.1949,0.21392,352740910,0.044816942132614335
2001-02-22,0.212763,0.229306,0.206332,0.223089,445011699,0.042861817501870014
2001-02-23,0.221939,0.225382,0.200631,0.20771,564157659,-0.0689366127419998
2001-02-26,0.201538,0.207261,0.19422,0.203156,410076395,-0.02192479899860389
2001-02-27,0.198114,0.205882,0.189626,0.190775,291349149,-0.06094331449723367
2001-02-28,0.189397,0.200631,0.16713,0.170814,427962681,-0.10463110994627178
2001-03-01,0.168748,0.187331,0.152922,0.184345,499272342,0.07921481845750367
2001-03-02,0.171044,0.183206,0.164394,0.166451,771322100,-0.09706799750467887
2001-03-05,0.16004,0.172424,0.159113,0.168058,404895134,0.009654492913830692
2001-03-06,0.176796,0.190315,0.173801,0.184345,455400611,0.0969129705220817
2001-03-07,0.188478,0.199703,0.185045,0.199243,512225906,0.0808158615639154
2001-03-08,0.19353,0.20794,0.19353,0.205882,452561320,0.03332112044086877
2001-03-09,0.19513,0.196049,0.173332,0.191235,664095924,-0.07114269338747448
2001-03-12,0.184805,0.19353,0.176328,0.184345,415925152,-0.03602896959238622
2001-03-13,0.186871,0.209328,0.185963,0.206332,590797479,0.1192709322194796
2001-03-14,0.196967,0.218734,0.196967,0.218034,737329071,0.05671442141790917
2001-03-15,0.231335,0.243548,0.223089,0.228837,1023234909,0.04954731830815384
2001-03-16,0.225163,0.23413,0.218504,0.227909,668322182,-0.004055288261950674
2001-03-19,0.226751,0.242569,0.21437,0.240969,514803538,0.05730357291726085
2001-03-20,0.238285,0.253072,0.215968,0.218504,1085516446,-0.09322775958733276
2001-03-21,0.218954,0.241119,0.217814,0.2348,1023666893,0.07457987039138869
2001-03-22,0.236837,0.259354,0.23503,0.258454,925887425,0.10074105621805796
2001-03-23,0.263227,0.268008,0.243289,0.256086,823070690,-0.009162171991921375
2001-03-26,0.256086,0.271226,0.256086,0.269857,841859781,0.05377490374327398
2001-03-27,0.264565,0.273922,0.248788,0.260033,928150968,-0.03640446606906622
2001-03-28,0.252932,0.267062,0.252253,0.260233,781541089,0.000769133148484924
2001-03-29,0.258014,0.273223,0.252673,0.264115,890559757,0.014917400944538084
2001-03-30,0.262278,0.26731,0.246512,0.248059,776621248,-0.06079170058497241
2001-04-02,0.247361,0.253332,0.23457,0.237565,689845979,-0.042304451763491735
2001-04-03,0.23413,0.252033,0.2339,0.245613,1086406212,0.03387704417738302
2001-04-04,0.23611,0.236588,0.205652,0.220342,1833182002,-0.10288950503434258
2001-04-05,0.2348,0.244465,0.228378,0.240519,940790495,0.0915712846393335
2001-04-06,0.237565,0.252253,0.233442,0.239592,844385024,-0.0038541653673930254
2001-04-09,0.244265,0.250206,0.224237,0.227909,598150848,-0.04876206217235968
2001-04-10,0.233442,0.256786,0.231095,0.249508,646811486,0.09477028112097385
2001-04-11,0.264815,0.27442,0.257285,0.264335,777903498,0.05942494829825096
2001-04-12,0.259584,0.279972,0.2545,0.268488,785204629,0.015711124141714272
2001-04-16,0.263716,0.269207,0.257036,0.2618,416579337,-0.024909865617830373
2001-04-17,0.258014,0.276746,0.258014,0.27465,606485439,0.049083269671505114
2001-04-18,0.286461,0.322559,0.286461,0.295299,1254932592,0.07518296013107584
2001-04-19,0.296969,0.325804,0.295529,0.320524,889879413,0.08542189441887715
2001-04-20,0.316607,0.343868,0.308352,0.332286,967063919,0.036696160037938075
2001-04-23,0.325134,0.325334,0.311364,0.314788,675479268,-0.05265945601078592
2001-04-24,0.313891,0.337537,0.287509,0.292553,996765543,-0.0706348399557798
2001-04-25,0.293253,0.316407,0.292133,0.305784,776189464,0.04522599323883192
2001-04-26,0.312513,0.312513,0.279014,0.28179,810143385,-0.07846715328467158
2001-04-27,0.292803,0.303057,0.287061,0.301939,499206994,0.07150360197310057
2001-04-30,0.310227,0.336177,0.303487,0.318186,863174215,0.05380888192648192
2001-05-01,0.319384,0.348989,0.31434,0.348089,1018053538,0.09397962198211096
2001-05-02,0.356977,0.356977,0.335508,0.339953,843822476,-0.0233733326821588
2001-05-03,0.329669,0.339953,0.327591,0.338653,523648539,-0.0038240580315515027
2001-05-04,0.328469,0.348759,0.327121,0.343198,519840925,0.013420817178646072
2001-05-07,0.34183,0.361122,0.338004,0.358643,531878494,0.04500317600918424
2001-05-08,0.363917,0.364117,0.329669,0.332745,883271816,-0.07221108456041236
2001-05-09,0.32217,0.328949,0.314788,0.317057,719115588,-0.04714721483418238
2001-05-10,0.326203,0.330168,0.302589,0.306514,544583558,-0.033252695887490136
2001-05-11,0.305554,0.307632,0.292553,0.298543,502229599,-0.02600533743972544
2001-05-14,0.299422,0.304655,0.288678,0.30102,382952674,0.008296962246644668
2001-05-15,0.303737,0.324884,0.300321,0.312063,677441913,0.036685270081721955
2001-05-16,0.304655,0.328469,0.302838,0.326691,521790470,0.04687515021005373
2001-05-17,0.327591,0.34203,0.322559,0.332515,501051894,0.017827243480842636
2001-05-18,0.331346,0.339953,0.323238,0.329669,313932785,-0.008559012375381592
2001-05-21,0.328949,0.351515,0.322369,0.344567,580447805,0.04519078226948858
2001-05-22,0.349658,0.358403,0.336437,0.354851,572427062,0.029846154739136432
2001-05-23,0.368971,0.382168,0.34784,0.351984,1223883411,-0.008079447430048181
2001-05-24,0.349658,0.366135,0.339103,0.357207,916218075,0.014838742670121308
2001-05-25,0.349888,0.355081,0.343868,0.350357,516805521,-0.019176555890562108
2001-05-29,0.348539,0.348539,0.331346,0.336177,501876142,-0.0404730032509697
2001-05-30,0.32805,0.344796,0.326203,0.329669,1803951641,-0.019358849653605126
2001-05-31,0.332515,0.33434,0.320104,0.327121,688524449,-0.007728964506823477
2001-06-01,0.329449,0.348089,0.327371,0.345265,557432296,0.05546571452153781
2001-06-04,0.345465,0.34736,0.335508,0.339733,338858381,-0.016022475489841037
2001-06-05,0.339553,0.361341,0.338903,0.357676,538185133,0.05281500472429812
2001-06-06,0.359123,0.363917,0.353832,0.359322,381068496,0.004601930238539831
2001-06-07,0.356049,0.380583,0.353632,0.379785,622134460,0.05694892046687938
2001-06-08,0.378386,0.379066,0.365715,0.369869,388539520,-0.026109509327645886
2001-06-11,0.370297,0.370757,0.353183,0.358903,317256078,-0.029648334951023148
2001-06-12,0.351287,0.376248,0.350587,0.370996,601186322,0.03369434081074818
2001-06-13,0.373521,0.379286,0.355081,0.358403,511768054,-0.033943762196896876
2001-06-14,0.353832,0.363917,0.348759,0.357676,515824169,-0.0020284428422754353
2001-06-15,0.353632,0.369639,0.346892,0.363217,596724733,0.015491674029009639
2001-06-18,0.362297,0.368271,0.344796,0.348989,467032606,-0.03917217531117767
2001-06-19,0.355331,0.363667,0.322559,0.329669,824928679,-0.055359911057368594
2001-06-20,0.323706,0.34784,0.316807,0.343868,959082425,0.04307047371757733
2001-06-21,0.3425,0.356528,0.333412,0.350357,809358215,0.018870613142252246
2001-06-22,0.348759,0.358174,0.344327,0.348989,414983088,-0.003904588748048332
2001-06-25,0.352933,0.354232,0.338004,0.348339,348933296,-0.0018625228875408517
2001-06-26,0.340373,0.359942,0.339103,0.358403,413203636,0.028891396025136462
2001-06-27,0.356528,0.357207,0.341072,0.347141,488346910,-0.03142272804636137
2001-06-28,0.351755,0.356279,0.34784,0.351287,495752757,0.011943273770600449
2001-06-29,0.352484,0.359942,0.348539,0.354452,398483759,0.009009727089245967
2001-07-02,0.340373,0.343198,0.333661,0.338653,566996860,-0.04457303104510624
2001-07-03,0.336437,0.346663,0.334779,0.342998,221504762,0.012830242165284389
2001-07-05,0.338903,0.340873,0.317756,0.318186,556137066,-0.07233861421932486
2001-07-06,0.313412,0.315987,0.302189,0.308352,437684339,-0.030906450943787633
2001-07-09,0.304435,0.311814,0.295299,0.298294,552852761,-0.03261856579493572
2001-07-10,0.302189,0.306254,0.297168,0.300761,666071729,0.008270364137394681
2001-07-11,0.299642,0.304884,0.291034,0.300121,493188185,-0.0021279354703567233
2001-07-12,0.31434,0.318006,0.306514,0.315987,535123600,0.05286534431112777
2001-07-13,0.313662,0.317057,0.302838,0.3093,376253410,-0.021162263004490645
2001-07-16,0.305784,0.309548,0.283009,0.284657,649690015,-0.07967345619139998
2001-07-17,0.279712,0.303057,0.276976,0.300321,637809400,0.05502762974386721
2001-07-18,0.293253,0.30122,0.283898,0.290077,458488483,-0.03411016878606565
2001-07-19,0.294172,0.306983,0.289608,0.294601,457965143,0.015595859030533399
2001-07-20,0.28731,0.293953,0.276976,0.286212,404777248,-0.02847580286557061
2001-07-23,0.286661,0.287061,0.258684,0.259114,843927062,-0.09467807080066526
2001-07-24,0.262508,0.276746,0.257036,0.276496,744342213,0.06708244247705641
2001-07-25,0.276017,0.276746,0.264815,0.273922,679234445,-0.009309357097390225
2001-07-26,0.271456,0.303737,0.270087,0.301939,934523195,0.10228094128985621
2001-07-27,0.30122,0.312932,0.292373,0.309548,596803179,0.025200454396417715
2001-07-30,0.309977,0.311124,0.298763,0.302189,317452250,-0.023773372788711278
2001-07-31,0.302589,0.310447,0.291733,0.30908,647544197,0.02280360966150341
2001-08-01,0.315287,0.329669,0.312932,0.32805,656912579,0.06137569561278622
2001-08-02,0.332286,0.337157,0.321003,0.335957,598569472,0.024103033074226454
2001-08-03,0.332515,0.338433,0.326203,0.333212,447236003,-0.008170688510731994
2001-08-06,0.330887,0.346663,0.327121,0.343198,704683661,0.029968908682760587
2001-08-07,0.343198,0.344796,0.33408,0.338234,593492656,-0.01446395375264431
2001-08-08,0.335258,0.343868,0.32805,0.329449,613708002,-0.025973142853763953
2001-08-09,0.32805,0.334579,0.318006,0.323706,896068316,-0.01743213668883503
2001-08-10,0.323706,0.32785,0.313662,0.323468,565073574,-0.000735235058973327
2001-08-13,0.328949,0.340633,0.323936,0.337157,825831504,0.04231948755363746
2001-08-14,0.330887,0.333212,0.323936,0.32805,1265452269,-0.027011155040529977
2001-08-15,0.335508,0.339333,0.325564,0.32827,990262511,0.0006706294772138577
2001-08-16,0.322369,0.342749,0.321003,0.34227,559408111,0.042647820391750635
2001-08-17,0.333661,0.338004,0.317307,0.320104,909819870,-0.06476173780933192
2001-08-20,0.318006,0.321222,0.308132,0.318006,645123430,-0.006554119911028833
2001-08-21,0.318685,0.327121,0.310675,0.311124,646942290,-0.0216411011112998
2001-08-22,0.316607,0.324434,0.306514,0.323936,816737842,0.04117972255435132
2001-08-23,0.322788,0.326891,0.315287,0.316807,552591151,-0.022007433567124313
2001-08-24,0.320354,0.332515,0.318186,0.325804,605661280,0.028398993709103593
2001-08-27,0.318685,0.341331,0.317307,0.337377,697617971,0.03552135639832543
2001-08-28,0.336177,0.343648,0.330168,0.332745,642637555,-0.013729448065517125
2001-08-29,0.333661,0.335957,0.319384,0.32217,782771022,-0.031781093630257384
2001-08-30,0.315987,0.323238,0.308612,0.321003,780324106,-0.0036223112021603887
2001-08-31,0.318904,0.326691,0.314588,0.323706,484068354,0.008420482051569644
2001-09-04,0.322788,0.322788,0.298962,0.30122,1011930102,-0.06946426695828933
2001-09-05,0.30102,0.309977,0.288678,0.307632,1306026897,0.021286767146935892
2001-09-06,0.301469,0.311124,0.293733,0.29507,1063521658,-0.040834503562698354
2001-09-07,0.290556,0.302589,0.288908,0.298065,1074146221,0.010150133866540179
2001-09-10,0.295529,0.300121,0.283698,0.289608,1020775134,-0.028373005887977643
2001-09-17,0.271456,0.278175,0.258454,0.259803,1241481957,-0.10291497472445499
2001-09-18,0.264815,0.266633,0.238285,0.244265,975189248,-0.05980685365449978
2001-09-19,0.245613,0.248309,0.206791,0.241119,1703045283,-0.012879454690602476
2001-09-20,0.228138,0.236588,0.21392,0.2208,1603591039,-0.08426959302253245
2001-09-21,0.203605,0.216208,0.198784,0.206112,1337115257,-0.0665217391304348
2001-09-24,0.222399,0.232743,0.212533,0.229306,1643720693,0.11253105107902517
2001-09-25,0.229936,0.239851,0.219654,0.220342,1026820112,-0.03909186850758373
2001-09-26,0.223089,0.223997,0.210237,0.212303,469741062,-0.036484192754899336
2001-09-27,0.211614,0.21392,0.1949,0.200631,989281069,-0.05497802668827101
2001-09-28,0.206332,0.220113,0.197645,0.210008,1139293068,0.04673754305167188
2001-10-01,0.209788,0.213211,0.188708,0.192153,1060708545,-0.08502057064492785
2001-10-02,0.191923,0.199473,0.173103,0.182516,1224511476,-0.05015274286636162
2001-10-03,0.181598,0.229936,0.181598,0.218504,1961369436,0.19717723377676477
2001-10-04,0.229936,0.258454,0.222169,0.246742,2159544982,0.1292333321129131
2001-10-05,0.243069,0.257514,0.2339,0.251554,1175641347,0.019502152045456356
2001-10-08,0.241369,0.266633,0.241369,0.257036,835108179,0.021792537586363014
2001-10-09,0.257754,0.262998,0.238713,0.246043,1000468231,-0.042768328171929104
2001-10-10,0.241589,0.263716,0.240091,0.2618,1055605641,0.06404165125608108
2001-10-11,0.275817,0.291034,0.27418,0.290077,1000952492,0.1080099312452254
2001-10-12,0.28277,0.309548,0.28179,0.30908,1366332719,0.06551019212140252
2001-10-15,0.299872,0.317057,0.291733,0.307632,990667996,-0.004684871230749343
2001-10-16,0.307233,0.340873,0.300761,0.338653,1508899823,0.10083801425079297
2001-10-17,0.345963,0.346163,0.317057,0.318685,1848752466,-0.058963009334038086
2001-10-18,0.318685,0.335258,0.318006,0.332286,1113111290,0.04267850698966069
2001-10-19,0.327371,0.343868,0.323238,0.339103,1154981277,0.020515459573981376
2001-10-22,0.336677,0.351515,0.328949,0.347141,1058549678,0.02370371244135261
2001-10-23,0.351515,0.357676,0.333212,0.340873,1039145671,-0.018056063674414702
2001-10-24,0.334779,0.356747,0.330887,0.356049,1321675798,0.04452097995441129
2001-10-25,0.34784,0.383068,0.34227,0.376967,1256528871,0.0587503405430152
2001-10-26,0.37422,0.385393,0.34784,0.349888,1196262448,-0.07183387405263597
2001-10-29,0.351287,0.357207,0.321222,0.321481,1095591450,-0.08118883757087969
2001-10-30,0.315727,0.335957,0.308352,0.321003,1257601580,-0.001486868586324075
2001-10-31,0.332965,0.34203,0.322788,0.327591,1078686437,0.020523172680629198
2001-11-01,0.331816,0.358174,0.326691,0.355551,1192611817,0.08535033013727489
2001-11-02,0.354012,0.364767,0.340873,0.360402,1185493820,0.013643612308782638
2001-11-05,0.366864,0.376748,0.359522,0.361819,1017805027,0.0039317206896742896
2001-11-06,0.361122,0.388361,0.359322,0.386492,1543272167,0.06819155434070634
2001-11-07,0.383548,0.40194,0.381451,0.386922,1547380760,0.0011125715409374681
2001-11-08,0.391815,0.396907,0.368741,0.380184,2088248230,-0.017414362584706855
2001-11-09,0.397127,0.407013,0.38974,0.406563,2475649554,0.06938482419039205
2001-11-12,0.405164,0.427841,0.392713,0.417567,1590441342,0.02706591598350072
2001-11-13,0.418934,0.418934,0.408112,0.414093,1577226168,-0.008319622958710915
2001-11-14,0.417067,0.42113,0.391357,0.40262,1254160602,-0.027706336499288886
2001-11-15,0.397976,0.410158,0.392953,0.404695,954005769,0.005153742983458498
2001-11-16,0.405164,0.409288,0.395709,0.401271,540959147,-0.008460692620368526
2001-11-19,0.405164,0.408829,0.370757,0.392255,2118630088,-0.02246860600442091
2001-11-20,0.394331,0.401271,0.376967,0.381201,1022633072,-0.028180647792889868
2001-11-21,0.374889,0.386492,0.365265,0.376488,794232814,-0.012363556234112782
2001-11-23,0.377917,0.382168,0.371475,0.381699,276969450,0.013841078600114853
2001-11-26,0.388122,0.409488,0.386922,0.409058,1325640446,0.07167689724101978
2001-11-27,0.408829,0.422479,0.401271,0.413385,1290979903,0.010577962049391543
2001-11-28,0.408112,0.414991,0.391587,0.392484,807788305,-0.05056061540694512
2001-11-29,0.42093,0.423178,0.408112,0.409708,5599523791,0.043884591473792645
2001-11-30,0.409488,0.420501,0.403518,0.417567,1127464931,0.01918195397697864
2001-12-03,0.408829,0.413843,0.403966,0.411257,928438887,-0.01511134740053699
2001-12-04,0.413385,0.444875,0.413385,0.444376,1509763320,0.08053115205333894
2001-12-05,0.447772,0.480952,0.447522,0.480072,1861287206,0.08032837056906761
2001-12-06,0.476459,0.477629,0.460583,0.472544,1241861312,-0.01568098118615535
2001-12-07,0.469049,0.473443,0.450088,0.458166,879961513,-0.030426796234848008
2001-12-10,0.455901,0.473214,0.452184,0.462658,758748112,0.009804306735986534
2001-12-11,0.470887,0.490179,0.466125,0.479354,863841550,0.03608713131513985
2001-12-12,0.483089,0.494522,0.473633,0.494322,1095408247,0.03122535746024857
2001-12-13,0.484487,0.490648,0.478078,0.480072,961045039,-0.028827363540364304
2001-12-14,0.479852,0.503937,0.477879,0.501672,822874538,0.04499325101234808
2001-12-17,0.497767,0.526903,0.497767,0.519744,1178637782,0.036023537291297814
2001-12-18,0.508301,0.515472,0.502091,0.506263,967116357,-0.025937769363378882
2001-12-19,0.497967,0.508101,0.490648,0.492446,931880056,-0.027292138671006994
2001-12-20,0.494522,0.503507,0.471387,0.472964,1037182886,-0.03956169813543009
2001-12-21,0.483319,0.496849,0.477879,0.493654,789391589,0.043745401341328316
2001-12-24,0.493404,0.508301,0.493174,0.505806,289281889,0.024616431751793844
2001-12-26,0.508301,0.526903,0.508301,0.518185,700182423,0.0244738101169224
2001-12-27,0.522759,0.532684,0.522059,0.530317,796129961,0.02341248781805727
2001-12-28,0.533382,0.537029,0.512527,0.517545,826145412,-0.02408370842345242
2001-12-31,0.521362,0.524378,0.510197,0.511357,804229251,-0.01195644823155495
2002-01-02,0.513694,0.523178,0.500504,0.514324,1416275587,0.005802208633107764
2002-01-03,0.515472,0.550239,0.515272,0.547992,1542591803,0.06546068237142344
2002-01-04,0.555261,0.555261,0.522759,0.532235,1020892859,-0.028754069402473048
2002-01-07,0.534282,0.534932,0.510657,0.517785,1060996545,-0.02714966133380925
2002-01-08,0.516849,0.536329,0.515043,0.523878,844332756,0.011767432428517521
2002-01-09,0.531287,0.540664,0.509478,0.516849,1244308149,-0.013417246000022809
2002-01-10,0.514124,0.520862,0.499824,0.504387,1082193153,-0.024111490977055117
2002-01-11,0.507632,0.507881,0.480072,0.481921,1505628688,-0.044541195550242274
2002-01-14,0.480952,0.484257,0.456798,0.456798,1493316189,-0.052130950923491626
2002-01-15,0.47571,0.499604,0.47528,0.499354,2004966438,0.09316152872823436
2002-01-16,0.492446,0.495741,0.478078,0.479852,1216176645,-0.03905445836020138
2002-01-17,0.495741,0.496849,0.477879,0.49662,1222889129,0.034944107766561316
2002-01-18,0.478078,0.491108,0.477629,0.487652,876297673,-0.01805807257057712
2002-01-22,0.492206,0.493404,0.469749,0.47528,1183073473,-0.025370551130724395
2002-01-23,0.479602,0.487652,0.470188,0.484257,969510625,0.01888781349941082
2002-01-24,0.48905,0.506733,0.478737,0.501672,1240487535,0.035962309269664594
2002-01-25,0.494522,0.512995,0.488361,0.500304,891645806,-0.002726881308903084
2002-01-28,0.510197,0.519744,0.505107,0.519514,1007808600,0.03839665483386123
2002-01-29,0.520862,0.522279,0.486054,0.494073,1506806143,-0.048970768833948686
2002-01-30,0.496849,0.500504,0.484937,0.500084,1328558165,0.012166218352348768
2002-01-31,0.506733,0.510657,0.485585,0.502291,1061990956,0.00441325857256003
2002-02-01,0.501672,0.506983,0.487182,0.490179,750465588,-0.02411351188852695
2002-02-04,0.48905,0.500942,0.466355,0.467073,1204701755,-0.047137882283818655
2002-02-05,0.463827,0.467892,0.444376,0.462398,1607869635,-0.010009142039895336
2002-02-06,0.474562,0.482141,0.465426,0.473842,1354805300,0.02474924199499129
2002-02-07,0.474562,0.474562,0.456599,0.458566,1051627973,-0.0322385942993656
2002-02-08,0.46176,0.464277,0.423658,0.441112,2040385832,-0.038062132822756056
2002-02-11,0.440382,0.466125,0.438894,0.465426,1362106471,0.05511978817171159
2002-02-12,0.458566,0.484257,0.453354,0.47528,1326425346,0.021172001564158327
2002-02-13,0.481441,0.489509,0.464757,0.469269,1341616375,-0.012647281602423788
2002-02-14,0.473214,0.484937,0.467273,0.47506,1336447952,0.012340469964988054
2002-02-15,0.453354,0.455901,0.433802,0.438445,4348961311,-0.07707447480318275
2002-02-19,0.419634,0.423897,0.405834,0.409288,2150765338,-0.06650092942102204
2002-02-20,0.40194,0.435132,0.401271,0.430608,2004887941,0.05209045952972002
2002-02-21,0.424787,0.424787,0.400772,0.401271,1669392491,-0.06812924980492696
2002-02-22,0.393183,0.397726,0.376488,0.381451,2819257554,-0.04939305357227408
2002-02-25,0.383328,0.414323,0.383068,0.411257,1744103861,0.07813847650156891
2002-02-26,0.420501,0.427612,0.409288,0.420301,2074601423,0.021991115044850185
2002-02-27,0.429908,0.431776,0.405164,0.406344,1878937981,-0.03320715392064255
2002-02-28,0.403518,0.410827,0.386292,0.38974,1728703501,-0.04086192979347547
2002-03-01,0.393653,0.428081,0.392484,0.427612,1429896316,0.09717247395699702
2002-03-04,0.428739,0.456379,0.424577,0.451485,1618886774,0.05582864840088697
2002-03-05,0.444376,0.462199,0.444207,0.450327,1504097827,-0.0025648692647597393
2002-03-06,0.436769,0.441112,0.426713,0.43608,1576728957,-0.03163701043908085
2002-03-07,0.44225,0.443707,0.420501,0.432732,1468207430,-0.00767749036873977
2002-03-08,0.440852,0.454754,0.438645,0.445544,1385147949,0.02960723958477751
2002-03-11,0.440632,0.445544,0.432952,0.440182,883782046,-0.012034726087659098
2002-03-12,0.426913,0.429239,0.414323,0.417307,1368439328,-0.05196714086446064
2002-03-13,0.413385,0.416367,0.408112,0.409708,1124834971,-0.018209615462956408
2002-03-14,0.406563,0.406563,0.386122,0.386922,1242423811,-0.05561521864352181
2002-03-15,0.38974,0.403718,0.382168,0.403298,1361085890,0.04232377585146363
2002-03-18,0.410607,0.419634,0.398705,0.403298,1348773431,0.0
2002-03-19,0.406344,0.407013,0.392255,0.39483,922524794,-0.020996880718476052
2002-03-20,0.388122,0.38904,0.354232,0.355551,2499750952,-0.09948332193602316
2002-03-21,0.361569,0.378846,0.351984,0.37447,1877289364,0.05321036925785627
2002-03-22,0.381031,0.381031,0.368491,0.371226,1362014984,-0.008662910246481803
2002-03-25,0.36944,0.369869,0.351515,0.351984,964054504,-0.05183365389277683
2002-03-26,0.348339,0.368271,0.346423,0.359322,1225034816,0.020847538524478182
2002-03-27,0.353832,0.360872,0.341571,0.34784,1164519732,-0.03195462565609675
2002-03-28,0.350137,0.352484,0.320104,0.339103,3406378285,-0.025117870285188526
2002-04-01,0.320354,0.336177,0.309977,0.333412,2579081266,-0.01678251150830279
2002-04-02,0.323468,0.341571,0.322788,0.324634,1567949433,-0.02632778664235247
2002-04-03,0.326203,0.335008,0.319384,0.330887,1193554041,0.019261691628110533
2002-04-04,0.32827,0.340373,0.323706,0.329189,1233160155,-0.005131661262001708
2002-04-05,0.331346,0.336937,0.318425,0.3217,1119692818,-0.02274984887101339
2002-04-08,0.306733,0.332515,0.306733,0.332515,1255351376,0.03361827789866334
2002-04-09,0.335957,0.338653,0.310675,0.311614,1505537031,-0.06285731470760714
2002-04-10,0.314111,0.316407,0.272154,0.294402,4023135181,-0.0552350022784599
2002-04-11,0.291933,0.295769,0.278175,0.28137,1567164273,-0.04426600362769273
2002-04-12,0.287758,0.290077,0.271456,0.280442,1501297523,-0.0032981483455947203
2002-04-15,0.285764,0.296499,0.285076,0.291733,1261775660,0.040261444434143145
2002-04-16,0.304655,0.307882,0.298294,0.304217,932102567,0.04279255346498334
2002-04-17,0.307882,0.312513,0.298294,0.307882,1029829577,0.012047321484335072
2002-04-18,0.304655,0.308132,0.296249,0.302838,755791015,-0.01638289994218567
2002-04-19,0.292553,0.296249,0.28179,0.28229,1227390016,-0.06785145853558672
2002-04-22,0.279014,0.289358,0.279014,0.283698,881204485,0.004987778525629816
2002-04-23,0.285764,0.289108,0.269607,0.272154,843403712,-0.040691157498466635
2002-04-24,0.275119,0.279273,0.247581,0.248309,1725995094,-0.08761583515215654
2002-04-25,0.247161,0.262748,0.247161,0.258014,1273865788,0.03908436665606163
2002-04-26,0.260632,0.260861,0.232045,0.232045,1298752105,-0.10064957715472811
2002-04-29,0.259584,0.27465,0.250855,0.270756,4286051659,0.16682540024564196
2002-04-30,0.277196,0.280911,0.260233,0.265934,1937032528,-0.017809392958974102
2002-05-01,0.261581,0.27465,0.25494,0.270756,1874227751,0.01813231854520292
2002-05-02,0.272154,0.278844,0.259803,0.260033,1226748891,-0.03960392382809608
2002-05-03,0.260233,0.262278,0.249038,0.250406,929812675,-0.037022224102325474
2002-05-06,0.243787,0.25516,0.238713,0.240769,1201626972,-0.03848549954873293
2002-05-07,0.246043,0.251305,0.2348,0.246742,1540079750,0.024808010998093488
2002-05-08,0.263716,0.279512,0.25516,0.275119,1841281242,0.11500676820322453
2002-05-09,0.27418,0.279972,0.262998,0.263477,1342061148,-0.04231623406598595
2002-05-10,0.268727,0.269857,0.240769,0.243787,1440965973,-0.07473138072772956
2002-05-13,0.246263,0.259354,0.244265,0.258454,873262229,0.06016317523083692
2002-05-14,0.274899,0.287061,0.270087,0.284157,1664014757,0.09944903154913431
2002-05-15,0.279712,0.29507,0.275817,0.289608,1640502006,0.01918305725356051
2002-05-16,0.289838,0.296249,0.283898,0.290337,1074617253,0.002517195657578686
2002-05-17,0.298065,0.300121,0.290806,0.299422,1018838688,0.03129122364700332
2002-05-20,0.296969,0.304435,0.295529,0.302589,1039564305,0.010577045106905825
2002-05-21,0.306514,0.310675,0.279273,0.279512,1507538935,-0.0762651649597309
2002-05-22,0.28179,0.292553,0.28137,0.290806,1687867374,0.040406136409170346
2002-05-23,0.291733,0.292373,0.264335,0.273023,2787815828,-0.06115073279093275
2002-05-24,0.267758,0.269207,0.261581,0.267758,804451813,-0.01928408961882344
2002-05-28,0.270087,0.270307,0.251774,0.257036,1490620802,-0.04004362147909679
2002-05-29,0.252932,0.267758,0.249038,0.266833,1429477672,0.03811528346223869
2002-05-30,0.261331,0.269207,0.256336,0.262998,1162413253,-0.014372285287052144
2002-05-31,0.264335,0.265495,0.25516,0.25564,735026200,-0.027977399067673603
2002-06-03,0.249508,0.250605,0.237565,0.240769,982686731,-0.058171647629478795
2002-06-04,0.239163,0.254,0.238713,0.252932,1194417458,0.050517300815304145
2002-06-05,0.253332,0.253332,0.24029,0.249258,1214999070,-0.014525643255894782
2002-06-06,0.246512,0.252673,0.246512,0.249258,806165757,0.0
2002-06-07,0.229067,0.249957,0.228837,0.246932,1495213326,-0.009331696475138207
2002-06-10,0.250206,0.257036,0.244265,0.244944,816842438,-0.008050799410364018
2002-06-11,0.248788,0.249957,0.233202,0.2339,936956882,-0.045087856816251826
2002-06-12,0.228138,0.232285,0.203835,0.21368,2472443987,-0.08644719965797343
2002-06-13,0.215278,0.219194,0.204744,0.211384,1380280715,-0.010745039311119475
2002-06-14,0.203605,0.216885,0.196737,0.215278,1217328211,0.01842145100859094
2002-06-17,0.220113,0.223089,0.213451,0.217354,1149394331,0.009643344884289196
2002-06-18,0.2146,0.222399,0.212074,0.216208,1099412014,-0.005272504761817065
2002-06-19,0.205652,0.205652,0.180681,0.182276,2827984810,-0.15694146377562357
2002-06-20,0.182746,0.187561,0.178154,0.180681,1553818204,-0.008750466325791573
2002-06-21,0.179752,0.186651,0.169437,0.173103,1618494199,-0.04194132199843925
2002-06-24,0.168748,0.181827,0.163476,0.176328,1504254630,0.018630526334032282
2002-06-25,0.179532,0.179532,0.16072,0.161869,1278157293,-0.08200058980989977
2002-06-26,0.143535,0.158883,0.139412,0.153381,2254681191,-0.0524374648635626
2002-06-27,0.159113,0.16026,0.128398,0.130455,3470412984,-0.14947092534277395
2002-06-28,0.128398,0.136667,0.125643,0.131383,2171111389,0.007113564064236799
2002-07-01,0.130695,0.13459,0.128168,0.130913,1269587202,-0.003577327355898441
2002-07-02,0.129547,0.129996,0.119451,0.122668,1491811467,-0.06298075821347004
2002-07-03,0.121988,0.133681,0.121988,0.133451,1170289801,0.08790393582678435
2002-07-05,0.142846,0.145133,0.138723,0.145133,806348950,0.08753774793744551
2002-07-08,0.143535,0.154758,0.143305,0.149489,1730600918,0.03001384936575424
2002-07-09,0.149947,0.151784,0.138963,0.142158,1172226397,-0.04904039762122969
2002-07-10,0.145593,0.14674,0.137357,0.138266,1010752507,-0.02737798787264878
2002-07-11,0.137567,0.152922,0.136197,0.152243,1247317444,0.10108775837877704
2002-07-12,0.16049,0.16118,0.149029,0.152243,1466427978,0.0
2002-07-15,0.152452,0.16737,0.145593,0.16737,1630387723,0.09936089015586935
2002-07-16,0.163236,0.178384,0.16004,0.162788,1933682886,-0.027376471291151394
2002-07-17,0.159343,0.162318,0.142606,0.149029,2096072671,-0.08452097206182274
2002-07-18,0.14651,0.155218,0.144683,0.145133,1355525123,-0.026142562856893536
2002-07-19,0.140788,0.146281,0.137567,0.138504,922197706,-0.04567534606188817
2002-07-22,0.138036,0.141928,0.126561,0.132073,1407378178,-0.046431872003696584
2002-07-23,0.132991,0.133681,0.117854,0.122218,1537031086,-0.07461782499072489
2002-07-24,0.12061,0.132073,0.12061,0.129996,1281284334,0.06364038030404684
2002-07-25,0.124964,0.125413,0.110976,0.1151,1958778806,-0.11458814117357463
2002-07-26,0.118554,0.121298,0.109366,0.112342,1332313381,-0.023961772371850487
2002-07-29,0.117165,0.117624,0.111892,0.115558,1338659348,0.02862687151733101
2002-07-30,0.1151,0.129777,0.114631,0.124034,1982291115,0.07334844839820698
2002-07-31,0.0903253,0.0921724,0.083685,0.0846137,5274233730,-0.3178185013786543
2002-08-01,0.0853027,0.0853027,0.076356,0.0765857,1881646427,-0.09487825257611937
2002-08-02,0.0788823,0.0795713,0.0694663,0.0715432,1957483425,-0.06584127324030475
2002-08-05,0.070385,0.0706147,0.0648933,0.0658019,1450962190,-0.08024941573762434
2002-08-06,0.0687874,0.071753,0.067639,0.0692365,1274415267,0.05219606120795928
2002-08-07,0.072232,0.0729113,0.0648933,0.067639,973671496,-0.02307309006087832
2002-08-08,0.0683281,0.0731409,0.0664907,0.0719926,823685676,0.06436523307559239
2002-08-09,0.0701552,0.0726915,0.0687874,0.070385,633831852,-0.022330072813039115
2002-08-12,0.0694663,0.0729113,0.067639,0.070385,646366613,0.0
2002-08-13,0.0708444,0.0742792,0.0687874,0.0687874,713554781,-0.022698018043617263
2002-08-14,0.0701552,0.0740594,0.0694663,0.0736001,689858918,0.06996484821348092
2002-08-15,0.076356,0.0802502,0.0754375,0.0786527,1243143553,0.06864936324814774
2002-08-16,0.0745187,0.0843841,0.072232,0.0816381,1807196657,0.03795673892949636
2002-08-19,0.0853027,0.102717,0.0850629,0.0967556,2446693812,0.18517701906340278
2002-08-20,0.0974446,0.0992718,0.0912339,0.092402,1558659508,-0.04499584520172473
2002-08-21,0.0965259,0.0985829,0.0921724,0.0972149,1302847499,0.052086534923486694
2002-08-22,0.0944489,0.0981234,0.0933105,0.0940097,1481252481,-0.03297025455974345
2002-08-23,0.0912339,0.0919328,0.0873596,0.087819,1003058902,-0.06585171530171896
2002-08-26,0.0894165,0.0901056,0.0843841,0.0884978,761692039,0.007729534610961153
2002-08-27,0.0901056,0.0905548,0.0830161,0.0834654,748764644,-0.05686469042168285
2002-08-28,0.0830161,0.0832259,0.0779734,0.0781833,763641704,-0.06328490608084303
2002-08-29,0.0772747,0.0827864,0.0765857,0.0793316,889212079,0.014687279764348693
2002-08-30,0.078423,0.081858,0.075667,0.0772747,1162203711,-0.025927877415809042
2002-09-03,0.0736001,0.0738298,0.0713135,0.0724518,923846313,-0.06241240664797154
2002-09-04,0.0726915,0.0745187,0.0687874,0.0719926,1014638508,-0.006338006785200578
2002-09-05,0.0713135,0.0715432,0.0687874,0.0692365,778858772,-0.03828310131874657
2002-09-06,0.072232,0.0726915,0.0696961,0.0708444,813911620,0.023223299849068013
2002-09-09,0.0701552,0.0729113,0.0681083,0.0706147,630272828,-0.003242316965067049
2002-09-10,0.070385,0.0843841,0.0701552,0.0807094,2527057877,0.1429546539176687
2002-09-11,0.0832259,0.091014,0.0832259,0.0848433,1807314352,0.05121956054685084
2002-09-12,0.0827864,0.0871299,0.0811689,0.0820874,1411944643,-0.032482234896568096
2002-09-13,0.0811689,0.0850629,0.0802502,0.0807094,868879087,-0.01678698557878555
2002-09-16,0.0795713,0.0797909,0.0738298,0.075667,1009090761,-0.062475994122122125
2002-09-17,0.0791219,0.0809392,0.0740594,0.0745187,963936679,-0.015175704071788254
2002-09-18,0.0733705,0.0747485,0.0701552,0.0724518,885038158,-0.02773666207274139
2002-09-19,0.0708444,0.0733705,0.0696961,0.0699257,674380220,-0.034865938458395807
2002-09-20,0.0706147,0.0719926,0.0687874,0.070385,749418959,0.006568400459344925
2002-09-23,0.0692365,0.0699257,0.0669402,0.0674092,568815771,-0.042278894650848886
2002-09-24,0.0664907,0.071074,0.0653525,0.0678686,680869942,0.006815093488722557
2002-09-25,0.071753,0.0729113,0.069017,0.0715432,977636045,0.05414285840580191
2002-09-26,0.0729113,0.0738298,0.0667105,0.0678686,806388008,-0.051361974303637536
2002-09-27,0.067639,0.0694663,0.0653525,0.0653525,709485407,-0.03707310891929416
2002-09-30,0.0651227,0.0683281,0.0637448,0.0653525,636906655,0.0
2002-10-01,0.0660217,0.0694663,0.0635152,0.069017,968634039,0.05607283577521893
2002-10-02,0.0694663,0.0729113,0.0687874,0.0687874,816790200,-0.003326716606053548
2002-10-03,0.0681083,0.0692365,0.0653525,0.0655721,643932836,-0.04674257204080989
2002-10-04,0.0653525,0.0674092,0.0612287,0.0621372,577660862,-0.052383559471177454
2002-10-07,0.0614583,0.0625967,0.0587024,0.0591516,537622534,-0.048048512002471955
2002-10-08,0.0612287,0.0612287,0.0550179,0.0573246,778793325,-0.0308867384821373
2002-10-09,0.0566254,0.06031,0.0552576,0.056406,624921363,-0.016024533969709487
2002-10-10,0.0557067,0.060989,0.0557067,0.0591516,586649598,0.04867567280076579
2002-10-11,0.0614583,0.0683281,0.0612287,0.0674092,1083972595,0.13960061942534097
2002-10-14,0.0653525,0.0674092,0.0639745,0.0653525,666739023,-0.03051067213377412
2002-10-15,0.0726915,0.0751977,0.071074,0.072232,929825914,0.10526758731494601
2002-10-16,0.0671698,0.0678686,0.0648933,0.0660217,630364555,-0.08597712925019385
2002-10-17,0.071753,0.0745187,0.0701552,0.071074,638725475,0.07652483956032641
2002-10-18,0.0708444,0.0726915,0.0681083,0.071753,543405983,0.009553423192728783
2002-10-21,0.0708444,0.0809392,0.0692365,0.078423,1014717156,0.09295778573718194
2002-10-22,0.0747485,0.0855225,0.0747485,0.0809392,1387123723,0.03208497507108876
2002-10-23,0.0820874,0.0853027,0.0809392,0.0841545,1009051492,0.03972487990985818
2002-10-24,0.0859816,0.0869004,0.0786527,0.0800206,1150519438,-0.04912274447593412
2002-10-25,0.0802502,0.0853027,0.0791219,0.0848433,813362202,0.06026823093053535
2002-10-28,0.0887275,0.0894165,0.0848433,0.0853027,1167280527,0.005414688018971381
2002-10-29,0.0855225,0.0859816,0.0772747,0.0816381,842553224,-0.04295995320195012
2002-10-30,0.0841545,0.0887275,0.0839146,0.0859816,1242463250,0.053204324941418246
2002-10-31,0.0864409,0.0914736,0.0862015,0.091014,1368923230,0.0585288015110208
2002-11-01,0.0896361,0.109137,0.0894165,0.10777,2321201945,0.18410354450963595
2002-11-04,0.114181,0.126112,0.113951,0.119451,2931036886,0.10838823420246824
2002-11-05,0.119243,0.121298,0.109596,0.11486,2218385190,-0.03843416965952562
2002-11-06,0.118764,0.123804,0.113951,0.123574,1794753313,0.07586627198328388
2002-11-07,0.120381,0.120381,0.110506,0.111203,1810611526,-0.10011005551329577
2002-11-08,0.0940097,0.0995114,0.0841545,0.0869004,4142176165,-0.2185426652158664
2002-11-11,0.0827864,0.0839146,0.0781833,0.0800206,1503011878,-0.07916879554064193
2002-11-12,0.0820874,0.0901056,0.0813986,0.0871299,1505994844,0.0888433728314959
2002-11-13,0.0850629,0.092402,0.0834654,0.0898759,1964954559,0.03151616150139036
2002-11-14,0.095837,0.0976741,0.0930811,0.095837,1241625781,0.06632590049167808
2002-11-15,0.10088,0.106391,0.0997312,0.102937,2239961314,0.07408412199881043
2002-11-18,0.111203,0.111662,0.106391,0.106841,2161612303,0.037926110145040326
2002-11-19,0.106162,0.113731,0.105013,0.108229,2150137282,0.012991267397347572
2002-11-20,0.111662,0.114631,0.110056,0.113731,1409615552,0.05083665191399711
2002-11-21,0.118314,0.129088,0.118084,0.123345,2239516421,0.08453280108325778
2002-11-22,0.115796,0.122668,0.114631,0.120141,1365024259,-0.025975921196643603
2002-11-25,0.125643,0.127479,0.120828,0.124494,1341236819,0.036232426898394454
2002-11-26,0.125184,0.127479,0.120828,0.121068,1182314542,-0.02751939852523011
2002-11-27,0.126332,0.132752,0.124724,0.130455,1186920135,0.07753493904252151
2002-11-29,0.133901,0.135968,0.129996,0.130913,566329726,0.00351078916101355
2002-12-02,0.137807,0.13964,0.129318,0.129996,1273002101,-0.007004651944421125
2002-12-03,0.127479,0.127709,0.121068,0.121298,1140758442,-0.06690975106926367
2002-12-04,0.112801,0.114631,0.106391,0.106841,2405936142,-0.11918580685584257
2002-12-05,0.113731,0.114411,0.105253,0.10777,1738987867,0.00869516384159641
2002-12-06,0.103175,0.110056,0.101578,0.108,1263973946,0.002134174631158947
2002-12-09,0.104553,0.106162,0.0985829,0.0992718,1057424291,-0.08081666666666676
2002-12-10,0.101808,0.109596,0.10066,0.10777,1515481111,0.08560537836525595
2002-12-11,0.106841,0.110056,0.103415,0.107081,1487480713,-0.006393244873341475
2002-12-12,0.110976,0.112342,0.105013,0.105253,1420253255,-0.01707118909984029
2002-12-13,0.103415,0.103415,0.10043,0.10112,771675437,-0.03926728929341683
2002-12-16,0.104783,0.10777,0.102038,0.107081,1152482263,0.05894976265822782
2002-12-17,0.109137,0.112801,0.106162,0.107081,1175131146,0.0
2002-12-18,0.103633,0.103873,0.0985829,0.0988226,1228659158,-0.07712292563573364
2002-12-19,0.0969853,0.102258,0.0956073,0.0967556,1200056913,-0.020916268141093264
2002-12-20,0.0997312,0.10088,0.0930811,0.097894,877279175,0.011765727255063307
2002-12-23,0.0976741,0.10112,0.0974446,0.0985829,543706891,0.007037203505832812
2002-12-24,0.0992718,0.10112,0.0960668,0.0967556,327475077,-0.018535668964901664
2002-12-26,0.0983632,0.0997312,0.0940097,0.0949185,784799135,-0.018987014705091898
2002-12-27,0.0974446,0.0976741,0.0905548,0.0912339,766009844,-0.03881856540084383
2002-12-30,0.0917031,0.0926319,0.0859816,0.0880387,855650723,-0.0350220696473571
2002-12-31,0.0871299,0.0901056,0.0855225,0.0880387,899980517,0.0
2003-01-02,0.0917031,0.0951479,0.0884978,0.0940097,1420240156,0.06782244626510847
2003-01-03,0.0944489,0.0974446,0.092402,0.0940097,1131246156,0.0
2003-01-06,0.0962963,0.103175,0.0962963,0.101808,1126810666,0.0829520783493618
2003-01-07,0.103633,0.106162,0.1002,0.10134,1633658838,-0.004596888260254506
2003-01-08,0.0988226,0.101808,0.0905548,0.0912339,2019921795,-0.0997246891651864
2003-01-09,0.0942294,0.0951479,0.0919328,0.0928513,1565842824,0.017728059416510566
2003-01-10,0.0917031,0.095837,0.0905548,0.0944489,1008030961,0.017206005731745355
2003-01-13,0.0981234,0.0990521,0.0933105,0.0937702,925848136,-0.007185896288892768
2003-01-14,0.0940097,0.0953775,0.0917031,0.0944489,947005607,0.007237907138941901
2003-01-15,0.0944489,0.0953775,0.0914736,0.0914736,986324092,-0.03150169033202077
2003-01-16,0.0901056,0.0912339,0.0841545,0.0853027,2224312323,-0.06746099421035145
2003-01-17,0.0830161,0.0841545,0.0811689,0.0820874,1154510195,-0.03769282801130547
2003-01-21,0.083685,0.0855225,0.0797909,0.0800206,1054768353,-0.02517804194066331
2003-01-22,0.0797909,0.0823271,0.0795713,0.0802502,600780717,0.002869261165249881
2003-01-23,0.0823271,0.083685,0.0802502,0.0823271,1001449543,0.02588030933256258
2003-01-24,0.0816381,0.0820874,0.076356,0.077734,978172614,-0.05579086351881701
2003-01-27,0.0761264,0.0800206,0.0747485,0.0765857,969458368,-0.014772171765250586
2003-01-28,0.075667,0.0807094,0.0731409,0.0793316,1946819683,0.03585395184740747
2003-01-29,0.0772747,0.0816381,0.0772747,0.0809392,1114393701,0.020264308295811606
2003-01-30,0.0825467,0.0832259,0.0768152,0.077734,810208802,-0.039600094886037995
2003-01-31,0.0754375,0.0809392,0.0747485,0.0788823,1035468871,0.014772171765250697
2003-02-03,0.0802502,0.081858,0.0786527,0.08048,823829511,0.020254226867117087
2003-02-04,0.0797909,0.0802502,0.075667,0.0768152,684441995,-0.04553677932405564
2003-02-05,0.078423,0.0807094,0.0772747,0.0775044,634054264,0.008972182588862676
2003-02-06,0.0827864,0.0830161,0.0768152,0.0781833,1336984412,0.008759502686298992
2003-02-07,0.0795713,0.0800206,0.0745187,0.0745187,997851461,-0.046871902311619085
2003-02-10,0.0745187,0.0761264,0.0713135,0.0754375,1071424555,0.012329791045737615
2003-02-11,0.0761264,0.078423,0.0738298,0.0740594,927588470,-0.01826810273405144
2003-02-12,0.0740594,0.0772747,0.0736001,0.0745187,699358174,0.00620177857233517
2003-02-13,0.0758966,0.0761264,0.0738298,0.0754375,969510625,0.012329791045737615
2003-02-14,0.0857421,0.0921724,0.083685,0.0919328,3869524970,0.2186618061309029
2003-02-18,0.0956073,0.0990521,0.0944489,0.0972149,1897792610,0.05745609836750343
2003-02-19,0.0967556,0.0988226,0.0956073,0.0981234,1244334188,0.009345275261302355
2003-02-20,0.0985829,0.10112,0.097894,0.0981234,1066518063,0.0
2003-02-21,0.0981234,0.0985829,0.0946888,0.0983632,995783990,0.0024438615050028645
2003-02-24,0.0974446,0.103175,0.0969853,0.0995114,1239754763,0.011673064723392468
2003-02-25,0.0962963,0.0992718,0.0946888,0.0988226,1351181099,-0.006921820012581459
2003-02-26,0.0976741,0.0992718,0.0937702,0.0940097,814382692,-0.04870242232040034
2003-02-27,0.0949185,0.0965259,0.0935504,0.0960668,736334539,0.021881784539254934
2003-02-28,0.0930811,0.0967556,0.0903253,0.0965259,1802734727,0.00477896630261454
2003-03-03,0.0976741,0.0992718,0.0935504,0.0949185,765473354,-0.01665252538437867
2003-03-04,0.0951479,0.0960668,0.0930811,0.0940097,587042103,-0.009574529728135217
2003-03-05,0.0930811,0.0960668,0.0928513,0.0956073,569339191,0.01699399104560495
2003-03-06,0.0949185,0.095837,0.0935504,0.0940097,597588099,-0.01671002109671549
2003-03-07,0.0926319,0.095837,0.0917031,0.0953775,633661759,0.014549562438769703
2003-03-10,0.0944489,0.0949185,0.0926319,0.0928513,375952431,-0.026486330633535227
2003-03-11,0.0935504,0.0949185,0.092402,0.0935504,454837942,0.0075292429939053385
2003-03-12,0.0942294,0.0962963,0.0933105,0.0960668,538551649,0.026898869486394306
2003-03-13,0.0988226,0.106162,0.0983632,0.105703,1485871264,0.10030728618003315
2003-03-14,0.105932,0.107081,0.101808,0.102488,1193095959,-0.030415409212605216
2003-03-17,0.10088,0.110506,0.10066,0.108459,1425984196,0.0582604792756225
2003-03-18,0.108229,0.109366,0.105473,0.10777,1016522746,-0.006352630948100124
2003-03-19,0.108,0.108907,0.104333,0.108229,777419437,0.004259070242182528
2003-03-20,0.108229,0.111432,0.105473,0.109137,850547798,0.008389618309325497
2003-03-21,0.113031,0.113261,0.103415,0.108229,1833770950,-0.008319818210139496
2003-03-24,0.103873,0.107081,0.103175,0.104103,914831238,-0.0381228691016271
2003-03-25,0.104553,0.108689,0.104103,0.107081,733626173,0.02860628416087918
2003-03-26,0.109596,0.111892,0.108689,0.110056,1207946680,0.02778270654924775
2003-03-27,0.108689,0.110976,0.106611,0.107081,1518582062,-0.027031692956313247
2003-03-28,0.107081,0.107301,0.10088,0.102717,1407312831,-0.04075419542215697
2003-03-31,0.0995114,0.10066,0.097894,0.0983632,742000032,-0.04238636253005834
2003-04-01,0.10043,0.102488,0.0983632,0.10134,582044014,0.03026335052133322
2003-04-02,0.104783,0.106841,0.103415,0.105013,841650489,0.03624432603118222
2003-04-03,0.107081,0.107081,0.104333,0.106391,766846440,0.013122184872349285
2003-04-04,0.106841,0.106841,0.101808,0.102258,560043528,-0.03884727091577289
2003-04-07,0.109366,0.110056,0.102488,0.103415,731972028,0.011314518179506683
2003-04-08,0.104333,0.104783,0.101808,0.102488,519952611,-0.008963883382488103
2003-04-09,0.102717,0.105473,0.101808,0.101808,757618689,-0.0066349231129497754
2003-04-10,0.103175,0.103415,0.10134,0.102488,397308388,0.006679239352506583
2003-04-11,0.103633,0.104333,0.1002,0.10134,409436121,-0.011201311373038814
2003-04-14,0.0997312,0.103415,0.0995114,0.102937,488211017,0.015758831655812156
2003-04-15,0.102258,0.103873,0.0997312,0.102488,539228527,-0.004361891253873762
2003-04-16,0.104783,0.105013,0.101578,0.102488,735588628,0.0
2003-04-17,0.103175,0.104553,0.10112,0.104333,570295846,0.018002107563812375
2003-04-21,0.104333,0.107301,0.103415,0.107081,651108399,0.026338742296301287
2003-04-22,0.106391,0.108459,0.104783,0.108459,863411929,0.012868762899113761
2003-04-23,0.108229,0.111432,0.107301,0.110746,663838370,0.02108630911219911
2003-04-24,0.110976,0.110976,0.106162,0.10753,723309649,-0.02903942354577138
2003-04-25,0.106841,0.108689,0.102488,0.103633,966959093,-0.036241049009578696
2003-04-28,0.104783,0.108689,0.103633,0.106611,738606716,0.028736020379608762
2003-04-29,0.109137,0.111432,0.108229,0.110056,734833923,0.032313738732401065
2003-04-30,0.109366,0.112342,0.108907,0.109137,511484251,-0.008350294395580438
2003-05-01,0.108689,0.111203,0.108229,0.110286,802030194,0.010528051898073043
2003-05-02,0.111662,0.122218,0.110976,0.121528,1848928449,0.10193496908039101
2003-05-05,0.122668,0.130226,0.12061,0.124494,1722365105,0.024405898229214573
2003-05-06,0.123804,0.127938,0.121758,0.124724,1251152058,0.001847478593345997
2003-05-07,0.122886,0.125643,0.12061,0.122668,981624178,-0.01648439754978992
2003-05-08,0.122668,0.127709,0.119681,0.122668,2233121151,0.0
2003-05-09,0.143995,0.164614,0.13986,0.163236,10102773455,0.33071379658916755
2003-05-12,0.163696,0.16737,0.157496,0.158643,3292557771,-0.028137175623024202
2003-05-13,0.152922,0.158194,0.152452,0.155668,1997701231,-0.018752797160921042
2003-05-14,0.156356,0.158194,0.153609,0.155668,1056067399,0.0
2003-05-15,0.157965,0.16118,0.157046,0.16096,1210502319,0.033995426163373255
2003-05-16,0.158883,0.165303,0.158643,0.162548,1116667109,0.009865805168986164
2003-05-19,0.16026,0.161869,0.151325,0.152004,1334619387,-0.06486699313433564
2003-05-20,0.153609,0.155448,0.152922,0.154288,967642602,0.015025920370516532
2003-05-21,0.154528,0.1598,0.153609,0.1598,991420758,0.03572539666079022
2003-05-22,0.16004,0.161869,0.156356,0.16026,973372010,0.0028785982478098937
2003-05-23,0.16049,0.163476,0.158883,0.159582,948937716,-0.004230625233994867
2003-05-27,0.157736,0.17426,0.154758,0.173562,1830327819,0.08760386509756746
2003-05-28,0.172883,0.17494,0.168988,0.173103,1351446004,-0.002644588101081924
2003-05-29,0.173103,0.191005,0.172643,0.185045,2505655552,0.06898782805612824
2003-05-30,0.202447,0.203605,0.197645,0.199933,2336364702,0.08045610527169078
2003-06-02,0.204055,0.205423,0.1878,0.188937,1708729564,-0.05499842447219827
2003-06-03,0.186871,0.198554,0.184585,0.192843,1742037422,0.020673557852617597
2003-06-04,0.192153,0.197645,0.189167,0.197415,1282870517,0.02370840528305429
2003-06-05,0.1949,0.203835,0.192153,0.203156,1318801074,0.029080870247954804
2003-06-06,0.210924,0.212074,0.19537,0.196967,1508901505,-0.030464273760066107
2003-06-09,0.19559,0.200631,0.191463,0.19444,786188335,-0.012829560281671593
2003-06-10,0.19444,0.197415,0.192393,0.197415,614383229,0.01530034972227945
2003-06-11,0.196049,0.199243,0.192613,0.197415,1029229453,0.0
2003-06-12,0.198784,0.201079,0.19399,0.19444,1141488359,-0.015069776865992979
2003-06-13,0.186183,0.191463,0.178154,0.179303,1992237148,-0.07784920798189676
2003-06-16,0.181598,0.185504,0.169437,0.183206,2078443639,0.021767622404533116
2003-06-17,0.187331,0.188708,0.181827,0.187561,1090723886,0.023771055533115648
2003-06-18,0.185733,0.198554,0.184115,0.19467,1224671265,0.0379023357734285
2003-06-19,0.19559,0.196508,0.181827,0.182976,1298087485,-0.060070889197102795
2003-06-20,0.184805,0.185045,0.178154,0.180911,1033074583,-0.011285633088492508
2003-06-23,0.180911,0.181827,0.171044,0.17448,801188459,-0.03554786607779514
2003-06-24,0.173562,0.177235,0.168528,0.17426,1104013031,-0.0012608895002292897
2003-06-25,0.17472,0.181827,0.17402,0.1754,1156474703,0.006541948812119891
2003-06-26,0.17586,0.177934,0.170354,0.17563,1046434373,0.0013112884834665106
2003-06-27,0.177695,0.179303,0.171514,0.172643,773200610,-0.01700734498661971
2003-06-30,0.17472,0.178154,0.172643,0.17517,599686166,0.014637141384243879
2003-07-01,0.172883,0.182516,0.171264,0.182276,1065305206,0.04056630701604158
2003-07-02,0.183895,0.186423,0.179303,0.181827,923362973,-0.002463297417103716
2003-07-03,0.177465,0.184345,0.177235,0.179752,458952184,-0.011411946520593741
2003-07-07,0.182056,0.192393,0.182056,0.191463,907410169,0.06515087453825275
2003-07-08,0.186183,0.191923,0.185733,0.189397,657231154,-0.010790596616578552
2003-07-09,0.189167,0.196737,0.188937,0.19375,823607951,0.022983468587147504
2003-07-10,0.187561,0.190085,0.182516,0.185733,704214662,-0.04137806451612902
2003-07-11,0.18802,0.189167,0.185045,0.186651,539736795,0.004942578863206926
2003-07-14,0.191463,0.192613,0.184345,0.185265,760492331,-0.0074256232219489515
2003-07-15,0.18802,0.188937,0.177465,0.179303,1246799622,-0.03218093001916189
2003-07-16,0.179303,0.183445,0.172643,0.177016,960417855,-0.01275494553911527
2003-07-17,0.171734,0.173801,0.165763,0.168058,930937150,-0.050605594974465595
2003-07-18,0.164844,0.165303,0.156356,0.162548,1397860394,-0.032786299967868304
2003-07-21,0.163476,0.163935,0.156127,0.16004,1074153712,-0.015429288579373535
2003-07-22,0.161869,0.165763,0.161869,0.162788,634619546,0.017170707323169276
2003-07-23,0.162548,0.165763,0.157736,0.164844,660041692,0.012629923581590763
2003-07-24,0.167828,0.168988,0.157046,0.158423,1217471956,-0.038951978840600754
2003-07-25,0.158643,0.161869,0.152922,0.16096,1092642956,0.01601408886335931
2003-07-28,0.162318,0.162548,0.155218,0.155898,767355349,-0.03144880715705756
2003-07-29,0.141928,0.154069,0.140328,0.145833,3047341001,-0.06456144402109087
2003-07-30,0.145133,0.14697,0.143305,0.144223,860005032,-0.011040025234343442
2003-07-31,0.14743,0.149717,0.144443,0.145833,978715123,0.011163267994702686
2003-08-01,0.146063,0.152004,0.144443,0.150625,837182280,0.0328595036788657
2003-08-04,0.150625,0.159113,0.149717,0.156356,1557976901,0.03804813278008279
2003-08-05,0.156356,0.164165,0.154528,0.155898,1159653580,-0.0029292128220214098
2003-08-06,0.153829,0.155898,0.145833,0.149489,1117706788,-0.041110213088044745
2003-08-07,0.149259,0.151325,0.145593,0.14743,1139276804,-0.013773588692144623
2003-08-08,0.126561,0.12702,0.116705,0.118554,4110266611,-0.19586244319337986
2003-08-11,0.120381,0.126561,0.119681,0.124964,1831469430,0.05406818833611693
2003-08-12,0.126791,0.127709,0.124494,0.127479,833215719,0.020125796229313986
2003-08-13,0.127938,0.130226,0.124724,0.128168,755648472,0.0054048117729195155
2003-08-14,0.124034,0.125873,0.122428,0.123804,1668146354,-0.0340490606079521
2003-08-15,0.123115,0.124264,0.122218,0.123345,237398779,-0.003707473102646075
2003-08-18,0.125413,0.12702,0.123115,0.12702,782511496,0.029794478900644572
2003-08-19,0.129996,0.137567,0.129777,0.136887,1530845638,0.07768068020784136
2003-08-20,0.136887,0.137357,0.131843,0.134818,951387527,-0.015114656614580002
2003-08-21,0.138036,0.13986,0.135968,0.138504,708554129,0.02734056283285602
2003-08-22,0.14697,0.14881,0.139412,0.13964,1092977685,0.008201929186160584
2003-08-25,0.142158,0.142158,0.137567,0.138723,474597710,-0.006566886279002926
2003-08-26,0.137127,0.139183,0.132752,0.136667,838476068,-0.014820902085450838
2003-08-27,0.137567,0.142158,0.135968,0.140558,621145106,0.02847066226667727
2003-08-28,0.142158,0.142846,0.135508,0.137127,903164041,-0.024409852160673817
2003-08-29,0.136887,0.139412,0.136197,0.138963,581040949,0.013389048108687573
2003-09-02,0.141248,0.142606,0.136887,0.137567,774731281,-0.010045839540021473
2003-09-03,0.13964,0.140098,0.134361,0.135048,927123958,-0.01831107751132166
2003-09-04,0.135508,0.139412,0.13459,0.136197,815106862,0.008508086013861771
2003-09-05,0.136427,0.146063,0.134818,0.142846,1307066136,0.04881899013928348
2003-09-08,0.145133,0.151105,0.143305,0.149259,1646710719,0.044894501771138184
2003-09-09,0.149259,0.163935,0.143305,0.158423,2714576952,0.06139663269886575
2003-09-10,0.154069,0.158194,0.14651,0.14765,1505543531,-0.06800148968268505
2003-09-11,0.149717,0.154069,0.13986,0.145833,2849037044,-0.012306129359972995
2003-09-12,0.144443,0.151105,0.142846,0.14788,1267559670,0.01403660351223679
2003-09-15,0.149029,0.149947,0.144903,0.145373,649912317,-0.016952934812009768
2003-09-16,0.145833,0.150405,0.145833,0.149947,677457386,0.03146388944301903
2003-09-17,0.150865,0.154528,0.149717,0.151784,985725069,0.012250995351690941
2003-09-18,0.150865,0.152922,0.149259,0.152922,658023214,0.007497496442312679
2003-09-19,0.154528,0.155668,0.150166,0.151555,706655009,-0.00893919776095009
2003-09-22,0.14857,0.149029,0.144443,0.145593,802578391,-0.0393388538814291
2003-09-23,0.145833,0.14788,0.143995,0.14697,686075289,0.009457872287816027
2003-09-24,0.143995,0.145133,0.135748,0.135968,1745299713,-0.07485881472409328
2003-09-25,0.136887,0.139412,0.133451,0.133901,803455828,-0.01520210637797137
2003-09-26,0.133451,0.133901,0.12702,0.128868,976793609,-0.037587471340766565
2003-09-29,0.122428,0.126791,0.119921,0.121988,2120845139,-0.05338796287674219
2003-09-30,0.120828,0.126112,0.120381,0.121988,1113129016,0.0
2003-10-01,0.122218,0.124494,0.121988,0.123115,956479686,0.009238613634128034
2003-10-02,0.122218,0.126791,0.121988,0.124964,935134436,0.01501847865816508
2003-10-03,0.128398,0.131383,0.126112,0.128168,940770935,0.025639384142633004
2003-10-06,0.128398,0.129777,0.126112,0.12726,411108403,-0.007084451657199842
2003-10-07,0.12726,0.128398,0.125413,0.128398,556964279,0.00894232280370888
2003-10-08,0.128398,0.129547,0.123115,0.123804,806423431,-0.035779373510490875
2003-10-09,0.126112,0.130455,0.124724,0.125643,929427851,0.01485412426092858
2003-10-10,0.127709,0.128868,0.126112,0.127938,451837581,0.018266039492848662
2003-10-13,0.129318,0.131843,0.128398,0.129088,474199276,0.008988728915568567
2003-10-14,0.127709,0.131843,0.12702,0.131613,680951674,0.01956029995042141
2003-10-15,0.132991,0.135508,0.129088,0.129777,768161390,-0.0139499897426546
2003-10-16,0.129996,0.131843,0.127938,0.131383,487337956,0.012375074165684286
2003-10-17,0.130695,0.133231,0.12726,0.12726,501227165,-0.031381533379508664
2003-10-20,0.127479,0.130226,0.126561,0.130226,510208289,0.02330661637592324
2003-10-21,0.132532,0.136667,0.130695,0.134131,829155318,0.0299863314545481
2003-10-22,0.132073,0.135048,0.131143,0.131843,677110990,-0.017057950809283517
2003-10-23,0.131843,0.133681,0.129777,0.131143,492314242,-0.005309345206040317
2003-10-24,0.129996,0.131843,0.128628,0.130695,487843730,-0.003416118283095626
2003-10-27,0.130695,0.132991,0.130455,0.131383,277560701,0.005264164658173476
2003-10-28,0.133231,0.140558,0.132532,0.13964,1042506309,0.06284679144181515
2003-10-29,0.135508,0.141478,0.135508,0.13964,538642214,0.0
2003-10-30,0.143305,0.143305,0.136887,0.136887,633496473,-0.019714981380693053
2003-10-31,0.138266,0.139412,0.132991,0.135048,652198634,-0.013434438624558953
2003-11-03,0.134361,0.140328,0.133901,0.137567,843637550,0.018652627214027495
2003-11-04,0.140558,0.141008,0.137127,0.138036,764227387,0.0034092478574077045
2003-11-05,0.135288,0.140098,0.132991,0.138036,962240171,0.0
2003-11-06,0.140788,0.141478,0.136427,0.138963,1435539656,0.006715639398417794
2003-11-07,0.165533,0.168528,0.162098,0.166222,4682358254,0.19616012895518953
2003-11-10,0.166691,0.168988,0.164844,0.165763,1318604090,-0.002761367328031228
2003-11-11,0.162098,0.164844,0.158643,0.16164,871393795,-0.024872860650446693
2003-11-12,0.16118,0.164394,0.16026,0.163696,673490044,0.012719623855481421
2003-11-13,0.163696,0.166222,0.162788,0.163935,632759705,0.0014600234581174654
2003-11-14,0.164394,0.164394,0.153609,0.154069,969215716,-0.06018238936163711
2003-11-17,0.154069,0.154288,0.149717,0.152452,655040479,-0.010495297561482264
2003-11-18,0.156356,0.158194,0.149717,0.150405,1082493000,-0.013427177078687014
2003-11-19,0.151325,0.155218,0.150865,0.154528,618825038,0.027412652504903434
2003-11-20,0.152004,0.155448,0.149717,0.150405,805628066,-0.02668124870573607
2003-11-21,0.152243,0.152452,0.14811,0.151105,592992921,0.004654100595059774
2003-11-24,0.152452,0.16049,0.151325,0.16004,1025834714,0.05913106780053612
2003-11-25,0.16072,0.164165,0.158883,0.162318,897954567,0.014233941514621318
2003-11-26,0.162788,0.165993,0.16004,0.163007,468880299,0.004244754124619776
2003-11-28,0.163007,0.163476,0.16096,0.162318,224762507,-0.004226812345482278
2003-12-01,0.164165,0.165763,0.162098,0.164614,574592830,0.014145073251272233
2003-12-02,0.163476,0.16713,0.162788,0.163935,626664100,-0.004124801049728566
2003-12-03,0.164394,0.169676,0.161869,0.162098,773647386,-0.011205660780187254
2003-12-04,0.162788,0.165533,0.157496,0.16141,569433832,-0.0042443460129056865
2003-12-05,0.157496,0.162098,0.154758,0.156127,610436156,-0.03273031410693272
2003-12-08,0.156127,0.158883,0.154758,0.157276,372893393,0.007359393314417151
2003-12-09,0.157046,0.158423,0.149029,0.149029,652216300,-0.05243648109056698
2003-12-10,0.149029,0.153151,0.149029,0.152243,620028051,0.02156627233625663
2003-12-11,0.152243,0.162098,0.152004,0.16004,757651357,0.05121417733491862
2003-12-12,0.162318,0.163236,0.156586,0.159343,764111775,-0.004355161209697367
2003-12-15,0.163935,0.164165,0.155668,0.156127,679024732,-0.020182875934305344
2003-12-16,0.155218,0.159113,0.152452,0.158194,656090143,0.013239221915491983
2003-12-17,0.156826,0.157496,0.152452,0.155218,544205525,-0.018812344336700537
2003-12-18,0.155448,0.16026,0.155218,0.158643,476185546,0.022065739798219353
2003-12-19,0.162548,0.165073,0.159343,0.16096,999809429,0.014605119671211364
2003-12-22,0.158643,0.16164,0.157046,0.16118,404722757,0.0013667992047714517
2003-12-23,0.16072,0.169437,0.16049,0.167828,788279041,0.041245812135500826
2003-12-24,0.168288,0.168288,0.166222,0.166691,229894045,-0.006774793240698851
2003-12-26,0.167828,0.17472,0.16713,0.173801,396838517,0.04265377254920777
2003-12-29,0.177016,0.181827,0.176328,0.18114,824984913,0.042226454393242685
2003-12-30,0.179303,0.185045,0.179073,0.181598,600613508,0.0025284310478084215
2003-12-31,0.181369,0.182276,0.17448,0.177235,542199896,-0.02402559499553958
2004-01-02,0.180221,0.182516,0.176328,0.176328,475832380,-0.005117499365249523
2004-01-05,0.179073,0.183445,0.177465,0.182056,627265086,0.03248491447756452
2004-01-06,0.181598,0.192153,0.180681,0.189626,1192134846,0.04158061255877299
2004-01-07,0.187331,0.192153,0.186183,0.191235,733470381,0.008485123348064061
2004-01-08,0.19353,0.19444,0.190085,0.191923,472807722,0.003597667790937953
2004-01-09,0.190545,0.196967,0.189167,0.19467,835843996,0.014313031788790287
2004-01-12,0.19537,0.197415,0.19353,0.196967,590952500,0.011799455488775923
2004-01-13,0.19583,0.197885,0.184585,0.186651,944028019,-0.052374255585961094
2004-01-14,0.18802,0.190315,0.183665,0.185265,594102515,-0.0074256232219489515
2004-01-15,0.183895,0.187111,0.180681,0.185733,664247660,0.0025261112460528423
2004-01-16,0.18802,0.190085,0.185733,0.188478,492540279,0.014779279934098888
2004-01-20,0.190775,0.19399,0.188708,0.19375,531871874,0.027971434331858447
2004-01-21,0.192153,0.192843,0.184585,0.184805,539132194,-0.0461677419354839
2004-01-22,0.185265,0.188708,0.178384,0.180451,660456000,-0.02355996861556775
2004-01-23,0.179532,0.183206,0.176099,0.176556,526063007,-0.021584806955905034
2004-01-26,0.177695,0.184115,0.176328,0.183445,429256139,0.03901878157638383
2004-01-27,0.179752,0.182746,0.171514,0.172883,1018727933,-0.05757584017007811
2004-01-28,0.17494,0.177934,0.171514,0.172424,670788888,-0.002654974751710726
2004-01-29,0.173103,0.173801,0.16164,0.16737,1013699449,-0.0293114647612861
2004-01-30,0.16713,0.173801,0.165993,0.170124,508607354,0.016454561749417396
2004-02-02,0.171514,0.176099,0.169676,0.172883,611515465,0.016217582469257863
2004-02-03,0.172424,0.1754,0.169885,0.172194,455794909,-0.003985354256925144
2004-02-04,0.169676,0.171044,0.16737,0.16759,476258825,-0.02673728469052361
2004-02-05,0.168528,0.171964,0.16737,0.170124,361920260,0.015120233904170943
2004-02-06,0.172194,0.176328,0.171264,0.17402,513689337,0.022900942841691974
2004-02-09,0.17472,0.178154,0.172643,0.172643,407780614,-0.007912883576600471
2004-02-10,0.173103,0.179303,0.173103,0.179073,555750950,0.037244487178744734
2004-02-11,0.181369,0.185963,0.180681,0.185265,804471612,0.03457807709704985
2004-02-12,0.184345,0.185265,0.177016,0.179752,1067375491,-0.029757374571559803
2004-02-13,0.1754,0.182516,0.173562,0.178154,1905403662,-0.008890026258400407
2004-02-17,0.178853,0.180681,0.176328,0.179991,628013642,0.010311303703537389
2004-02-18,0.180221,0.181598,0.178853,0.179991,349172212,0.0
2004-02-19,0.182276,0.185504,0.179532,0.179991,688049842,0.0
2004-02-20,0.179752,0.185045,0.178614,0.184585,673962278,0.025523498397141964
2004-02-23,0.184115,0.184585,0.17563,0.178154,930433290,-0.03484031746891669
2004-02-24,0.17494,0.177235,0.168988,0.171044,772369712,-0.03990929196088777
2004-02-25,0.171264,0.17517,0.170124,0.171964,711471587,0.005378732957601606
2004-02-26,0.17448,0.17472,0.171044,0.173103,376162124,0.006623479332883653
2004-02-27,0.173562,0.173562,0.16737,0.170124,649384881,-0.017209407115994613
2004-03-01,0.169676,0.172883,0.169437,0.172643,552399225,0.014806846770590854
2004-03-02,0.172643,0.17402,0.168748,0.169437,886841937,-0.018570112891921453
2004-03-03,0.168988,0.168988,0.164394,0.16713,602404267,-0.013615680164308919
2004-03-04,0.168748,0.171044,0.16737,0.170814,450700537,0.022042721234966756
2004-03-05,0.16692,0.173562,0.166451,0.169676,386955619,-0.00666221738265016
2004-03-08,0.169676,0.171964,0.162318,0.163696,507197593,-0.035243640821330025
2004-03-09,0.165073,0.165303,0.1598,0.162548,404769467,-0.007012999706773604
2004-03-10,0.162548,0.165303,0.159113,0.16026,525339219,-0.014075842212761702
2004-03-11,0.157965,0.163696,0.157965,0.158883,574473011,-0.008592287532759424
2004-03-12,0.16049,0.164394,0.159343,0.162318,412094122,0.021619682407809426
2004-03-15,0.16118,0.162098,0.157736,0.158643,459276767,-0.022640742246700873
2004-03-16,0.16026,0.166222,0.159582,0.165533,651486873,0.0434308478785701
2004-03-17,0.168058,0.171044,0.16737,0.169437,571984202,0.023584421233228348
2004-03-18,0.168528,0.173562,0.168058,0.171514,575760230,0.0122582434769265
2004-03-19,0.170814,0.172194,0.168528,0.169437,493888759,-0.012109798617022438
2004-03-22,0.16692,0.169437,0.164394,0.168058,629201001,-0.008138718225653152
2004-03-23,0.170354,0.172194,0.16692,0.168748,628077827,0.004105725404324634
2004-03-24,0.168528,0.179303,0.168058,0.176328,858482343,0.04491905089245507
2004-03-25,0.178384,0.187561,0.178154,0.186651,1087227035,0.058544303797468444
2004-03-26,0.186651,0.188937,0.183665,0.186183,601447651,-0.002507353295723158
2004-03-29,0.188478,0.196737,0.188478,0.19422,1070700476,0.0431672064581623
2004-03-30,0.192843,0.20085,0.192613,0.199933,790148116,0.02941509628256611
2004-03-31,0.20085,0.203835,0.199933,0.201768,657572943,0.009178074655009416
2004-04-01,0.204055,0.206112,0.193072,0.198114,1433180821,-0.018109908409658537
2004-04-02,0.202447,0.203835,0.196508,0.201079,703057708,0.01496613061166796
2004-04-05,0.199933,0.209088,0.199933,0.20817,628850349,0.035264746691598736
2004-04-06,0.204055,0.205423,0.198784,0.199703,680486901,-0.040673488014603465
2004-04-07,0.20085,0.201308,0.19513,0.198784,488327351,-0.004601833723078763
2004-04-08,0.203156,0.206332,0.201538,0.204285,487489793,0.02767325338055371
2004-04-12,0.205882,0.206791,0.199243,0.200631,483880073,-0.017886775827887447
2004-04-13,0.202447,0.202447,0.1949,0.19583,482787675,-0.023929502419865356
2004-04-14,0.1949,0.200631,0.192613,0.196967,558278958,0.005806056273298221
2004-04-15,0.19422,0.19513,0.185733,0.186651,902769853,-0.052374255585961094
2004-04-16,0.185045,0.185963,0.179991,0.180451,714026134,-0.033217073575818046
2004-04-19,0.180451,0.181598,0.177016,0.180221,570035188,-0.0012745842361638893
2004-04-20,0.180681,0.182746,0.172424,0.172643,560224497,-0.042048373940883677
2004-04-21,0.173103,0.178853,0.171514,0.172883,751048477,0.0013901519320216327
2004-04-22,0.171964,0.176796,0.16759,0.173801,758365732,0.005309949503421452
2004-04-23,0.17586,0.180681,0.1754,0.177695,484041384,0.022404934378973618
2004-04-26,0.177934,0.178853,0.170124,0.170574,468754953,-0.04007428458876161
2004-04-27,0.171964,0.177235,0.168528,0.169217,539246084,-0.007955491458252695
2004-04-28,0.169217,0.171964,0.16713,0.168528,511116022,-0.004071694924268843
2004-04-29,0.16759,0.168748,0.16164,0.163935,703329052,-0.027253631444033144
2004-04-30,0.163696,0.163935,0.156127,0.156826,559267451,-0.04336474822338121
2004-05-03,0.158423,0.16004,0.152004,0.154758,665841065,-0.013186588958463474
2004-05-04,0.157046,0.166691,0.156586,0.164614,842163804,0.06368652993706303
2004-05-05,0.164844,0.16759,0.163476,0.165993,506226465,0.008377173265943227
2004-05-06,0.164394,0.168748,0.16096,0.16737,775694186,0.008295530534420115
2004-05-07,0.172424,0.17563,0.167828,0.168748,1042878394,0.008233255661110217
2004-05-10,0.164394,0.165993,0.158643,0.162098,729520194,-0.03940787446369742
2004-05-11,0.164165,0.167828,0.163476,0.166222,436066558,0.025441399647127216
2004-05-12,0.165303,0.165533,0.158194,0.163935,525902258,-0.013758708233567174
2004-05-13,0.162548,0.16737,0.162098,0.164394,379381331,0.002799890200384292
2004-05-14,0.165073,0.168058,0.163476,0.164394,500472510,0.0
2004-05-17,0.162098,0.164165,0.159343,0.161869,336190385,-0.0153594413421414
2004-05-18,0.163236,0.166222,0.162548,0.164394,222891409,0.015599033786580563
2004-05-19,0.168058,0.170354,0.163236,0.163935,543289369,-0.0027920727033834414
2004-05-20,0.163696,0.166451,0.16072,0.16164,459566559,-0.013999451001921459
2004-05-21,0.163476,0.163696,0.1598,0.162098,307582331,0.002833457065082756
2004-05-24,0.16164,0.163236,0.159582,0.16141,328929825,-0.0042443460129056865
2004-05-25,0.162098,0.169217,0.158883,0.168528,742815828,0.04409887863205508
2004-05-26,0.167828,0.17426,0.16759,0.171964,571967658,0.020388303427323562
2004-05-27,0.17472,0.177465,0.172194,0.172424,606836482,0.002674978483868662
2004-05-28,0.17426,0.180221,0.173332,0.179303,695628206,0.03989583816638054
2004-06-01,0.176556,0.180911,0.17586,0.179073,347190128,-0.0012827448508947459
2004-06-02,0.184115,0.184345,0.177465,0.177695,701962836,-0.00769518576223116
2004-06-03,0.177695,0.178154,0.168528,0.169217,764347937,-0.0477109654182728
2004-06-04,0.172643,0.172883,0.16737,0.16737,708298648,-0.010914978991472535
2004-06-07,0.170124,0.173332,0.168058,0.171514,623786592,0.02475951484734429
2004-06-08,0.170354,0.170814,0.165993,0.168528,670571965,-0.01740965752066881
2004-06-09,0.169437,0.169676,0.16004,0.16049,543363770,-0.047695338460077896
2004-06-10,0.162098,0.163476,0.157496,0.158883,615517559,-0.010013084927409821
2004-06-14,0.158194,0.158194,0.152692,0.154069,463125994,-0.030299025068761143
2004-06-15,0.156586,0.158643,0.154758,0.156356,430231362,0.014843998468218711
2004-06-16,0.155898,0.156826,0.153151,0.153829,275427882,-0.016161835810586056
2004-06-17,0.153151,0.156586,0.149947,0.150865,525952653,-0.019268148398546403
2004-06-18,0.151325,0.155218,0.149029,0.151105,583268219,0.001590826235375875
2004-06-21,0.151325,0.153609,0.14743,0.14833,291154790,-0.018364713278845812
2004-06-22,0.149029,0.153151,0.14811,0.152452,469188809,0.02778938852558488
2004-06-23,0.152004,0.155668,0.151784,0.155218,288575236,0.018143415632461357
2004-06-24,0.159343,0.1598,0.152692,0.153829,644023100,-0.008948704402839902
2004-06-25,0.152922,0.156586,0.152922,0.154758,358900219,0.006039173367830664
2004-06-28,0.157046,0.157496,0.152922,0.153381,326422138,-0.008897762958942512
2004-06-29,0.154288,0.158883,0.153829,0.158643,396741753,0.03430672638723187
2004-06-30,0.154528,0.158883,0.154528,0.156356,359587163,-0.014416015834294638
2004-07-01,0.158194,0.158423,0.149029,0.149259,552334519,-0.04539000741896693
2004-07-02,0.150865,0.150865,0.146063,0.14719,321591569,-0.01386181067808312
2004-07-06,0.14697,0.14697,0.136887,0.138504,627375240,-0.05901216115225216
2004-07-07,0.140328,0.143305,0.138504,0.139183,375225498,0.00490238549067179
2004-07-08,0.138036,0.140328,0.134818,0.135048,469017834,-0.02970908803517669
2004-07-09,0.134818,0.135048,0.126561,0.129088,1215201672,-0.04413245660802079
2004-07-12,0.125643,0.129088,0.124494,0.126112,737204075,-0.02305404065443728
2004-07-13,0.127709,0.129996,0.124494,0.125873,618472983,-0.0018951408272011028
2004-07-14,0.121528,0.124964,0.117854,0.120381,983077193,-0.04363127914644138
2004-07-15,0.121528,0.122886,0.118764,0.119451,666591693,-0.007725471627582414
2004-07-16,0.123115,0.123345,0.116005,0.116005,506680893,-0.02884864923692565
2004-07-19,0.117624,0.118554,0.114631,0.117394,502763154,0.01197362182664552
2004-07-20,0.117165,0.120141,0.116005,0.119681,372398175,0.019481404501081823
2004-07-21,0.121528,0.121758,0.112122,0.112342,668842508,-0.061321345911213965
2004-07-22,0.113031,0.115328,0.110056,0.11486,569000165,0.02241370102009932
2004-07-23,0.115558,0.115796,0.110976,0.111662,405057696,-0.027842590980323934
2004-07-26,0.113031,0.114181,0.10753,0.108689,548688786,-0.026624993283301368
2004-07-27,0.10753,0.112582,0.105703,0.112122,861386261,0.03158553303462175
2004-07-28,0.111892,0.112342,0.106162,0.109366,550883376,-0.024580367813631487
2004-07-29,0.110286,0.119451,0.110286,0.116475,814885982,0.06500192015800144
2004-07-30,0.116475,0.119921,0.11486,0.117854,440477732,0.011839450525863882
2004-08-02,0.117624,0.119921,0.116005,0.119451,459366161,0.013550664381353217
2004-08-03,0.119921,0.119921,0.112342,0.113261,808931358,-0.0518204117169383
2004-08-04,0.113031,0.115558,0.111892,0.114411,553736208,0.010153539170588255
2004-08-05,0.1151,0.116245,0.109366,0.111203,952977467,-0.028039261959077355
2004-08-06,0.0772747,0.0779734,0.071074,0.0719926,5549127046,-0.3526019981475319
2004-08-09,0.0740594,0.077045,0.0726915,0.0751977,1722668887,0.04451985342938025
2004-08-10,0.0797909,0.0820874,0.0781833,0.0811689,2237331415,0.0794066839810259
2004-08-11,0.0795713,0.0802502,0.078423,0.0788823,1051379232,-0.028170888111086922
2004-08-12,0.0791219,0.0793316,0.0768152,0.077045,713504486,-0.02329166365585178
2004-08-13,0.0786527,0.0807094,0.0781833,0.0802502,889402653,0.0416016613667336
2004-08-16,0.0793316,0.0813986,0.0788823,0.0795713,579792178,-0.008459792000518385
2004-08-17,0.0811689,0.0843841,0.08048,0.0839146,812215182,0.05458375067392396
2004-08-18,0.0841545,0.0894165,0.0834654,0.0894165,951315670,0.06556546774935468
2004-08-19,0.0884978,0.0905548,0.087819,0.089187,789854479,-0.002566640385163743
2004-08-20,0.0887275,0.0956073,0.0882682,0.0944489,1307525680,0.058998508751275436
2004-08-23,0.0944489,0.0974446,0.0944489,0.0965259,872308428,0.0219907272609845
2004-08-24,0.097894,0.0983632,0.091014,0.0928513,1024295550,-0.03806853911748043
2004-08-25,0.0949185,0.0974446,0.0930811,0.0967556,786497015,0.04204895354184601
2004-08-26,0.0965259,0.0976741,0.095837,0.0969853,668081333,0.0023740227955797444
2004-08-27,0.0972149,0.1002,0.0969853,0.0988226,616189570,0.01894410802461821
2004-08-30,0.0988226,0.0990521,0.0956073,0.0956073,684922872,-0.03253607980360762
2004-08-31,0.0960668,0.0965259,0.0921724,0.0951479,640424878,-0.004805072416018574
2004-09-01,0.0940097,0.0983632,0.0928513,0.0969853,645547672,0.01931098847163204
2004-09-02,0.0976741,0.101808,0.0965259,0.10112,840174549,0.042632233957104804
2004-09-03,0.10112,0.10112,0.0972149,0.097894,779669550,-0.03190268987341782
2004-09-07,0.0985829,0.10066,0.0949185,0.0960668,793327715,-0.01866508672645928
2004-09-08,0.0960668,0.0969853,0.0940097,0.0942294,910830125,-0.019126274633900486
2004-09-09,0.0965259,0.105253,0.0960668,0.103633,1416865817,0.09979475620135547
2004-09-10,0.101808,0.108,0.101578,0.10753,1133647925,0.0376038520548474
2004-09-13,0.107301,0.111662,0.107301,0.109596,1055194057,0.019213242815958376
2004-09-14,0.108689,0.110746,0.10777,0.110056,745319029,0.004197233475674356
2004-09-15,0.106611,0.107081,0.102488,0.103873,1270013397,-0.0561804899323981
2004-09-16,0.105703,0.108907,0.105253,0.10777,883217095,0.03751696783572256
2004-09-17,0.108689,0.112801,0.10777,0.112342,1102068373,0.04242368005938557
2004-09-20,0.110056,0.115328,0.108689,0.112122,866441394,-0.0019583058873795522
2004-09-21,0.113731,0.116005,0.113261,0.1151,549431523,0.026560353900215716
2004-09-22,0.113031,0.11486,0.109137,0.109826,682467713,-0.045821025195482146
2004-09-23,0.110976,0.111432,0.10777,0.110746,630946623,0.008376887075920214
2004-09-24,0.111203,0.111432,0.105703,0.107301,519347680,-0.031107218319397556
2004-09-27,0.106611,0.10777,0.103633,0.105473,443421849,-0.01703618791996342
2004-09-28,0.104783,0.108,0.103873,0.107081,518106600,0.015245607880689738
2004-09-29,0.106841,0.112582,0.105473,0.109596,585955133,0.023486893099616157
2004-09-30,0.110746,0.113491,0.108689,0.110976,675675451,0.012591700427022845
2004-10-01,0.111432,0.116245,0.110976,0.115558,643755712,0.041288206459054066
2004-10-04,0.116935,0.120381,0.116245,0.118764,735072008,0.02774364388445627
2004-10-05,0.116935,0.119004,0.1151,0.116245,690408898,-0.021210131016132783
2004-10-06,0.116005,0.117165,0.113261,0.116705,543538961,0.003957159447718128
2004-10-07,0.118764,0.121528,0.116705,0.117394,870178734,0.0059037744741012865
2004-10-08,0.116005,0.116475,0.109826,0.110976,756073866,-0.05467059645297023
2004-10-11,0.110976,0.113261,0.109137,0.110976,407627206,0.0
2004-10-12,0.107301,0.110286,0.105473,0.109366,902400603,-0.014507641291810813
2004-10-13,0.112801,0.114181,0.10777,0.108689,733782126,-0.006190223652689286
2004-10-14,0.108459,0.109826,0.104783,0.105473,547632762,-0.029589010847463793
2004-10-15,0.105703,0.105932,0.0999606,0.102488,1396285026,-0.028301081793444816
2004-10-18,0.102038,0.105473,0.10112,0.104333,626691401,0.018002107563812375
2004-10-19,0.106841,0.10777,0.102937,0.103633,674573809,-0.006709286611139231
2004-10-20,0.103415,0.105473,0.102717,0.105013,589335080,0.01331622166684343
2004-10-21,0.105703,0.108689,0.105253,0.107301,1105583702,0.02178777865597592
2004-10-22,0.108229,0.108459,0.10112,0.101578,749754889,-0.05333594281507159
2004-10-25,0.10066,0.104103,0.10043,0.102038,589273078,0.004528539644411245
2004-10-26,0.112122,0.116005,0.108229,0.110746,2677740986,0.08534075540484909
2004-10-27,0.110056,0.115796,0.108689,0.113731,1171292436,0.026953569429144286
2004-10-28,0.112342,0.114631,0.111432,0.112582,612292102,-0.010102786399486474
2004-10-29,0.111432,0.113031,0.109596,0.110506,810208802,-0.01843989270043178
2004-11-01,0.112122,0.113031,0.110746,0.113031,714109208,0.02284943803956363
2004-11-02,0.112342,0.116935,0.111662,0.114631,1195156119,0.014155408693190319
2004-11-03,0.119004,0.119681,0.1151,0.115558,992767755,0.00808681770201769
2004-11-04,0.115558,0.119243,0.113951,0.117854,1172666714,0.01986881046747091
2004-11-05,0.135508,0.143535,0.133231,0.134818,4197379303,0.1439408081185194
2004-11-08,0.133451,0.138036,0.132752,0.136197,783744994,0.01022860448901497
2004-11-09,0.134131,0.137357,0.134131,0.135508,671624153,-0.0050588485796311256
2004-11-10,0.135288,0.136667,0.13459,0.135508,704329974,0.0
2004-11-11,0.136197,0.138036,0.135288,0.138036,553007051,0.018655725123239986
2004-11-12,0.140328,0.140558,0.136887,0.138266,705624874,0.001666231997450085
2004-11-15,0.136887,0.141478,0.136197,0.140328,585229852,0.01491328309201112
2004-11-16,0.140788,0.142377,0.137357,0.13986,515509359,-0.00333504361210879
2004-11-17,0.141698,0.146063,0.140788,0.142377,658006689,0.017996567996567903
2004-11-18,0.143535,0.145373,0.140558,0.144223,581377080,0.012965577305322995
2004-11-19,0.155218,0.156826,0.143765,0.144903,2319728760,0.004714920643725362
2004-11-22,0.145373,0.149029,0.143995,0.149029,804040540,0.028474220685561935
2004-11-23,0.14788,0.151325,0.14651,0.149717,736891760,0.004616551141052971
2004-11-24,0.149489,0.152692,0.149029,0.150166,467693501,0.002998991430498865
2004-11-26,0.150865,0.153151,0.149717,0.151784,382512838,0.010774742618169242
2004-11-29,0.152922,0.154069,0.14743,0.14881,768624350,-0.019593633057502835
2004-11-30,0.149489,0.149489,0.145373,0.146281,628763289,-0.016994825616558074
2004-12-01,0.14743,0.149947,0.14651,0.149947,561069376,0.025061354516307643
2004-12-02,0.14833,0.152922,0.14719,0.151784,828378270,0.012250995351690941
2004-12-03,0.155448,0.16049,0.154988,0.158423,1469047863,0.04373978811995993
2004-12-06,0.159113,0.16737,0.156356,0.165993,1058224323,0.04778346578463988
2004-12-07,0.17563,0.190775,0.172194,0.17426,3192056697,0.049803304958642824
2004-12-08,0.177016,0.179532,0.17494,0.176328,951584541,0.011867324687248937
2004-12-09,0.172883,0.176556,0.169885,0.17472,948565421,-0.00911936844970751
2004-12-10,0.178853,0.179991,0.177016,0.178154,712474301,0.019654304029304237
2004-12-13,0.1754,0.177695,0.172424,0.173332,804842455,-0.027066470581631585
2004-12-14,0.173332,0.177016,0.173103,0.176796,559612355,0.01998476911360858
2004-12-15,0.178614,0.178853,0.17586,0.178384,472254348,0.008982103667503738
2004-12-16,0.184115,0.190085,0.180451,0.180681,1661741058,0.012876715400484517
2004-12-17,0.183445,0.184805,0.17426,0.176328,1331698334,-0.024092184568382913
2004-12-20,0.178154,0.18114,0.173332,0.17426,979933478,-0.011728143006215719
2004-12-21,0.173801,0.176796,0.170124,0.17563,980842423,0.007861815677723039
2004-12-22,0.179303,0.179991,0.1754,0.17586,460139573,0.001309571257757769
2004-12-23,0.17517,0.178384,0.17402,0.176328,400128510,0.002661207778915209
2004-12-27,0.178853,0.179532,0.173801,0.17472,336099750,-0.00911936844970751
2004-12-28,0.17472,0.176556,0.173103,0.173801,318076881,-0.005259844322344165
2004-12-29,0.173103,0.177465,0.172883,0.1754,321358221,0.009200177214170102
2004-12-30,0.17494,0.177016,0.17402,0.17472,283278762,-0.0038768529076397273
2004-12-31,0.177016,0.180911,0.176556,0.179991,628016486,0.03016826923076943
2005-01-03,0.186651,0.188937,0.179532,0.180221,1164168239,0.0012778416698611128
2005-01-04,0.181827,0.181827,0.168988,0.171734,861619889,-0.04709218126633408
2005-01-05,0.170354,0.1754,0.168988,0.173332,790346953,0.009305088101366099
2005-01-06,0.176328,0.178384,0.170354,0.171734,616033047,-0.009219301686936188
2005-01-07,0.172424,0.173332,0.165763,0.168288,832034529,-0.020065915893183628
2005-01-10,0.168288,0.170354,0.167828,0.168748,633096727,0.002733409393420816
2005-01-11,0.16713,0.168058,0.16096,0.163476,1195811706,-0.031241851755280048
2005-01-12,0.164844,0.165533,0.158194,0.162098,1154437477,-0.008429371895568916
2005-01-13,0.162098,0.168058,0.158883,0.163935,979983102,0.01133265061876143
2005-01-14,0.166222,0.16737,0.162788,0.164394,625849867,0.002799890200384292
2005-01-18,0.162548,0.16737,0.162098,0.16692,506565360,0.015365524289207677
2005-01-19,0.16737,0.168058,0.162548,0.163236,367284794,-0.0220704529115745
2005-01-20,0.1598,0.16759,0.1598,0.163476,698111136,0.0014702639123724826
2005-01-21,0.163696,0.16713,0.163236,0.163935,650164933,0.002807751596564545
2005-01-24,0.163236,0.165303,0.156356,0.157276,505760281,-0.04061975783084759
2005-01-25,0.158194,0.162318,0.157046,0.16004,479430732,0.017574200768076365
2005-01-26,0.16049,0.164394,0.157965,0.162098,467913018,0.012859285178705271
2005-01-27,0.16141,0.17586,0.16141,0.17517,1094833070,0.08064257424520971
2005-01-28,0.17517,0.176556,0.171044,0.17494,732253137,-0.0013130102186446058
2005-01-31,0.176556,0.178384,0.172643,0.17517,614022281,0.0013147364810790485
2005-02-01,0.17517,0.179303,0.17402,0.178384,557511835,0.018347890620540097
2005-02-02,0.185733,0.189856,0.180221,0.188478,2216322166,0.0565857924477533
2005-02-03,0.188478,0.188478,0.183895,0.186423,761760221,-0.010903129277687551
2005-02-04,0.186423,0.197645,0.186423,0.197186,879678671,0.0577342924424562
2005-02-07,0.196278,0.201079,0.193072,0.19467,568935669,-0.012759526538395183
2005-02-08,0.193072,0.199703,0.192843,0.196737,497075288,0.01061796887039601
2005-02-09,0.197415,0.197885,0.188708,0.189856,855617684,-0.03497562736038462
2005-02-10,0.190775,0.19513,0.190085,0.19422,656900711,0.02298584190123054
2005-02-11,0.193072,0.201308,0.192393,0.199933,607935500,0.02941509628256611
2005-02-14,0.199243,0.200631,0.1949,0.19559,472008932,-0.021722276962782505
2005-02-15,0.196967,0.203605,0.196737,0.197415,828384799,0.009330742880515386
2005-02-16,0.197415,0.199703,0.193302,0.196737,508558160,-0.0034343894840818123
2005-02-17,0.199473,0.199473,0.19353,0.1949,1262716973,-0.009337338680573626
2005-02-18,0.209788,0.216208,0.204055,0.215968,3415588230,0.1080964597229348
2005-02-22,0.2146,0.223767,0.212763,0.218734,1549343415,0.012807452955993615
2005-02-23,0.215518,0.218034,0.20817,0.211614,1207940551,-0.032550952298225355
2005-02-24,0.209328,0.217574,0.20887,0.217354,758330610,0.027124859413838465
2005-02-25,0.216667,0.22148,0.215278,0.220342,572612349,0.013747159012486687
2005-02-28,0.219424,0.22171,0.217354,0.22148,826918024,0.005164698514128041
2005-03-01,0.221939,0.226292,0.218734,0.22102,803928182,-0.0020769369694780826
2005-03-02,0.218504,0.219873,0.213211,0.2146,1033071979,-0.029047145054746037
2005-03-03,0.21415,0.215278,0.2084,0.211614,830184371,-0.013914259086672986
2005-03-04,0.212303,0.21415,0.20887,0.210684,646719969,-0.004394794295273452
2005-03-07,0.211614,0.217354,0.210237,0.212763,557397795,0.00986785897362874
2005-03-08,0.212303,0.212763,0.200631,0.201998,1452780660,-0.050596203287225694
2005-03-09,0.200631,0.204515,0.196278,0.196737,991641677,-0.026044812324874544
2005-03-10,0.196967,0.199243,0.19353,0.196737,750790713,0.0
2005-03-11,0.197885,0.198784,0.190545,0.192393,798333505,-0.022080239100931598
2005-03-14,0.19583,0.198554,0.1949,0.197645,619771649,0.027298290478343645
2005-03-15,0.198784,0.200631,0.19353,0.19375,412661518,-0.019707050519871427
2005-03-16,0.192153,0.196049,0.190315,0.190545,583783897,-0.016541935483871062
2005-03-17,0.191005,0.191693,0.18802,0.188478,482784430,-0.010847831220971327
2005-03-18,0.188708,0.189397,0.181369,0.184805,702575699,-0.01948768556542413
2005-03-21,0.183445,0.191463,0.183445,0.191005,714036399,0.033548875842103865
2005-03-22,0.191923,0.193072,0.186871,0.187561,685589025,-0.018030941598387473
2005-03-23,0.187561,0.193072,0.187111,0.191693,803427286,0.02203016618593412
2005-03-24,0.192843,0.197415,0.191923,0.192153,944286905,0.0023996703061666125
2005-03-28,0.192613,0.1949,0.18802,0.189856,557270785,-0.011954015810317742
2005-03-29,0.188937,0.191923,0.184805,0.185733,640153193,-0.021716458789819537
2005-03-30,0.185963,0.188478,0.179303,0.185733,935817103,0.0
2005-03-31,0.184585,0.185963,0.180681,0.181598,569446020,-0.02226314117577377
2005-04-01,0.183445,0.184805,0.178853,0.179752,557324145,-0.01016531019064093
2005-04-04,0.179752,0.179752,0.17472,0.178853,460077361,-0.005001335172904797
2005-04-05,0.178853,0.182516,0.17448,0.17563,470662545,-0.01802038545621265
2005-04-06,0.178614,0.181827,0.177695,0.178384,619259175,0.01568069236462999
2005-04-07,0.178614,0.183445,0.176099,0.181598,562271328,0.018017310969593803
2005-04-08,0.182746,0.186423,0.178853,0.179303,677701841,-0.012637804381105622
2005-04-11,0.180451,0.18114,0.17517,0.17563,358166766,-0.020484877553638148
2005-04-12,0.17494,0.178154,0.171264,0.177934,558810440,0.013118487729886663
2005-04-13,0.178614,0.178614,0.169217,0.170354,543564249,-0.04260006519271187
2005-04-14,0.170814,0.172424,0.168528,0.168988,385176848,-0.00801859656949655
2005-04-15,0.16692,0.168058,0.16164,0.163236,687139295,-0.034037919852297205
2005-04-18,0.163236,0.165763,0.16118,0.162098,515917137,-0.006971501384498535
2005-04-19,0.164394,0.168988,0.163935,0.16759,399571580,0.03388073881232345
2005-04-20,0.170574,0.171514,0.162318,0.162548,618519883,-0.030085327286830887
2005-04-21,0.165993,0.172194,0.164394,0.171514,588927633,0.05515909146836617
2005-04-22,0.170574,0.171734,0.168058,0.169885,366652462,-0.009497766946138464
2005-04-25,0.171514,0.17402,0.170574,0.172643,347011381,0.016234511581363797
2005-04-26,0.172643,0.176328,0.168288,0.171964,390167255,-0.003932971507677574
2005-04-27,0.168058,0.168058,0.161869,0.165303,664780264,-0.038734851480542454
2005-04-28,0.164844,0.168058,0.163236,0.165763,407258105,0.002782768612789699
2005-04-29,0.166691,0.168748,0.1598,0.16759,521708939,0.011021759982625667
2005-05-02,0.169676,0.171514,0.164394,0.16692,373202263,-0.003997851900471194
2005-05-03,0.16713,0.170124,0.165303,0.165993,479439996,-0.005553558590941865
2005-05-04,0.16713,0.172643,0.166222,0.171264,511371082,0.031754351087094124
2005-05-05,0.172194,0.176796,0.171514,0.17472,675969088,0.020179372197309364
2005-05-06,0.176556,0.177235,0.172643,0.177016,388125543,0.013141025641025816
2005-05-09,0.177934,0.181598,0.176796,0.180451,815527589,0.01940502553441492
2005-05-10,0.178154,0.178154,0.171264,0.173332,802396309,-0.03945115294456658
2005-05-11,0.17426,0.17494,0.170124,0.170354,606465479,-0.017180901391549264
2005-05-12,0.171264,0.176556,0.170354,0.17426,989347348,0.022928724890522112
2005-05-13,0.189856,0.19467,0.181827,0.19353,2889800022,0.11058188913118339
2005-05-16,0.191693,0.19559,0.191235,0.19422,724025926,0.0035653387071772347
2005-05-17,0.193072,0.197415,0.193072,0.196508,697605412,0.011780455153949099
2005-05-18,0.196278,0.198324,0.19399,0.197885,600281503,0.007007348301341532
2005-05-19,0.198324,0.199243,0.19537,0.197415,493801609,-0.0023751168608029394
2005-05-20,0.197885,0.201079,0.1949,0.201079,563872033,0.01855988653344487
2005-05-23,0.202447,0.20771,0.201768,0.205652,767248359,0.0227423052631055
2005-05-24,0.204515,0.209328,0.203605,0.20864,573286653,0.014529399179195934
2005-05-25,0.20864,0.209088,0.203835,0.205882,585798099,-0.013218941717791366
2005-05-26,0.207481,0.213211,0.207261,0.211614,860200714,0.02784119058489809
2005-05-27,0.212303,0.212303,0.20817,0.210237,351896822,-0.006507130908162906
2005-05-31,0.210008,0.211154,0.203605,0.207021,831759248,-0.015297021932390575
2005-06-01,0.205652,0.212763,0.203376,0.209088,868608854,0.009984494326662485
2005-06-02,0.20817,0.216885,0.20817,0.216885,746486058,0.037290518824609764
2005-06-03,0.216208,0.218034,0.21392,0.216208,615643637,-0.0031214699034050053
2005-06-06,0.212763,0.216667,0.212303,0.21415,559349383,-0.009518611707244884
2005-06-07,0.212763,0.216208,0.20817,0.209088,1063026940,-0.023637637170207837
2005-06-08,0.210008,0.212533,0.205423,0.207481,674625486,-0.007685759106213608
2005-06-09,0.205652,0.216427,0.205652,0.216208,676047145,0.04206168275649347
2005-06-10,0.215968,0.216208,0.212303,0.21392,507135891,-0.010582402131281032
2005-06-13,0.21392,0.224694,0.213451,0.218504,1537307258,0.021428571428571352
2005-06-14,0.218734,0.222169,0.198784,0.205652,2627124554,-0.05881814520557982
2005-06-15,0.204515,0.205882,0.196967,0.204964,1821190742,-0.0033454573745939076
2005-06-16,0.204964,0.207481,0.198324,0.206112,533442144,0.005600983587361608
2005-06-17,0.20864,0.209088,0.205193,0.205652,498155127,-0.0022317963049215406
2005-06-20,0.205652,0.210237,0.202228,0.20887,664798992,0.01564779335965616
2005-06-21,0.210237,0.211844,0.20817,0.210684,466856734,0.008684827883372437
2005-06-22,0.213451,0.21437,0.20794,0.210464,763969984,-0.0010442178808072189
2005-06-23,0.210684,0.216427,0.209328,0.21392,912642727,0.016420860574730023
2005-06-24,0.213451,0.213451,0.205882,0.207021,519452145,-0.03225037397157815
2005-06-27,0.206791,0.207481,0.203605,0.205423,387452189,-0.00771902367392685
2005-06-28,0.206332,0.20794,0.203835,0.206562,286014840,0.00554465663533299
2005-06-29,0.206332,0.207021,0.203156,0.204744,309193422,-0.008801231591483383
2005-06-30,0.206332,0.20794,0.202687,0.204285,640585667,-0.002241823936232623
2005-07-01,0.203376,0.205423,0.201079,0.205193,343644494,0.004444770785911878
2005-07-05,0.205193,0.209088,0.203835,0.2084,404012439,0.015629188130199534
2005-07-06,0.209328,0.214819,0.206562,0.21392,767593394,0.026487523992322348
2005-07-07,0.211154,0.21392,0.209788,0.212303,509801113,-0.00755890052356023
2005-07-08,0.213211,0.215738,0.210924,0.215058,445008524,0.012976736080036577
2005-07-11,0.216427,0.220572,0.215968,0.218264,435589267,0.014907606320155642
2005-07-12,0.218504,0.218734,0.212533,0.217115,615338993,-0.005264267126049216
2005-07-13,0.218504,0.218504,0.21368,0.217354,649063041,0.0011007991156759545
2005-07-14,0.219654,0.223997,0.207481,0.20771,2041236811,-0.04437001389438422
2005-07-15,0.20771,0.20771,0.201998,0.205423,1333890561,-0.011010543546290608
2005-07-18,0.204964,0.204964,0.198324,0.200401,1139387609,-0.024447116437789296
2005-07-19,0.201308,0.203605,0.200162,0.203156,564818824,0.01374743639003806
2005-07-20,0.201308,0.207021,0.198114,0.206112,574789243,0.014550394770521002
2005-07-21,0.204055,0.204515,0.198554,0.202687,648378751,-0.016617179009470462
2005-07-22,0.203835,0.206562,0.196049,0.197415,765013218,-0.026010548283807
2005-07-25,0.19559,0.204744,0.19422,0.198554,1064443441,0.005769571714408839
2005-07-26,0.197885,0.202917,0.196967,0.202687,828561062,0.020815496036342696
2005-07-27,0.202917,0.20771,0.199473,0.206791,881127390,0.02024796854262978
2005-07-28,0.207021,0.209328,0.203605,0.2084,459189858,0.007780802839582046
2005-07-29,0.207481,0.209788,0.205193,0.206791,383963150,-0.00772072936660273
2005-08-01,0.20794,0.210924,0.206562,0.210008,424761991,0.015556769878766419
2005-08-02,0.210008,0.213451,0.209788,0.212763,466396027,0.013118547864843233
2005-08-03,0.212074,0.214819,0.210924,0.212763,565133513,0.0
2005-08-04,0.210924,0.212074,0.210008,0.210464,388822632,-0.010805450195757738
2005-08-05,0.209328,0.216427,0.20887,0.215968,745925472,0.026151740915310917
2005-08-08,0.217354,0.22148,0.215058,0.216667,796076722,0.0032365906060156657
2005-08-09,0.216667,0.217574,0.21368,0.216208,318269949,-0.0021184582792949103
2005-08-10,0.217814,0.218034,0.210684,0.212992,484906473,-0.014874565233478965
2005-08-11,0.212992,0.216208,0.210924,0.215968,965173662,0.013972355769230838
2005-08-12,0.228837,0.230855,0.2208,0.228837,2524736277,0.05958753148614626
2005-08-15,0.228837,0.237086,0.226751,0.2348,962402893,0.026057849036650538
2005-08-16,0.233202,0.23457,0.229067,0.230635,699294399,-0.01773850085178874
2005-08-17,0.229716,0.233671,0.229526,0.230635,664729438,0.0
2005-08-18,0.229067,0.230146,0.223767,0.224694,897064731,-0.025759316669195953
2005-08-19,0.225382,0.225852,0.222399,0.223089,460374323,-0.0071430478784479945
2005-08-22,0.223089,0.226292,0.218734,0.22125,596665925,-0.008243346825706377
2005-08-23,0.22171,0.223997,0.220342,0.222859,277450787,0.007272316384180799
2005-08-24,0.221939,0.227679,0.220342,0.222859,561111669,0.0
2005-08-25,0.224237,0.225612,0.221939,0.224465,323269970,0.007206350203491807
2005-08-26,0.224465,0.224694,0.218954,0.22102,352653039,-0.015347604303566298
2005-08-29,0.218954,0.22171,0.217115,0.22148,373031569,0.0020812596145145523
2005-08-30,0.22125,0.229936,0.2208,0.229306,1034402011,0.03533501896333746
2005-08-31,0.229306,0.237336,0.228138,0.23457,986658621,0.022956224433726025
2005-09-01,0.233202,0.236588,0.232503,0.23457,607013275,0.0
2005-09-02,0.2339,0.23503,0.229936,0.230635,512242861,-0.016775376220317995
2005-09-06,0.231575,0.2339,0.228138,0.232743,459447622,0.009139983090164172
2005-09-07,0.232045,0.240769,0.231795,0.240091,641151631,0.03157130397047392
2005-09-08,0.238903,0.245843,0.238713,0.242819,704435791,0.011362358439091835
2005-09-09,0.245383,0.246512,0.241369,0.246043,495271860,0.013277379447242721
2005-09-12,0.246263,0.246932,0.242319,0.245183,606883282,-0.0034953239880833875
2005-09-13,0.244684,0.253772,0.244017,0.252673,931961397,0.030548610629611117
2005-09-14,0.250855,0.254,0.248309,0.249508,529469945,-0.012526071246235171
2005-09-15,0.252932,0.256786,0.251774,0.254,828421875,0.018003430751719396
2005-09-16,0.256336,0.257514,0.252033,0.254,566680208,0.0
2005-09-19,0.254,0.25473,0.249258,0.250605,466775973,-0.013366141732283343
2005-09-20,0.252673,0.258214,0.252033,0.25539,569506039,0.019093793020889427
2005-09-21,0.25425,0.259584,0.251075,0.253072,681964854,-0.009076314656016216
2005-09-22,0.252932,0.253772,0.241849,0.246512,805950366,-0.02592147689195179
2005-09-23,0.246512,0.252253,0.243787,0.249957,343064980,0.013974978905692215
2005-09-26,0.252033,0.253772,0.247361,0.252033,443418805,0.00830542853370786
2005-09-27,0.253072,0.25539,0.251075,0.252932,440691921,0.0035669932112063485
2005-09-28,0.253332,0.25516,0.250855,0.2545,385495503,0.006199294672085909
2005-09-29,0.25473,0.259803,0.252453,0.259803,559765403,0.02083693516699414
2005-09-30,0.259803,0.264335,0.259354,0.262029,499559119,0.00856803039225884
2005-10-03,0.264335,0.270986,0.262998,0.269207,596187953,0.027393914414053366
2005-10-04,0.270307,0.27465,0.265065,0.265734,560956799,-0.012900853246757826
2005-10-05,0.265934,0.265934,0.25516,0.256786,653328538,-0.03367277051487583
2005-10-06,0.256586,0.260383,0.248309,0.255859,747357567,-0.0036100098915050616
2005-10-07,0.256586,0.259114,0.250605,0.252673,601778784,-0.012452170922265915
2005-10-10,0.254,0.2545,0.246263,0.246263,500723985,-0.025368757247509532
2005-10-11,0.246932,0.249258,0.24029,0.243289,588860603,-0.012076519818243092
2005-10-12,0.242569,0.249957,0.242089,0.246043,717028097,0.011319870606562699
2005-10-13,0.244684,0.246043,0.23541,0.244944,555256023,-0.004466698910353117
2005-10-14,0.246512,0.249707,0.240769,0.244944,339331456,0.0
2005-10-17,0.245383,0.249707,0.244944,0.247161,265944730,0.009051048402900275
2005-10-18,0.248059,0.248559,0.241369,0.243069,326625701,-0.01655601005012919
2005-10-19,0.240091,0.241369,0.233202,0.240969,693428367,-0.008639522111005604
2005-10-20,0.241589,0.247841,0.24029,0.242819,391953187,0.0076773360888746645
2005-10-21,0.246932,0.247581,0.242319,0.244265,323234047,0.005955052940667782
2005-10-24,0.246043,0.250855,0.244017,0.250855,317304430,0.026978895871287323
2005-10-25,0.250605,0.253072,0.248059,0.252453,364917136,0.0063702138685695076
2005-10-26,0.252673,0.252932,0.245183,0.245613,452884631,-0.027094152178821385
2005-10-27,0.246043,0.246742,0.239592,0.24029,249729475,-0.02167230561900224
2005-10-28,0.240969,0.248309,0.23503,0.247841,506623046,0.03142452869449408
2005-10-31,0.249258,0.258214,0.248788,0.256336,472242610,0.03427600760164795
2005-11-01,0.255859,0.258454,0.251305,0.253332,436793952,-0.01171899382061048
2005-11-02,0.252453,0.268228,0.252253,0.268008,681812867,0.057931883852020416
2005-11-03,0.268957,0.271226,0.262748,0.264815,507087138,-0.01191382346795622
2005-11-04,0.265495,0.265495,0.257514,0.260233,621770758,-0.01730264524290559
2005-11-07,0.261581,0.262508,0.258214,0.259114,404339927,-0.004299992698850619
2005-11-08,0.260383,0.260383,0.253072,0.25425,587482559,-0.01877166035027067
2005-11-09,0.25564,0.26751,0.252033,0.265734,836794392,0.045168141592920596
2005-11-10,0.275119,0.28114,0.251075,0.255859,2729691536,-0.03716122137174782
2005-11-11,0.258454,0.263227,0.257036,0.260233,595255643,0.017095353300059735
2005-11-14,0.260233,0.26751,0.256336,0.265734,538032826,0.02113874873670918
2005-11-15,0.265734,0.269857,0.265495,0.266164,541062611,0.0016181595128963444
2005-11-16,0.266413,0.268008,0.260233,0.265295,495904082,-0.003264904344689734
2005-11-17,0.26731,0.277415,0.264335,0.277196,766046679,0.044859496032718216
2005-11-18,0.278595,0.280442,0.271226,0.276496,507545511,-0.0025252889652086496
2005-11-21,0.275817,0.28204,0.275119,0.28161,492923681,0.018495746773913524
2005-11-22,0.28251,0.291733,0.280692,0.288908,797542336,0.02591527289513862
2005-11-23,0.289358,0.292373,0.286661,0.288208,449111188,-0.0024229166378223477
2005-11-25,0.290337,0.291503,0.287509,0.291034,127214173,0.009805418308999059
2005-11-28,0.291254,0.294172,0.284397,0.289608,462110851,-0.004899771160758015
2005-11-29,0.272154,0.280212,0.269857,0.271226,1137245987,-0.06347200353581373
2005-11-30,0.270087,0.277675,0.269207,0.276277,626924468,0.01862284589235541
2005-12-01,0.279014,0.280911,0.275597,0.279512,612777315,0.01170926280508322
2005-12-02,0.280692,0.28161,0.275817,0.279712,364557270,0.0007155327857124583
2005-12-05,0.279712,0.280212,0.273473,0.27442,422569444,-0.01891946001601652
2005-12-06,0.275119,0.279273,0.27442,0.275597,404816487,0.004289045987901696
2005-12-07,0.276746,0.278375,0.271226,0.276017,378187653,0.0015239643392346292
2005-12-08,0.275817,0.278175,0.270756,0.273702,409274210,-0.008387164558704807
2005-12-09,0.275119,0.278175,0.270756,0.277675,286551570,0.014515787243059908
2005-12-12,0.279014,0.28251,0.278175,0.28179,306533879,0.014819483208787121
2005-12-13,0.28251,0.287978,0.280212,0.285534,483477663,0.013286489939316581
2005-12-14,0.283458,0.284857,0.279512,0.28277,313457908,-0.009680108148241495
2005-12-15,0.28277,0.284857,0.276277,0.279273,362676156,-0.012366941330409942
2005-12-16,0.28114,0.283009,0.277415,0.28161,1146419148,0.008368155890472906
2005-12-19,0.28277,0.284397,0.276277,0.276976,317511529,-0.01645538155605275
2005-12-20,0.276277,0.280911,0.273023,0.276746,330356982,-0.0008303968574895348
2005-12-21,0.276277,0.280442,0.273702,0.276277,303173491,-0.001694694774269534
2005-12-22,0.276017,0.285076,0.276017,0.284857,347102337,0.031055788212554836
2005-12-23,0.285534,0.28731,0.283698,0.286841,233917771,0.006964898176979872
2005-12-27,0.286841,0.291933,0.285764,0.288678,401205435,0.006404244860392927
2005-12-28,0.288678,0.292373,0.286841,0.291503,288319354,0.009785989926492489
2005-12-29,0.290337,0.292133,0.283698,0.284857,338525455,-0.02279907925475888
2005-12-30,0.283009,0.283458,0.278375,0.279512,250353234,-0.018763800784253326
2006-01-03,0.280692,0.294172,0.280212,0.292133,515523751,0.04515369644237088
2006-01-04,0.294172,0.300761,0.291254,0.300321,556141843,0.028028329562220122
2006-01-05,0.299872,0.307632,0.299872,0.306983,704485716,0.022182930930571
2006-01-06,0.309548,0.313162,0.298543,0.312063,679729002,0.016548147617294617
2006-01-09,0.312513,0.322559,0.311364,0.320783,611140376,0.02794307559691478
2006-01-10,0.317756,0.321003,0.315287,0.321003,370351264,0.000685821879588433
2006-01-11,0.321222,0.33434,0.320783,0.332515,682773819,0.03586259318448737
2006-01-12,0.332515,0.337537,0.325334,0.32785,539339974,-0.014029442280799498
2006-01-13,0.327121,0.329669,0.320354,0.324884,459370087,-0.009046820192160965
2006-01-17,0.319604,0.324884,0.316157,0.324634,340655539,-0.0007695054234743148
2006-01-18,0.316157,0.327371,0.311814,0.326203,501507022,0.004833135161443458
2006-01-19,0.330168,0.348989,0.330168,0.344327,996718272,0.05556049453867673
2006-01-20,0.343648,0.348989,0.334779,0.334779,503464780,-0.027729454849605206
2006-01-23,0.337157,0.339553,0.332965,0.336937,365156102,0.0064460435093001145
2006-01-24,0.337157,0.345465,0.336677,0.338433,423664085,0.004439999168984077
2006-01-25,0.339953,0.34227,0.331346,0.335508,436393235,-0.008642774197551661
2006-01-26,0.340373,0.347141,0.338234,0.346892,489396775,0.033930636527296
2006-01-27,0.351515,0.357446,0.348539,0.353632,419828689,0.019429678401346795
2006-01-30,0.355331,0.355331,0.34784,0.349439,344314362,-0.011856958646276339
2006-01-31,0.34784,0.349658,0.340873,0.343648,416091029,-0.0165722772787239
2006-02-01,0.337537,0.345265,0.336177,0.343868,491594620,0.000640189961821358
2006-02-02,0.346892,0.347141,0.332965,0.333412,516321550,-0.03040701664592238
2006-02-03,0.331346,0.340373,0.330168,0.336437,549818770,0.009072858805321937
2006-02-06,0.336177,0.346163,0.33408,0.345963,396313245,0.028314364947969572
2006-02-07,0.346163,0.346663,0.333412,0.333661,434996864,-0.03555871581643133
2006-02-08,0.335258,0.343198,0.334579,0.343198,428592850,0.028582903006344917
2006-02-09,0.345045,0.349658,0.335258,0.337537,476548707,-0.01649485136859785
2006-02-10,0.338004,0.340203,0.327591,0.335508,452489162,-0.0060111928470064635
2006-02-13,0.33408,0.339103,0.332286,0.336677,306117639,0.0034842686314484617
2006-02-14,0.336677,0.338433,0.332965,0.337377,373290344,0.002079144105477937
2006-02-15,0.337537,0.344567,0.335707,0.343648,537506521,0.018587514857266507
2006-02-16,0.350357,0.361569,0.34784,0.360622,1368814347,0.049393565508892845
2006-02-17,0.386922,0.387642,0.360622,0.362767,2569515100,0.005948056413640934
2006-02-21,0.361569,0.362767,0.351984,0.355081,745023068,-0.02118715318648068
2006-02-22,0.349888,0.357207,0.341571,0.354452,1024664109,-0.0017714268012086754
2006-02-23,0.353183,0.35581,0.348089,0.348989,414558715,-0.015412524121742877
2006-02-24,0.348539,0.354652,0.347141,0.348989,454034826,0.0
2006-02-27,0.351515,0.365265,0.348089,0.363217,726703066,0.040769193298356265
2006-02-28,0.361122,0.364567,0.356747,0.360142,614195178,-0.008466013429988095
2006-03-01,0.360142,0.376018,0.359322,0.37399,767542638,0.03845149968623485
2006-03-02,0.373521,0.379785,0.369639,0.37447,594446307,0.0012834567769193228
2006-03-03,0.371694,0.382168,0.370297,0.375818,649642344,0.003599754319437931
2006-03-06,0.383328,0.385622,0.373121,0.374889,576835382,-0.002471941205583583
2006-03-07,0.376748,0.377917,0.361122,0.368491,660849105,-0.017066384983288274
2006-03-08,0.368741,0.370527,0.353632,0.366614,730931077,-0.0050937472014241925
2006-03-09,0.371475,0.377447,0.368491,0.368741,585141671,0.0058017424320948585
2006-03-10,0.368013,0.372872,0.358903,0.362297,568289847,-0.017475680762377932
2006-03-13,0.365715,0.368271,0.363217,0.366614,405757069,0.011915638274675233
2006-03-14,0.367084,0.378386,0.365465,0.376748,684415736,0.02764215223641231
2006-03-15,0.376748,0.383328,0.376018,0.382628,556742398,0.015607249408092327
2006-03-16,0.383548,0.383797,0.368491,0.369869,619445943,-0.033345703921302206
2006-03-17,0.368271,0.37377,0.362537,0.372872,674362063,0.008119090813233809
2006-03-20,0.376018,0.376018,0.369639,0.369869,320313174,-0.00805370207470657
2006-03-21,0.378167,0.395049,0.378167,0.388122,1338966746,0.04934990496635305
2006-03-22,0.378167,0.380184,0.368491,0.376967,1263167595,-0.02874096289311101
2006-03-23,0.379066,0.385622,0.37399,0.384047,721810765,0.01878148485145914
2006-03-24,0.385393,0.397726,0.384247,0.397127,750049689,0.03405833140214609
2006-03-27,0.397346,0.408112,0.395948,0.407693,707924481,0.02660609830104743
2006-03-28,0.405834,0.419404,0.405164,0.414093,856346350,0.015698086550419044
2006-03-29,0.414991,0.437018,0.412225,0.43633,1052549306,0.053700497231298217
2006-03-30,0.434932,0.441552,0.428739,0.439344,1136218035,0.0069076157953842365
2006-03-31,0.439752,0.445075,0.434932,0.437728,906918777,-0.0036782111511708404
2006-04-03,0.440852,0.448712,0.434482,0.44251,1054832979,0.010924592440967995
2006-04-04,0.443947,0.463827,0.442749,0.463127,1309108870,0.04659103749067817
2006-04-05,0.46176,0.469269,0.452654,0.467073,1213533546,0.008520341072751014
2006-04-06,0.466125,0.471387,0.459263,0.467892,860435374,0.0017534732258126517
2006-04-07,0.465177,0.469969,0.457467,0.466575,743303124,-0.0028147521222845473
2006-04-10,0.466125,0.468352,0.455202,0.458566,691476098,-0.017165514654664427
2006-04-11,0.458566,0.460163,0.444625,0.447302,765479603,-0.024563530658618382
2006-04-12,0.451255,0.467892,0.447772,0.465426,651995331,0.04051848639174427
2006-04-13,0.460583,0.460583,0.450587,0.452424,805077535,-0.027935697618955535
2006-04-17,0.450587,0.464977,0.450088,0.453784,483982936,0.0030060297420120285
2006-04-18,0.444875,0.445744,0.430837,0.442978,1270458260,-0.02381309169120116
2006-04-19,0.441781,0.450587,0.434002,0.445744,564171930,0.0062441024159212155
2006-04-20,0.441332,0.453104,0.434482,0.445075,602593439,-0.0015008614810294585
2006-04-21,0.448242,0.448242,0.423897,0.428979,839591711,-0.03616469134415545
2006-04-24,0.431776,0.446424,0.424127,0.44225,736940452,0.030936246296438652
2006-04-25,0.438645,0.442978,0.429459,0.441781,783530204,-0.0010604861503674679
2006-04-26,0.445075,0.450327,0.434002,0.438894,360391842,-0.006534912094454004
2006-04-27,0.43563,0.450088,0.427612,0.445974,504797416,0.016131457709606334
2006-04-28,0.445544,0.452424,0.44225,0.446643,310002348,0.001500087449044285
2006-05-01,0.451027,0.480952,0.449629,0.472315,983930094,0.05747767232442902
2006-05-02,0.475959,0.481441,0.463577,0.471617,588086359,-0.0014778272974603768
2006-05-03,0.468352,0.479852,0.465875,0.47481,412122194,0.0067703242249537166
2006-05-04,0.464757,0.476939,0.462877,0.471617,557306228,-0.00672479518123037
2006-05-05,0.477629,0.479852,0.467473,0.478078,367797198,0.013699675796249977
2006-05-08,0.476689,0.487182,0.471617,0.475959,549009033,-0.004432331125883149
2006-05-09,0.473842,0.477879,0.460801,0.461531,612275137,-0.03031353540956261
2006-05-10,0.457048,0.461301,0.446643,0.451255,821256366,-0.022265026617930284
2006-05-11,0.454983,0.460163,0.431776,0.435132,1298642222,-0.03572924399729638
2006-05-12,0.425287,0.426913,0.393413,0.4024,1709832247,-0.07522315067611673
2006-05-15,0.401021,0.411757,0.398226,0.408361,603152502,0.014813618290258512
2006-05-16,0.410388,0.410607,0.395049,0.397526,542310831,-0.026532896138465656
2006-05-17,0.395948,0.398445,0.37447,0.381451,901291380,-0.04043760659680118
2006-05-18,0.384497,0.388122,0.363917,0.364337,748649752,-0.044865526633827035
2006-05-19,0.364337,0.380583,0.363917,0.371923,1017102901,0.020821382401458033
2006-05-22,0.370757,0.370757,0.356747,0.366864,798015281,-0.013602277890853665
2006-05-23,0.37467,0.383068,0.361341,0.362997,580420535,-0.010540690828208854
2006-05-24,0.365715,0.378616,0.357925,0.367554,631809709,0.01255382275886574
2006-05-25,0.372653,0.379944,0.363667,0.365715,461946366,-0.005003346447052581
2006-05-26,0.366864,0.36944,0.362537,0.366364,321267666,0.0017746059089729371
2006-05-30,0.367084,0.367084,0.351057,0.351057,482783789,-0.04178085183042002
2006-05-31,0.355551,0.359322,0.349219,0.351287,652431050,0.0006551642610743702
2006-06-01,0.353832,0.369639,0.349658,0.369639,585604851,0.052242183741499026
2006-06-02,0.376018,0.377447,0.360622,0.364337,734589549,-0.01434372455287447
2006-06-05,0.362297,0.368971,0.34784,0.348989,633621319,-0.042125834049245636
2006-06-06,0.351515,0.353832,0.330168,0.339553,898605558,-0.02703810148743946
2006-06-07,0.343648,0.343868,0.330887,0.333661,616473403,-0.01735222483677068
2006-06-08,0.329669,0.33408,0.31434,0.327371,796465781,-0.018851469005967014
2006-06-09,0.331816,0.337377,0.323468,0.326203,472990485,-0.0035678175525627465
2006-06-12,0.319854,0.324884,0.306514,0.308352,505049201,-0.05472359236426394
2006-06-13,0.308352,0.31434,0.300521,0.303487,579873029,-0.015777423204649255
2006-06-14,0.305314,0.313412,0.302189,0.312513,523854095,0.029740977373001076
2006-06-15,0.323936,0.340873,0.321222,0.339733,912984326,0.08710037662433257
2006-06-16,0.337757,0.338433,0.32785,0.331087,548797247,-0.025449397026488407
2006-06-19,0.336437,0.336437,0.320354,0.321222,423053014,-0.029795793854787478
2006-06-20,0.314111,0.323238,0.311124,0.316157,583406154,-0.01576791128876598
2006-06-21,0.315727,0.324634,0.314788,0.319604,481045108,0.010902810945194963
2006-06-22,0.323468,0.323936,0.308132,0.310227,581443630,-0.029339432547777933
2006-06-23,0.309548,0.316807,0.306733,0.310447,365392534,0.0007091581325933127
2006-06-26,0.309748,0.313412,0.306014,0.307433,307189386,-0.0097085814970026
2006-06-27,0.307882,0.309748,0.293733,0.297825,659372715,-0.03125233790777182
2006-06-28,0.300121,0.319154,0.292373,0.31434,908684428,0.055452027197179454
2006-06-29,0.304884,0.328469,0.304655,0.328469,749770723,0.04494814532035374
2006-06-30,0.329449,0.336937,0.323008,0.325334,508362589,-0.009544279673272094
2006-07-03,0.332965,0.333212,0.32785,0.330168,190486927,0.014858576109475274
2006-07-05,0.32785,0.32785,0.315287,0.315287,501252793,-0.045070994160548716
2006-07-06,0.315287,0.318425,0.302389,0.305554,513163704,-0.03087028643743639
2006-07-07,0.307632,0.308352,0.292803,0.296029,590140050,-0.03117288597105583
2006-07-10,0.296499,0.298962,0.280692,0.283258,490582642,-0.0431410436139702
2006-07-11,0.28229,0.293733,0.278175,0.292803,654791538,0.03369719478355404
2006-07-12,0.290806,0.29507,0.278375,0.278595,502659820,-0.048524092990850476
2006-07-13,0.274899,0.28137,0.270087,0.271456,589331955,-0.02562501121699956
2006-07-14,0.27442,0.278175,0.262508,0.270087,623700374,-0.005043174584462906
2006-07-17,0.268228,0.275348,0.26751,0.272154,548205846,0.007653089560030635
2006-07-18,0.28137,0.290077,0.271456,0.287061,1068086330,0.05477413523225816
2006-07-19,0.284857,0.303287,0.283698,0.299642,1150931292,0.043826921804076546
2006-07-20,0.304217,0.310227,0.293253,0.293733,551287058,-0.019720199437995967
2006-07-21,0.283698,0.285076,0.269427,0.271684,691108741,-0.07506476970582143
2006-07-24,0.280212,0.305784,0.280212,0.298962,1071645434,0.10040340984378915
2006-07-25,0.302389,0.312713,0.298294,0.309548,625793383,0.0354091824379017
2006-07-26,0.307882,0.313162,0.300321,0.309548,540012486,0.0
2006-07-27,0.313412,0.326203,0.308352,0.313891,757084553,0.014030134260276217
2006-07-28,0.322788,0.347141,0.320354,0.346423,888590803,0.10364107285650115
2006-07-31,0.343868,0.346423,0.337537,0.338433,648430028,-0.023064288456597803
2006-08-01,0.33434,0.335008,0.318685,0.324884,653132626,-0.04003451200089825
2006-08-02,0.332745,0.351515,0.331346,0.349658,825152843,0.07625490944460189
2006-08-03,0.348339,0.381201,0.343648,0.371694,971047916,0.06302158108780587
2006-08-04,0.381699,0.382168,0.357207,0.366614,892169907,-0.013667156316755302
2006-08-07,0.359722,0.367084,0.355331,0.362537,474974151,-0.01112068824431145
2006-08-08,0.365265,0.379944,0.364337,0.372173,674677914,0.02657935603814221
2006-08-09,0.379545,0.38974,0.36919,0.371923,637329425,-0.0006717306198997797
2006-08-10,0.367304,0.371475,0.361569,0.36944,1155476796,-0.0066761130664143575
2006-08-11,0.34227,0.367084,0.341072,0.357676,1748132335,-0.03184278908618454
2006-08-14,0.362297,0.365715,0.353832,0.35581,882552114,-0.005217012044420044
2006-08-15,0.364337,0.392015,0.361569,0.389959,983698469,0.09597538011860252
2006-08-16,0.393183,0.419884,0.382168,0.418007,1122169379,0.0719255101177303
2006-08-17,0.412925,0.423658,0.407433,0.411507,887668548,-0.015549978828105715
2006-08-18,0.412485,0.420301,0.397526,0.418236,726039857,0.016352091215945164
2006-08-21,0.411986,0.412705,0.40194,0.40282,545404281,-0.036859572107613814
2006-08-22,0.401501,0.413385,0.401271,0.40214,516491633,-0.0016880989027358018
2006-08-23,0.40194,0.409288,0.392953,0.40194,528680448,-0.000497339235092209
2006-08-24,0.40194,0.408112,0.396428,0.406094,284368637,0.01033487585211712
2006-08-25,0.40282,0.411986,0.398945,0.404695,259845881,-0.0034450151935265794
2006-08-28,0.411087,0.430608,0.410607,0.418704,833135349,0.03461619244122116
2006-08-29,0.422479,0.439582,0.419634,0.437728,793736524,0.045435438878061785
2006-08-30,0.439952,0.451255,0.439124,0.446643,743213982,0.02036652898603708
2006-08-31,0.445544,0.447522,0.435372,0.445075,557478845,-0.0035106337723864733
2006-09-01,0.438197,0.441781,0.424577,0.426246,660284384,-0.04230522945570969
2006-09-05,0.429239,0.437248,0.42135,0.43563,599000424,0.0220154558635155
2006-09-06,0.428081,0.42851,0.412705,0.413843,537810755,-0.0500126253931088
2006-09-07,0.407013,0.431337,0.40262,0.422029,809961393,0.019780448140961582
2006-09-08,0.42851,0.430608,0.414093,0.423398,488451936,0.0032438529105820457
2006-09-11,0.412705,0.434932,0.409288,0.429908,651955491,0.015375604041587332
2006-09-12,0.427363,0.444207,0.426913,0.441332,543454215,0.02657312727374217
2006-09-13,0.441781,0.450587,0.440852,0.444875,519240290,0.00802796987302079
2006-09-14,0.44225,0.451027,0.437248,0.443228,467566552,-0.0037021635290812593
2006-09-15,0.448492,0.454024,0.44251,0.451985,708482412,0.019757325800716652
2006-09-18,0.454754,0.469749,0.451735,0.46882,865498489,0.037246811287985127
2006-09-19,0.466125,0.469049,0.452884,0.456798,772035814,-0.025643103963141622
2006-09-20,0.462398,0.473842,0.46176,0.473443,557786444,0.036438425737415736
2006-09-21,0.473443,0.477629,0.465177,0.469519,587823217,-0.00828822054608469
2006-09-22,0.467693,0.471147,0.450587,0.455681,712363185,-0.029472715694146556
2006-09-25,0.463577,0.473842,0.450088,0.472115,746343105,0.036064703158569245
2006-09-26,0.470418,0.472744,0.456119,0.461979,562762369,-0.021469345392542194
2006-09-27,0.461301,0.47528,0.456379,0.460583,630325056,-0.0030217823753893036
2006-09-28,0.443707,0.453784,0.440632,0.451985,705766795,-0.018667645136707156
2006-09-29,0.454274,0.458566,0.449889,0.452424,407680034,0.0009712711705034405
2006-10-02,0.450587,0.453104,0.437248,0.440852,705947384,-0.02557777659894256
2006-10-03,0.433202,0.43585,0.422948,0.432732,989637139,-0.018418879805467636
2006-10-04,0.432254,0.47528,0.432035,0.47506,1592166333,0.0978157381473983
2006-10-05,0.47481,0.478078,0.460403,0.461531,722230921,-0.028478507977939493
2006-10-06,0.462398,0.477629,0.461061,0.472744,647181166,0.02429522610615531
2006-10-09,0.471147,0.509478,0.470188,0.503268,1016540743,0.06456771529622807
2006-10-10,0.500504,0.502541,0.486054,0.491726,681093876,-0.02293410270472207
2006-10-11,0.488611,0.503268,0.481661,0.494522,524980043,0.005686093474821297
2006-10-12,0.496849,0.506733,0.489279,0.49642,452177167,0.0038380496722085766
2006-10-13,0.495251,0.519085,0.486762,0.51615,636936319,0.039744571129285644
2006-10-16,0.517545,0.526206,0.506004,0.515272,522249905,-0.001701055894604342
2006-10-17,0.506733,0.510427,0.490648,0.495501,574279273,-0.038370025928053386
2006-10-18,0.50301,0.508301,0.478937,0.48239,896804253,-0.02646008787066023
2006-10-19,0.480732,0.495251,0.476689,0.491506,515889887,0.018897572503576043
2006-10-20,0.493174,0.495741,0.478737,0.485814,391959727,-0.011580733500709983
2006-10-23,0.484937,0.49662,0.481441,0.482639,305529482,-0.006535423021979736
2006-10-24,0.482141,0.502291,0.482141,0.496849,566211349,0.02944229538019094
2006-10-25,0.502091,0.508999,0.493174,0.501442,424022499,0.009244257309565018
2006-10-26,0.502541,0.518865,0.502541,0.517319,399575987,0.03166268481698764
2006-10-27,0.517089,0.528752,0.48905,0.495021,618021430,-0.04310299834338194
2006-10-30,0.49642,0.509727,0.492925,0.500942,522909478,0.011961108720640157
2006-10-31,0.510197,0.533133,0.509259,0.533133,1086033416,0.06426093240335207
2006-11-01,0.527353,0.530817,0.484487,0.491726,1282749627,-0.07766729877910383
2006-11-02,0.492925,0.504867,0.481661,0.488611,940918565,-0.00633482874609026
2006-11-03,0.491726,0.498885,0.486054,0.498206,597481150,0.0196372983825579
2006-11-06,0.499824,0.520213,0.493404,0.513445,806406956,0.030587748842848317
2006-11-07,0.51615,0.526674,0.514324,0.521112,603172952,0.014932465989541122
2006-11-08,0.517089,0.535382,0.51637,0.528951,706583342,0.015042831483442987
2006-11-09,0.539796,0.553254,0.534932,0.539537,1303731386,0.02001319592930173
2006-11-10,0.534932,0.537478,0.513225,0.526455,1436218458,-0.02424671523917732
2006-11-13,0.527573,0.551867,0.527353,0.550239,929298729,0.04517765051143985
2006-11-14,0.548212,0.556867,0.536579,0.55573,685218923,0.009979299904223193
2006-11-15,0.553764,0.561713,0.543588,0.546642,536118683,-0.016353265074766532
2006-11-16,0.549121,0.55548,0.544008,0.553764,489192991,0.013028636657995696
2006-11-17,0.54979,0.556647,0.546392,0.555063,394285583,0.0023457646217521777
2006-11-20,0.548212,0.56333,0.544008,0.560344,661486305,0.009514235321035569
2006-11-21,0.561713,0.562862,0.547772,0.551637,422358579,-0.015538669103264957
2006-11-22,0.553764,0.561713,0.550738,0.561013,261965880,0.0169966844138445
2006-11-24,0.557787,0.566503,0.553254,0.565205,157427740,0.0074721976139588975
2006-11-27,0.561962,0.569299,0.535882,0.539796,637678475,-0.04495537017542295
2006-11-28,0.537248,0.554563,0.52945,0.54979,524397485,0.01851440173695229
2006-11-29,0.554163,0.564736,0.552835,0.557787,632184287,0.01454555375688904
2006-11-30,0.557787,0.569998,0.551188,0.565435,636233141,0.01371132708363576
2006-12-01,0.559196,0.559884,0.538368,0.54309,855225910,-0.039518247013361485
2006-12-04,0.551188,0.572297,0.548212,0.565205,677819706,0.04072069086155139
2006-12-05,0.557787,0.562612,0.553254,0.559446,723272283,-0.010189223379127865
2006-12-06,0.559196,0.561243,0.550938,0.558747,521043076,-0.0012494503490954045
2006-12-07,0.558747,0.561713,0.540464,0.545175,530880226,-0.024290063302353393
2006-12-08,0.542691,0.550938,0.533582,0.543329,615871697,-0.0033860686935387463
2006-12-11,0.543588,0.559196,0.542211,0.552835,561895507,0.017495845058886905
2006-12-12,0.548672,0.550488,0.539796,0.547112,626867023,-0.010352094205323348
2006-12-13,0.553064,0.557787,0.551408,0.553504,535496356,0.011683165421339625
2006-12-14,0.557787,0.570228,0.557347,0.56333,780028305,0.017752355899867123
2006-12-15,0.564736,0.573226,0.56333,0.573226,813152850,0.017566967851880833
2006-12-18,0.573944,0.58999,0.573445,0.583032,750535563,0.017106690903762267
2006-12-19,0.57614,0.594542,0.574841,0.591526,594766364,0.014568668615101643
2006-12-20,0.58856,0.595442,0.584428,0.584908,334765351,-0.011188012023140126
2006-12-21,0.588112,0.58973,0.573226,0.579884,401105977,-0.008589384997298777
2006-12-22,0.578915,0.580812,0.56333,0.566075,400338744,-0.023813383366328322
2006-12-26,0.56905,0.574163,0.56358,0.565875,248813830,-0.00035331007375338785
2006-12-27,0.56835,0.575321,0.56835,0.573445,288810236,0.013377512701568284
2006-12-28,0.573944,0.574622,0.566503,0.569299,233106993,-0.007229987182728936
2006-12-29,0.569299,0.581232,0.565205,0.565655,420945393,-0.0064008543840757826
2007-01-03,0.566503,0.573445,0.531736,0.551408,1258758224,-0.02518673042755748
2007-01-04,0.550239,0.551408,0.535382,0.548871,869346594,-0.004600948843687447
2007-01-05,0.535382,0.538118,0.510877,0.514554,1355671120,-0.06252288789169047
2007-01-08,0.518185,0.528252,0.507432,0.518415,716498819,0.007503585629496712
2007-01-09,0.519085,0.522509,0.507632,0.508301,833032566,-0.01950946635417561
2007-01-10,0.50279,0.538118,0.495251,0.533382,1208455208,0.04934281065746471
2007-01-11,0.531985,0.537478,0.522509,0.531287,1008042869,-0.003927766591298676
2007-01-12,0.523658,0.540664,0.520862,0.538617,761124563,0.013796686160211014
2007-01-16,0.542691,0.542911,0.533382,0.539537,775840264,0.0017080782819702822
2007-01-17,0.531985,0.535152,0.526206,0.528052,771505624,-0.021286769952755913
2007-01-18,0.522759,0.523438,0.477879,0.484487,1637237271,-0.08250134456455038
2007-01-19,0.478937,0.497318,0.47571,0.487182,1027714345,0.005562584754596145
2007-01-22,0.491726,0.499824,0.485356,0.487182,796209469,0.0
2007-01-23,0.484937,0.495251,0.47571,0.487412,687320405,0.000472102828101173
2007-01-24,0.493654,0.509259,0.491308,0.502541,747572277,0.031039449172363343
2007-01-25,0.504387,0.508999,0.482639,0.484937,671973434,-0.03502997765356464
2007-01-26,0.48905,0.493843,0.472315,0.480952,904546551,-0.008217562281286006
2007-01-29,0.478557,0.479156,0.457237,0.461301,1371973215,-0.040858547214690843
2007-01-30,0.464757,0.473214,0.460163,0.470188,693530990,0.019265078549580483
2007-01-31,0.467473,0.472964,0.461979,0.468352,509984486,-0.00390482105030332
2007-02-01,0.463127,0.476939,0.463127,0.474312,709169446,0.012725471440284242
2007-02-02,0.477629,0.48905,0.472964,0.486762,639595101,0.02624854526134679
2007-02-05,0.48905,0.498885,0.488361,0.494771,632156315,0.01645362620746904
2007-02-06,0.506263,0.518865,0.498435,0.512527,845322441,0.035887309482568686
2007-02-07,0.51662,0.533582,0.513445,0.532435,829833759,0.03884283169472047
2007-02-08,0.525957,0.533133,0.519744,0.525507,791906647,-0.013011916947608726
2007-02-09,0.528052,0.532684,0.497099,0.499125,1022331483,-0.050202946868452725
2007-02-12,0.502291,0.520862,0.497318,0.510197,860113684,0.022182819934886133
2007-02-13,0.518185,0.523878,0.513225,0.519744,916788285,0.018712379727830575
2007-02-14,0.524378,0.527353,0.511597,0.512995,1179445776,-0.012985238886836559
2007-02-15,0.512057,0.518415,0.507632,0.515951,532830413,0.005762239398044988
2007-02-16,0.512297,0.514324,0.498625,0.500084,997562551,-0.0307529203354584
2007-02-20,0.500942,0.507432,0.497318,0.504607,681783654,0.009044480527271581
2007-02-21,0.500504,0.505806,0.491976,0.497099,714547360,-0.014878905762306105
2007-02-22,0.504387,0.512995,0.499125,0.500304,714542984,0.006447407860405985
2007-02-23,0.500722,0.505307,0.498885,0.499125,439473736,-0.0023565672071380606
2007-02-26,0.500084,0.504157,0.490648,0.491308,539109550,-0.01566140746306033
2007-02-27,0.486283,0.497537,0.47571,0.476689,778606556,-0.029755265536079323
2007-02-28,0.476689,0.484018,0.469269,0.473842,850327550,-0.0059724474447701015
2007-03-01,0.462398,0.476689,0.457467,0.467892,912884737,-0.012556928258786737
2007-03-02,0.464757,0.469519,0.454274,0.455202,744425637,-0.027121643456182176
2007-03-05,0.446903,0.456119,0.438197,0.439582,722295547,-0.03431443622831187
2007-03-06,0.449409,0.470648,0.447302,0.465675,878808765,0.05935866345755758
2007-03-07,0.465177,0.465426,0.450587,0.452424,884918180,-0.02845546786922215
2007-03-08,0.461979,0.476209,0.461531,0.471147,839695616,0.041383746220359674
2007-03-09,0.476939,0.483089,0.461061,0.466355,604519980,-0.010170923299946621
2007-03-12,0.461061,0.470188,0.460403,0.463577,466773119,-0.005956835457966547
2007-03-13,0.457707,0.461531,0.443707,0.444207,672550774,-0.0417837813351396
2007-03-14,0.443707,0.447772,0.42851,0.441781,1059370191,-0.005461417762439691
2007-03-15,0.439582,0.444875,0.430837,0.437468,715175447,-0.009762755754547991
2007-03-16,0.437728,0.438645,0.430358,0.433452,573145713,-0.009180100030173666
2007-03-19,0.43585,0.44251,0.434002,0.435372,503382848,0.004429556213836783
2007-03-20,0.434002,0.444207,0.431776,0.433452,715989039,-0.004410021774482464
2007-03-21,0.451027,0.465177,0.44225,0.458166,1516273962,0.057016693889980985
2007-03-22,0.458566,0.470887,0.456599,0.468122,889442262,0.021730115285726104
2007-03-23,0.464757,0.472964,0.459733,0.462877,572173915,-0.011204344166691582
2007-03-26,0.463357,0.467693,0.455681,0.463827,487241342,0.0020523810861201586
2007-03-27,0.46176,0.463827,0.454754,0.455202,511209812,-0.01859529522860892
2007-03-28,0.451485,0.455202,0.445744,0.446424,506151664,-0.019283746556473802
2007-03-29,0.453354,0.453784,0.431537,0.438645,783407010,-0.01742513843341753
2007-03-30,0.444625,0.447772,0.437728,0.439952,633711713,0.002979630452871973
2007-04-02,0.437728,0.44251,0.432254,0.439582,437038236,-0.000841000836454997
2007-04-03,0.439582,0.444376,0.433652,0.437728,516528148,-0.004217643124604709
2007-04-04,0.437248,0.440632,0.43563,0.436769,394374736,-0.0021908582498720852
2007-04-05,0.438894,0.472744,0.438645,0.472315,1453342187,0.08138398100597799
2007-04-09,0.472315,0.477629,0.462877,0.463827,698865901,-0.01797105745106553
2007-04-10,0.463127,0.468352,0.458166,0.459063,865984593,-0.01027107089496726
2007-04-11,0.460163,0.464497,0.44919,0.450807,883346928,-0.017984459649329154
2007-04-12,0.447772,0.464977,0.445544,0.463577,810832682,0.02832697806378337
2007-04-13,0.461979,0.468352,0.456599,0.467473,696428478,0.008404213323784493
2007-04-16,0.468122,0.469749,0.459063,0.464977,732664470,-0.005339345801789741
2007-04-17,0.47554,0.487652,0.467073,0.469269,1154807208,0.009230564092417515
2007-04-18,0.466575,0.479354,0.466125,0.47528,745532487,0.012809284227170314
2007-04-19,0.471387,0.484487,0.469969,0.481661,619385373,0.013425770072378551
2007-04-20,0.488611,0.48905,0.480952,0.487412,644475925,0.011939932857341518
2007-04-23,0.485136,0.486054,0.478078,0.479354,649089791,-0.01653221504599811
2007-04-24,0.487652,0.501892,0.484487,0.497537,1120983031,0.03793230055449626
2007-04-25,0.497537,0.50878,0.494522,0.506004,555593526,0.017017829829741205
2007-04-26,0.506004,0.51615,0.501442,0.512297,545251704,0.01243666057975834
2007-04-27,0.510657,0.51637,0.497318,0.505566,604119302,-0.013138862808097729
2007-04-30,0.511357,0.518865,0.502541,0.50279,614278883,-0.005490875573120002
2007-05-01,0.512057,0.515272,0.503937,0.508101,593758392,0.010563058135603542
2007-05-02,0.510657,0.512995,0.499604,0.502091,719260014,-0.011828356960525754
2007-05-03,0.507881,0.515043,0.506004,0.511597,545450220,0.01893282293448806
2007-05-04,0.514324,0.517965,0.509478,0.515272,441859471,0.007183388487422615
2007-05-07,0.522059,0.528502,0.504387,0.505107,607438118,-0.01972744492229339
2007-05-08,0.500722,0.510197,0.492206,0.50878,803702726,0.00727172658466424
2007-05-09,0.503707,0.514124,0.499354,0.511097,455627349,0.004554031211918774
2007-05-10,0.513445,0.519984,0.497318,0.501672,870710857,-0.01844072651571038
2007-05-11,0.527353,0.542211,0.520683,0.537248,1663657935,0.07091486070579966
2007-05-14,0.534932,0.540015,0.526674,0.531736,797676385,-0.010259693847161744
2007-05-15,0.533133,0.536579,0.525737,0.527153,677506860,-0.008618938721470792
2007-05-16,0.527573,0.533832,0.517545,0.533832,570388284,0.012669945917029857
2007-05-17,0.530317,0.534932,0.521811,0.524778,490121394,-0.01696039203344879
2007-05-18,0.528951,0.536779,0.524378,0.535382,658464321,0.020206639760051104
2007-05-21,0.533832,0.550239,0.531287,0.537029,704119991,0.0030763081313902596
2007-05-22,0.537478,0.544716,0.528752,0.540015,438033219,0.005560221142620003
2007-05-23,0.541991,0.543329,0.523878,0.525507,488683441,-0.026865920391100362
2007-05-24,0.528052,0.52945,0.504387,0.506503,662719353,-0.036163171946329786
2007-05-25,0.510197,0.517089,0.50878,0.514554,336760955,0.015895266168216127
2007-05-29,0.512527,0.521581,0.510877,0.519984,344817682,0.010552828274583481
2007-05-30,0.513924,0.521112,0.507432,0.521112,361612952,0.002169297516846802
2007-05-31,0.523438,0.532684,0.522509,0.52945,525083828,0.01600039914644058
2007-06-01,0.535382,0.543329,0.532235,0.533133,466635985,0.006956275380111343
2007-06-04,0.528252,0.539067,0.526206,0.536081,351097551,0.005529577047378442
2007-06-05,0.538118,0.552835,0.536779,0.551867,761705830,0.02944704251782837
2007-06-06,0.548212,0.564976,0.545893,0.55593,1036634378,0.007362281129330128
2007-06-07,0.553504,0.561713,0.55004,0.55004,863439511,-0.010594859064990358
2007-06-08,0.545415,0.559446,0.538817,0.558747,581440064,0.015829757835793767
2007-06-11,0.558747,0.56406,0.55548,0.560543,474942994,0.0032143349315523206
2007-06-12,0.557787,0.565655,0.554563,0.554803,574366132,-0.010240070788503197
2007-06-13,0.558517,0.56835,0.553764,0.568101,640293672,0.023968868228902762
2007-06-14,0.565655,0.580382,0.564736,0.578208,554495570,0.01779085057058527
2007-06-15,0.584908,0.60924,0.584648,0.604626,1179765333,0.04568944047816692
2007-06-18,0.610619,0.612706,0.600086,0.604856,747613969,0.00038040044589537914
2007-06-19,0.600984,0.61015,0.59681,0.608771,536389186,0.006472614969513346
2007-06-20,0.611568,0.614533,0.605096,0.60924,897137540,0.0007704046349119587
2007-06-21,0.621562,0.66235,0.61634,0.65691,1414513552,0.07824502659050614
2007-06-22,0.657359,0.670641,0.647314,0.666665,962367731,0.014849827221384837
2007-06-25,0.647934,0.663997,0.642193,0.649082,893770001,-0.02637456593641474
2007-06-26,0.647504,0.649302,0.617457,0.619057,946550088,-0.046257637709873456
2007-06-27,0.619057,0.636431,0.61612,0.635721,668554238,0.02691836131406311
2007-06-28,0.636901,0.648604,0.631217,0.641743,651523978,0.00947270893992802
2007-06-29,0.646106,0.646336,0.631217,0.631456,562699385,-0.01602978139223943
2007-07-02,0.640374,0.657839,0.638497,0.657839,614818507,0.04178121674352586
2007-07-03,0.657359,0.663997,0.651886,0.658708,260341810,0.0013209919144350213
2007-07-05,0.655781,0.667844,0.655781,0.665826,406934924,0.010806002052502928
2007-07-06,0.664897,0.671558,0.663769,0.668992,308004821,0.004754996050019056
2007-07-09,0.672517,0.691687,0.671338,0.688542,585275360,0.029223069932076795
2007-07-10,0.686716,0.699317,0.677588,0.695123,602510024,0.0095578773698628
2007-07-11,0.695373,0.699766,0.682682,0.692166,635256485,-0.004253923406361326
2007-07-12,0.696971,0.706177,0.692166,0.705507,478391173,0.019274278135591905
2007-07-13,0.706876,0.711917,0.700444,0.701112,404376251,-0.006229562569896596
2007-07-16,0.701811,0.716651,0.701581,0.713784,590692974,0.01807414507239935
2007-07-17,0.716651,0.73118,0.71012,0.71074,701112809,-0.004264595451845321
2007-07-18,0.700444,0.702711,0.68402,0.697667,600413810,-0.01839350536061002
2007-07-19,0.707764,0.711237,0.691937,0.696971,444181431,-0.000997610607926136
2007-07-20,0.701581,0.704109,0.686046,0.68944,551335290,-0.010805327624822225
2007-07-23,0.686976,0.71052,0.685399,0.696292,393044533,0.009938500812253448
2007-07-24,0.694473,0.699317,0.673655,0.677787,498872907,-0.02657649376985516
2007-07-25,0.684249,0.687644,0.659157,0.674772,476715075,-0.0044483001296867775
2007-07-26,0.667594,0.687644,0.658508,0.678006,774222613,0.004792729988796207
2007-07-27,0.679406,0.707575,0.67616,0.67639,669830190,-0.0023834597333945995
2007-07-30,0.678956,0.696292,0.678706,0.695373,586783868,0.02806516950280158
2007-07-31,0.72291,0.732568,0.698617,0.699566,774855516,0.006029857357130686
2007-08-01,0.68944,0.706406,0.661872,0.694253,769612833,-0.00759470871940604
2007-08-02,0.702261,0.702711,0.682002,0.691268,510882284,-0.004299585309678222
2007-08-03,0.688992,0.694054,0.64998,0.650229,679538548,-0.05936771266715668
2007-08-06,0.650229,0.660535,0.637398,0.655781,572006746,0.008538530271642752
2007-08-07,0.653963,0.677089,0.647065,0.666045,616442057,0.01565156660531497
2007-08-08,0.677588,0.71753,0.672937,0.696772,720023291,0.04613351950694011
2007-08-09,0.701581,0.724528,0.685596,0.705057,1328030899,0.011890546692461923
2007-08-10,0.648184,0.677089,0.632585,0.672517,1243847172,-0.04615229690649125
2007-08-13,0.675691,0.682422,0.651147,0.665097,763255108,-0.011033178343447081
2007-08-14,0.669722,0.701581,0.667594,0.690839,1189426490,0.0387041288714276
2007-08-15,0.686276,0.696971,0.660704,0.661672,757895691,-0.042219677812051604
2007-08-16,0.655111,0.659837,0.619057,0.650697,849602880,-0.016586768066353175
2007-08-17,0.668762,0.68969,0.647934,0.688992,797027488,0.05885227686619121
2007-08-20,0.68944,0.696971,0.678006,0.686276,566640359,-0.00394199061817857
2007-08-21,0.69039,0.728923,0.680355,0.72333,779875577,0.053992854186945216
2007-08-22,0.739425,0.74417,0.726885,0.739895,611442796,0.022901027193673595
2007-08-23,0.741274,0.752257,0.730501,0.733685,728291783,-0.008393082802289453
2007-08-24,0.731649,0.738956,0.726186,0.737559,394264321,0.005280195179129921
2007-08-27,0.737559,0.761942,0.734184,0.754135,693091145,0.022474134272647994
2007-08-28,0.7564,0.759596,0.706406,0.708264,610536175,-0.06082597943339052
2007-08-29,0.72406,0.74926,0.721562,0.748383,587216603,0.05664413269628277
2007-08-30,0.747016,0.762611,0.740774,0.743952,507252705,-0.005920765169705966
2007-08-31,0.759596,0.78488,0.755504,0.782062,785849430,0.051226423210099625
2007-09-04,0.78438,0.809572,0.773356,0.806177,744675470,0.030835151177272424
2007-09-05,0.802691,0.825437,0.799466,0.799946,714844123,-0.007729071903564533
2007-09-06,0.810241,0.817331,0.800146,0.80362,463941940,0.00459281001467593
2007-09-07,0.781104,0.789492,0.759146,0.774285,656727894,-0.03650357133968796
2007-09-10,0.791139,0.80476,0.769931,0.776343,633928787,0.002657936031306374
2007-09-11,0.787594,0.798767,0.777509,0.792836,442056545,0.02124447570210597
2007-09-12,0.801344,0.805239,0.753906,0.761693,604443696,-0.03928050693964458
2007-09-13,0.774974,0.776792,0.7564,0.761942,493842049,0.0003269033587023351
2007-09-14,0.754305,0.755254,0.737099,0.739425,531398589,-0.029552118140225958
2007-09-17,0.739196,0.748383,0.729782,0.737779,408570692,-0.002226054028468094
2007-09-18,0.745647,0.813916,0.744419,0.802462,920952631,0.08767259572310948
2007-09-19,0.809821,0.825437,0.780064,0.787594,568437777,-0.018527980141115674
2007-09-20,0.788294,0.796752,0.774505,0.78318,353460843,-0.005604410394187909
2007-09-21,0.791139,0.802462,0.78318,0.790891,498875310,0.009845757041804015
2007-09-24,0.795603,0.823111,0.789952,0.810939,497362986,0.025348625790405865
2007-09-25,0.806177,0.824738,0.80384,0.821274,393192464,0.012744485096906066
2007-09-26,0.824988,0.842613,0.823371,0.840766,564839705,0.023733857397165936
2007-09-27,0.848833,0.853007,0.834355,0.843341,409258296,0.003062683314976944
2007-09-28,0.848353,0.851329,0.829162,0.830901,440821444,-0.014750854043619421
2007-10-01,0.840266,0.870171,0.83707,0.865717,434181399,0.04190150210434207
2007-10-02,0.8639,0.865478,0.845159,0.857461,310706958,-0.009536603763123486
2007-10-03,0.838249,0.842613,0.807744,0.821274,509412714,-0.042202502504487205
2007-10-04,0.820355,0.829802,0.796752,0.824988,413219790,0.004522242272372079
2007-10-05,0.833877,0.851329,0.829162,0.846536,375984339,0.026119167793955622
2007-10-08,0.852748,0.861805,0.842613,0.860426,275269647,0.016408044076093642
2007-10-09,0.860426,0.86438,0.832728,0.845379,439387267,-0.017487849042218673
2007-10-10,0.851079,0.851079,0.825886,0.846306,424055248,0.0010965495949153414
2007-10-11,0.835722,0.849051,0.799466,0.808623,573958655,-0.04452644788055382
2007-10-12,0.818031,0.828434,0.80502,0.828434,446992100,0.024499674137391514
2007-10-15,0.828903,0.845159,0.827304,0.834355,387764875,0.0071472199354443156
2007-10-16,0.833628,0.856762,0.830481,0.841944,297089855,0.009095648734651407
2007-10-17,0.874734,0.909053,0.873835,0.906536,782447620,0.0767176914379104
2007-10-18,0.903543,0.90952,0.880886,0.905818,371332607,-0.0007920259096163562
2007-10-19,0.903773,0.904201,0.856982,0.857232,551468218,-0.05363770647083632
2007-10-22,0.851779,0.899708,0.84496,0.897849,585640043,0.04738157231647899
2007-10-23,0.908383,0.90952,0.877721,0.902246,320448916,0.004897260006972104
2007-10-24,0.882762,0.882762,0.828903,0.871738,616527965,-0.03381339457309862
2007-10-25,0.84474,0.853007,0.770131,0.795603,878541737,-0.0873370209856632
2007-10-26,0.820805,0.826385,0.777271,0.788773,672278378,-0.00858468356705544
2007-10-29,0.761444,0.773825,0.746546,0.770131,887181483,-0.02363417611911145
2007-10-30,0.776343,0.814615,0.76353,0.798329,572407613,0.036614549992144196
2007-10-31,0.803161,0.811639,0.778208,0.811169,496554021,0.01608359460823805
2007-11-01,0.802462,0.827504,0.787594,0.811169,640299761,0.0
2007-11-02,0.822441,0.848353,0.810939,0.842363,536355846,0.038455611592651984
2007-11-05,0.835244,0.862502,0.830061,0.842363,476080600,0.0
2007-11-06,0.850409,0.875883,0.846536,0.868994,604736132,0.03161463644533313
2007-11-07,0.868514,0.871988,0.820805,0.827764,585664049,-0.0474456670586908
2007-11-08,0.819628,0.834554,0.752257,0.775643,1061975483,-0.06296601446789196
2007-11-09,0.793006,0.797899,0.748582,0.764898,949756597,-0.013853022589000341
2007-11-12,0.762111,0.770131,0.688542,0.688542,779781477,-0.09982507471584445
2007-11-13,0.697667,0.74996,0.688542,0.74926,792358591,0.08818343688547703
2007-11-14,0.768531,0.775643,0.733685,0.737559,724713671,-0.015616741851960714
2007-11-15,0.732119,0.739675,0.71074,0.727805,541293725,-0.013224704735485426
2007-11-16,0.734603,0.746087,0.727805,0.743952,461868079,0.02218588770343688
2007-11-19,0.730501,0.737099,0.68989,0.693824,619817918,-0.06738069122739099
2007-11-20,0.707335,0.708024,0.667364,0.688542,678781369,-0.007612881652984016
2007-11-21,0.673903,0.697449,0.672038,0.681303,707045350,-0.010513519872426103
2007-11-23,0.686046,0.695822,0.677329,0.692885,154805963,0.016999778365866636
2007-11-26,0.692405,0.706636,0.675491,0.676859,420765886,-0.02312937933423298
2007-11-27,0.686516,0.708024,0.681303,0.705957,500212062,0.042989751188947656
2007-11-28,0.728503,0.76328,0.724787,0.753207,624193238,0.06693042210786215
2007-11-29,0.752037,0.781803,0.748582,0.759366,533231931,0.00817703499834721
2007-11-30,0.78416,0.78416,0.720863,0.72311,709522252,-0.04774509261673543
2007-12-03,0.738278,0.747246,0.72253,0.733685,534297068,0.014624331014644998
2007-12-04,0.736879,0.739425,0.718718,0.732986,405254209,-0.0009527249432658147
2007-12-05,0.760295,0.785359,0.751608,0.77106,726910725,0.05194369333111393
2007-12-06,0.769491,0.789272,0.762351,0.786676,404472414,0.020252639223925506
2007-12-07,0.790891,0.790891,0.768791,0.776792,349227774,-0.012564257712196603
2007-12-10,0.777042,0.794406,0.777042,0.785359,366601346,0.01102869236552384
2007-12-11,0.802242,0.816661,0.78438,0.785977,635054925,0.0007869012769956552
2007-12-12,0.81853,0.827504,0.79743,0.813236,673301693,0.03468167643582443
2007-12-13,0.805927,0.808623,0.767636,0.791139,545577229,-0.027171694317516537
2007-12-14,0.782062,0.812797,0.782062,0.80409,385873537,0.01637006897650095
2007-12-17,0.796072,0.803161,0.761244,0.76303,553212718,-0.05106393562909628
2007-12-18,0.774974,0.791139,0.766967,0.782531,432749184,0.025557317536663016
2007-12-19,0.779884,0.797171,0.776542,0.789952,276441693,0.009483330372854315
2007-12-20,0.802462,0.808204,0.785777,0.806407,305203847,0.02083037956736611
2007-12-21,0.813916,0.823111,0.798767,0.806177,472568726,-0.00028521577813678256
2007-12-24,0.810719,0.82427,0.806177,0.820355,113402961,0.017586708626021297
2007-12-26,0.821973,0.83133,0.813916,0.83133,234753426,0.013378354492872058
2007-12-27,0.832229,0.834554,0.80362,0.805707,263177846,-0.03082169535563506
2007-12-28,0.80429,0.813916,0.790891,0.797669,280604797,-0.009976331346258638
2007-12-31,0.792156,0.805707,0.779884,0.780064,298366527,-0.022070558088630676
2008-01-02,0.779635,0.785359,0.746546,0.7569,527693137,-0.0296949993846658
2008-01-03,0.763979,0.776343,0.748163,0.750939,518257104,-0.007875544986127636
2008-01-04,0.730501,0.732119,0.683351,0.687844,802604279,-0.0840214717839931
2008-01-07,0.692405,0.698147,0.604126,0.616789,1097302030,-0.10330103918911848
2008-01-08,0.620235,0.671558,0.605826,0.629801,1206974452,0.02109635547975075
2008-01-09,0.638497,0.66255,0.628871,0.66235,807797358,0.051681404126065145
2008-01-10,0.644508,0.658958,0.635721,0.648604,604530565,-0.020753378123348765
2008-01-11,0.633234,0.646585,0.61564,0.620235,624232256,-0.043738552337019176
2008-01-14,0.626406,0.66235,0.619286,0.661433,587832360,0.06642321055728884
2008-01-15,0.636431,0.64381,0.602083,0.612936,791102689,-0.0733211073532769
2008-01-16,0.574392,0.581412,0.531037,0.543588,1596800349,-0.11314068679274847
2008-01-17,0.550488,0.566733,0.532913,0.534282,1236305923,-0.017119583213757394
2008-01-18,0.535882,0.572527,0.51637,0.569529,999432848,0.06597077947600694
2008-01-22,0.515272,0.554403,0.512057,0.542911,772604502,-0.04673686502355445
2008-01-23,0.518415,0.566972,0.514124,0.550938,1006220293,0.01478511210861444
2008-01-24,0.562412,0.593383,0.556428,0.593154,651038565,0.07662568201866615
2008-01-25,0.61586,0.629571,0.569299,0.572048,748826576,-0.03558266487286599
2008-01-28,0.572048,0.575691,0.553064,0.565205,629753655,-0.011962282885352393
2008-01-29,0.575321,0.584908,0.560344,0.582532,451934516,0.030656133615237113
2008-01-30,0.573226,0.586275,0.561013,0.577518,578387705,-0.008607252477117244
2008-01-31,0.564976,0.574392,0.546392,0.56384,638440531,-0.023684110278813786
2008-02-01,0.56905,0.619057,0.557787,0.61586,646650526,0.09226021566401799
2008-02-04,0.625927,0.632585,0.593383,0.596621,616163051,-0.03123924268502587
2008-02-05,0.584648,0.584908,0.558966,0.559196,539572640,-0.06272826467724057
2008-02-06,0.564309,0.580812,0.547112,0.557347,607504898,-0.0033065329508794594
2008-02-07,0.541332,0.578716,0.529649,0.562862,724135930,0.009895092285416407
2008-02-08,0.557567,0.577318,0.550239,0.572997,429524889,0.018006189794301353
2008-02-11,0.577738,0.587204,0.570898,0.574841,549237454,0.003218166936301614
2008-02-12,0.5835,0.604376,0.580382,0.596141,664764340,0.037053724421187706
2008-02-13,0.600754,0.621312,0.594322,0.619536,795360124,0.03924407145289455
2008-02-14,0.601864,0.601864,0.517089,0.518415,2378112407,-0.16322053924227165
2008-02-15,0.517965,0.530317,0.502291,0.510657,888616541,-0.01496484476722304
2008-02-19,0.519984,0.520862,0.498625,0.50301,608824515,-0.014974826546977904
2008-02-20,0.488361,0.506733,0.486283,0.499354,827453471,-0.007268245164111953
2008-02-21,0.504387,0.506983,0.485136,0.488131,702402441,-0.022475037748771465
2008-02-22,0.491726,0.512755,0.488361,0.511797,788345810,0.0484828867660525
2008-02-25,0.511357,0.517319,0.497967,0.511597,732428909,-0.0003907799381395183
2008-02-26,0.50856,0.523658,0.500722,0.515951,616509637,0.008510605027003848
2008-02-27,0.513445,0.528052,0.510197,0.523878,586403541,0.01536386207217344
2008-02-28,0.517785,0.520213,0.504157,0.504157,549037516,-0.03764426068664839
2008-02-29,0.49597,0.502541,0.488361,0.490428,589378294,-0.02723159650664375
2008-03-03,0.489509,0.493174,0.478308,0.484737,489601089,-0.011604149844625544
2008-03-04,0.481441,0.48239,0.461061,0.479852,849227751,-0.010077629724984827
2008-03-05,0.482639,0.496849,0.479354,0.485136,702907284,0.01101172861632338
2008-03-06,0.479354,0.482639,0.454274,0.454983,1171871188,-0.0621537053527258
2008-03-07,0.446643,0.465875,0.43563,0.448242,836850796,-0.014815938177910049
2008-03-10,0.442749,0.448242,0.4218,0.422479,846799592,-0.05747564931443283
2008-03-11,0.43563,0.440852,0.418236,0.43655,935645647,0.033305797447920504
2008-03-12,0.440852,0.444625,0.42093,0.424577,810575399,-0.0274264116366969
2008-03-13,0.418007,0.458166,0.415468,0.451735,1330862499,0.06396484029987493
2008-03-14,0.454024,0.454504,0.416857,0.420102,1259346911,-0.07002556808748495
2008-03-17,0.403966,0.423658,0.396907,0.409488,874061670,-0.025265292714626297
2008-03-18,0.419184,0.43563,0.407213,0.434932,1172494577,0.06213613097331283
2008-03-19,0.424787,0.430837,0.404915,0.404915,960036567,-0.06901538631326265
2008-03-20,0.409708,0.425546,0.4024,0.424577,690720682,0.04855833940456633
2008-03-24,0.433202,0.46176,0.432502,0.459263,967652216,0.08169542862660961
2008-03-25,0.46176,0.474562,0.457048,0.465875,801847181,0.014396979508473295
2008-03-26,0.459733,0.462877,0.445974,0.451027,786958022,-0.03187121008854299
2008-03-27,0.445075,0.456798,0.437248,0.444625,655698560,-0.014194272183261747
2008-03-28,0.453104,0.462877,0.448002,0.451255,612548014,0.014911442226595462
2008-03-31,0.456119,0.464497,0.448002,0.453784,619114099,0.005604370034681061
2008-04-01,0.467073,0.482639,0.460583,0.481441,737267490,0.06094749925074483
2008-04-02,0.482639,0.482889,0.463127,0.466824,672245599,-0.030360937269572008
2008-04-03,0.462398,0.463577,0.444625,0.458166,917904558,-0.018546604287697277
2008-04-04,0.44919,0.451255,0.429459,0.430608,1660897972,-0.06014850512696279
2008-04-07,0.441781,0.447522,0.437468,0.440852,794920609,0.02378961840002969
2008-04-08,0.43585,0.452654,0.43563,0.438445,697240228,-0.005459882228049384
2008-04-09,0.443947,0.451735,0.439344,0.447093,736240890,0.019724252756902372
2008-04-10,0.449889,0.470188,0.44225,0.455901,1190621040,0.019700599204192315
2008-04-11,0.447302,0.449889,0.422029,0.424787,1201598199,-0.06824727298251154
2008-04-14,0.424127,0.424127,0.408112,0.410607,850411936,-0.03338143587256681
2008-04-15,0.412705,0.417067,0.403718,0.415468,472679241,0.011838570701425022
2008-04-16,0.431537,0.437468,0.423658,0.432035,705133641,0.03987551387832511
2008-04-17,0.411986,0.427612,0.411507,0.426016,650829513,-0.013931741641302176
2008-04-18,0.438645,0.442978,0.430158,0.43608,625149373,0.02362352587696237
2008-04-21,0.432952,0.458566,0.432732,0.455681,741326659,0.044948174646853634
2008-04-22,0.449409,0.452184,0.437468,0.447093,640716022,-0.0188465176296575
2008-04-23,0.453354,0.473633,0.447302,0.468571,1112935628,0.04803922226471902
2008-04-24,0.471387,0.473633,0.450587,0.457467,715258510,-0.023697582650228033
2008-04-25,0.46176,0.463127,0.447302,0.461979,602159772,0.009863006511944938
2008-04-28,0.459933,0.466824,0.451985,0.453784,583969754,-0.017738901551802022
2008-04-29,0.448712,0.46882,0.448712,0.463127,625221581,0.020589090844983504
2008-04-30,0.468352,0.476209,0.465426,0.471147,1164310841,0.01731706421780621
2008-05-01,0.476939,0.494073,0.474562,0.492925,1106262113,0.0462233655313522
2008-05-02,0.506503,0.51637,0.498625,0.51637,1233192103,0.04756301668610852
2008-05-05,0.512995,0.515272,0.502291,0.503507,1028592584,-0.024910432441853647
2008-05-06,0.502091,0.517785,0.494322,0.51662,794327104,0.026043332068868885
2008-05-07,0.517965,0.524778,0.506263,0.508999,536774841,-0.01475165498819242
2008-05-08,0.50856,0.510197,0.481661,0.503268,1438217998,-0.011259354144114053
2008-05-09,0.504607,0.537248,0.503707,0.51662,2212502533,0.026530596024384456
2008-05-12,0.523178,0.523178,0.496849,0.501892,1097611511,-0.02850838140219114
2008-05-13,0.504387,0.504387,0.487911,0.491506,924371706,-0.020693695057900863
2008-05-14,0.497767,0.519085,0.491506,0.506004,805807012,0.029497096678372303
2008-05-15,0.504867,0.547542,0.502541,0.545175,1258510074,0.07741243152228039
2008-05-16,0.553764,0.560793,0.541762,0.559666,1190191040,0.026580455816939574
2008-05-19,0.560344,0.580382,0.544008,0.547992,1263219182,-0.020858869397104685
2008-05-20,0.533133,0.539317,0.527573,0.533832,840946670,-0.025839793281653867
2008-05-21,0.535382,0.55573,0.528252,0.52945,1162945456,-0.00820857498239147
2008-05-22,0.537029,0.546642,0.528502,0.542211,755691306,0.02410237038436125
2008-05-23,0.541332,0.545674,0.522059,0.529897,875202120,-0.022710715938997983
2008-05-27,0.530817,0.536329,0.520683,0.535632,907980899,0.010822858027126125
2008-05-28,0.549541,0.551637,0.534512,0.540664,819660267,0.00939450966335098
2008-05-29,0.540914,0.541762,0.52945,0.539317,753390197,-0.0024913809685866983
2008-05-30,0.554803,0.568101,0.553064,0.566254,904831195,0.04994650641459475
2008-06-02,0.566254,0.572997,0.560114,0.5686,801002823,0.004143017091269963
2008-06-03,0.570898,0.571368,0.542691,0.549341,916660765,-0.03387091100949702
2008-06-04,0.538368,0.556867,0.534282,0.55573,906876994,0.011630298848984477
2008-06-05,0.574163,0.581232,0.56333,0.569769,902529055,0.02526226764795858
2008-06-06,0.562862,0.56358,0.548442,0.551637,855798794,-0.03182342317676101
2008-06-09,0.548442,0.55593,0.532235,0.54309,695559213,-0.01549388456539369
2008-06-10,0.528502,0.529201,0.507632,0.511097,1335919235,-0.05890920473586314
2008-06-11,0.510877,0.523438,0.486512,0.487182,1089271862,-0.04679150924384223
2008-06-12,0.498206,0.507881,0.486054,0.490179,897035558,0.0061517051122577104
2008-06-13,0.490848,0.49662,0.474082,0.488611,769520886,-0.003198831447287498
2008-06-16,0.483319,0.487911,0.478078,0.481921,687465972,-0.013691873494456774
2008-06-17,0.488831,0.48905,0.469049,0.470188,750060515,-0.02434631402242271
2008-06-18,0.464757,0.481441,0.448961,0.456599,1161530327,-0.028901205475256764
2008-06-19,0.457467,0.465426,0.444376,0.455452,855829790,-0.002512051055740261
2008-06-20,0.447093,0.458166,0.445075,0.453104,807964488,-0.005155318233315498
2008-06-23,0.457048,0.457048,0.439752,0.443707,846780164,-0.020739168049719203
2008-06-24,0.441332,0.46882,0.441112,0.458386,1176391895,0.03308264237435954
2008-06-25,0.465426,0.46882,0.453604,0.460801,982380235,0.005268485512210264
2008-06-26,0.447093,0.450587,0.437248,0.437248,921778231,-0.05111317032732132
2008-06-27,0.438645,0.444625,0.428979,0.442031,636046493,0.010938872218969609
2008-06-30,0.437018,0.440852,0.426246,0.429239,712973725,-0.028939146801921223
2008-07-01,0.425287,0.430358,0.416367,0.429908,961111909,0.0015585722639368527
2008-07-02,0.427841,0.430608,0.412705,0.413385,811746394,-0.038433804441880604
2008-07-03,0.297615,0.30102,0.284397,0.286461,3258243183,-0.30703581407162805
2008-07-07,0.291254,0.292553,0.269607,0.277415,2397090800,-0.031578469669518716
2008-07-08,0.278595,0.286212,0.270557,0.275817,1968391992,-0.005760322981814392
2008-07-09,0.276496,0.280692,0.270986,0.270986,1540682438,-0.017515236551771562
2008-07-10,0.271684,0.275597,0.265295,0.270307,1150279110,-0.0025056644992729193
2008-07-11,0.263716,0.27418,0.259584,0.26751,880739873,-0.01034749377559585
2008-07-14,0.269607,0.271684,0.253552,0.25539,961916598,-0.04530671750588766
2008-07-15,0.252253,0.263477,0.245383,0.258214,1223800928,0.01105759818317087
2008-07-16,0.258014,0.266413,0.252033,0.259584,1127859839,0.0053056766867791705
2008-07-17,0.263477,0.263716,0.250406,0.260383,939951935,0.0030780017258382752
2008-07-18,0.258214,0.266633,0.251305,0.265065,981016763,0.017981204610131973
2008-07-21,0.268957,0.273023,0.264335,0.266633,622730478,0.0059155301529814075
2008-07-22,0.264815,0.265295,0.255859,0.260861,606069088,-0.021647733026294524
2008-07-23,0.262748,0.271456,0.261581,0.268727,648512490,0.03015399005600683
2008-07-24,0.265934,0.268488,0.252253,0.252932,769474787,-0.058777123251478325
2008-07-25,0.25539,0.265934,0.250206,0.265065,1133478713,0.04796941470434746
2008-07-28,0.261581,0.273023,0.260383,0.264335,800619582,-0.002754041461528356
2008-07-29,0.264815,0.273702,0.2618,0.267062,833667833,0.010316454499025962
2008-07-30,0.272304,0.272804,0.257285,0.263227,641608582,-0.014359961357287898
2008-07-31,0.262508,0.268008,0.259584,0.262278,531173874,-0.003605253260493657
2008-08-01,0.25539,0.256336,0.245383,0.248559,960608889,-0.052307093999496734
2008-08-04,0.246742,0.249957,0.241849,0.242569,568049158,-0.024098906094729977
2008-08-05,0.247161,0.256586,0.244465,0.256586,747338598,0.057785619761799634
2008-08-06,0.257285,0.265734,0.249038,0.263477,888281171,0.026856492559999445
2008-08-07,0.261081,0.272804,0.256336,0.259354,893229746,-0.01564842472018446
2008-08-08,0.261331,0.263716,0.251305,0.252253,930657103,-0.027379566152825774
2008-08-11,0.254,0.263716,0.253072,0.257514,1303061367,0.020856045319580074
2008-08-12,0.259584,0.260233,0.250206,0.253772,1525835512,-0.014531248786473827
2008-08-13,0.272304,0.285325,0.26731,0.28114,2284500170,0.1078448370978673
2008-08-14,0.279712,0.3093,0.279014,0.298065,1782849152,0.0602013231841787
2008-08-15,0.303287,0.306733,0.29507,0.297168,847776568,-0.00300941069900873
2008-08-18,0.298763,0.305784,0.296029,0.303057,974745607,0.01981707317073189
2008-08-19,0.298065,0.309548,0.296969,0.307632,1105635258,0.015096170027420586
2008-08-20,0.312513,0.323706,0.309977,0.322788,1245216483,0.049266656264627784
2008-08-21,0.316407,0.319604,0.305784,0.312313,1113867196,-0.032451640085752964
2008-08-22,0.314111,0.318186,0.305314,0.312063,500760510,-0.000800479006637711
2008-08-25,0.309977,0.317527,0.306514,0.307433,514154450,-0.014836747707994702
2008-08-26,0.30908,0.3093,0.296969,0.300121,668506096,-0.023784044003083538
2008-08-27,0.291503,0.306014,0.290556,0.302389,489943369,0.007556952029348141
2008-08-28,0.302838,0.306014,0.298294,0.30122,397601865,-0.0038658813647323154
2008-08-29,0.297168,0.298065,0.288908,0.289838,562625465,-0.03778633556868738
2008-09-02,0.295769,0.297168,0.278595,0.28251,756631848,-0.02528308917395239
2008-09-03,0.278595,0.279712,0.264815,0.26731,779425336,-0.053803405189196796
2008-09-04,0.264335,0.267062,0.262029,0.263716,780788207,-0.01344506378362198
2008-09-05,0.261331,0.268228,0.261081,0.26751,862582603,0.014386688710582574
2008-09-08,0.270087,0.270087,0.252253,0.256586,1433571313,-0.04083585660349165
2008-09-09,0.25564,0.271226,0.246932,0.247841,1197397810,-0.03408214010117461
2008-09-10,0.250855,0.255859,0.246512,0.248059,702288552,0.0008795961927203777
2008-09-11,0.23413,0.241119,0.228378,0.23611,1162645599,-0.04816999181646309
2008-09-12,0.232743,0.23564,0.220342,0.233671,1318413066,-0.010329930964380951
2008-09-15,0.224465,0.228837,0.210464,0.213211,941987559,-0.08755900389864368
2008-09-16,0.20817,0.22148,0.201768,0.219873,1352811989,0.031246042652583572
2008-09-17,0.214819,0.23437,0.212763,0.229306,1515654489,0.04290203890427646
2008-09-18,0.232045,0.2618,0.231575,0.249707,1738141055,0.08896845263534314
2008-09-19,0.262029,0.263716,0.249957,0.261581,1207267959,0.04755173062829643
2008-09-22,0.259803,0.267062,0.25473,0.256086,763265243,-0.02100687741082119
2008-09-23,0.254,0.263477,0.247841,0.248788,894521251,-0.0284982388728785
2008-09-24,0.244684,0.262998,0.244265,0.258014,944282328,0.03708378217598929
2008-09-25,0.258014,0.269207,0.253552,0.262998,641452199,0.019316781259931526
2008-09-26,0.256586,0.269857,0.251774,0.268008,705229584,0.019049574521479373
2008-09-29,0.259584,0.264115,0.229306,0.231575,1063327328,-0.13593997194113616
2008-09-30,0.23586,0.247841,0.232743,0.245613,718595854,0.060619669653459995
2008-10-01,0.241849,0.246263,0.23437,0.238713,607533010,-0.028092975534682596
2008-10-02,0.239383,0.24029,0.212763,0.21392,858738385,-0.10386112193303254
2008-10-03,0.217574,0.223549,0.205652,0.207021,998583141,-0.03225037397157815
2008-10-06,0.196967,0.197645,0.16759,0.179991,1828855795,-0.13056646427174057
2008-10-07,0.186423,0.186871,0.164614,0.165993,1155748020,-0.07777055519442644
2008-10-08,0.16049,0.179303,0.158423,0.169437,1329635580,0.02074786286168706
2008-10-09,0.17563,0.178154,0.156826,0.158643,991365806,-0.06370509392871682
2008-10-10,0.144683,0.168058,0.143995,0.156127,1308532982,-0.015859508456093407
2008-10-13,0.169676,0.184805,0.16737,0.184585,999258788,0.1822746866333178
2008-10-14,0.191693,0.192613,0.1754,0.180451,1318042573,-0.022396186038952215
2008-10-15,0.179073,0.180221,0.16096,0.16096,931148525,-0.108012701508997
2008-10-16,0.165763,0.177465,0.158194,0.176556,1110467109,0.09689363817097418
2008-10-17,0.171514,0.185504,0.168288,0.1754,915266397,-0.006547497677790615
2008-10-20,0.181369,0.182746,0.17448,0.178853,649548695,0.019686431014823258
2008-10-21,0.1754,0.177235,0.164165,0.165073,716884143,-0.07704651305820986
2008-10-22,0.162788,0.169676,0.154528,0.158883,655171364,-0.03749856124260176
2008-10-23,0.158423,0.162318,0.143535,0.149947,907341016,-0.05624264395813272
2008-10-24,0.137567,0.159343,0.136887,0.151555,870440824,0.010723789072138779
2008-10-27,0.150625,0.169217,0.145833,0.1598,762113397,0.05440269209197979
2008-10-28,0.168288,0.184115,0.165303,0.183895,926776240,0.15078222778473105
2008-10-29,0.182746,0.201768,0.181827,0.189856,1065634566,0.03241523695587145
2008-10-30,0.200401,0.201768,0.185733,0.197885,716695582,0.04228994606438574
2008-10-31,0.19422,0.204744,0.191235,0.20085,656084445,0.014983449983576369
2008-11-03,0.205193,0.20887,0.190315,0.19353,789310558,-0.036445108289768435
2008-11-04,0.200162,0.205882,0.1949,0.205882,675544375,0.06382473001601818
2008-11-05,0.198324,0.204055,0.19513,0.19513,858721269,-0.05222408952701063
2008-11-06,0.183445,0.190545,0.17426,0.17472,866009691,-0.10459693537641579
2008-11-07,0.199473,0.20794,0.185733,0.199933,1234506292,0.14430517399267417
2008-11-10,0.207481,0.20864,0.182746,0.187111,628468840,-0.06413148404715585
2008-11-11,0.184585,0.185733,0.177016,0.178853,628547818,-0.04413423048350973
2008-11-12,0.173332,0.177465,0.166222,0.168288,703160892,-0.059070857072568095
2008-11-13,0.16164,0.182276,0.157276,0.182056,869209489,0.08181213158395129
2008-11-14,0.17472,0.17563,0.163696,0.164394,807968293,-0.09701410554994061
2008-11-17,0.165993,0.16713,0.159343,0.16096,423286763,-0.020888840225312455
2008-11-18,0.164165,0.165073,0.150405,0.155668,614577188,-0.03287773359840951
2008-11-19,0.154288,0.158194,0.142158,0.142846,545357942,-0.08236760284708478
2008-11-20,0.141698,0.14881,0.133681,0.135288,923489141,-0.05291012698990527
2008-11-21,0.139412,0.146281,0.131843,0.146281,652120137,0.08125628289279163
2008-11-24,0.154528,0.157736,0.14674,0.155898,654420605,0.06574332961902107
2008-11-25,0.162788,0.163007,0.155668,0.16026,575836153,0.027979832967709672
2008-11-26,0.158194,0.17494,0.156586,0.17448,655060599,0.08873081242980141
2008-11-28,0.171734,0.17426,0.168988,0.171264,191782608,-0.01843191196698757
2008-12-01,0.165303,0.165993,0.156356,0.156586,596516743,-0.08570394245141999
2008-12-02,0.16049,0.16737,0.157496,0.165303,523355252,0.05566908919060465
2008-12-03,0.159343,0.17402,0.157496,0.173801,637438167,0.05140862537280033
2008-12-04,0.169437,0.178853,0.158423,0.162318,508425242,-0.06606981547862223
2008-12-05,0.159343,0.169437,0.154528,0.168748,478105798,0.03961359799898978
2008-12-08,0.171964,0.1754,0.159343,0.163236,771686413,-0.03266409083366928
2008-12-09,0.16118,0.185504,0.159343,0.179073,904627772,0.09701903991766536
2008-12-10,0.182516,0.200631,0.179532,0.196049,1047971253,0.09479932764850085
2008-12-11,0.1949,0.201768,0.185504,0.1878,635324106,-0.04207621563996755
2008-12-12,0.181827,0.198324,0.178614,0.197186,740645764,0.04997870074547395
2008-12-15,0.198554,0.199473,0.184585,0.190775,520098198,-0.03251245017394744
2008-12-16,0.190775,0.204055,0.190775,0.203605,569102438,0.06725199842746687
2008-12-17,0.199933,0.216667,0.197186,0.21368,735098597,0.04948306770462407
2008-12-18,0.212303,0.212992,0.191463,0.19399,600379559,-0.0921471359041558
2008-12-19,0.196508,0.204055,0.19467,0.19537,646254536,0.007113768750966587
2008-12-22,0.19467,0.198784,0.176796,0.183895,569671245,-0.058734708501816946
2008-12-23,0.185963,0.188937,0.178614,0.181369,411534138,-0.01373609940455156
2008-12-24,0.180681,0.182056,0.173332,0.177016,160037169,-0.024000793961481803
2008-12-26,0.177016,0.179303,0.16737,0.172194,246448776,-0.027240475437248612
2008-12-29,0.17402,0.177695,0.163236,0.177695,501710535,0.03194652543061882
2008-12-30,0.179991,0.186651,0.17586,0.183895,446606575,0.03489124623652895
2008-12-31,0.180451,0.189626,0.178384,0.185045,481478334,0.0062535686125233525
2009-01-02,0.185045,0.201079,0.184345,0.199703,542044404,0.07921316436542458
2009-01-05,0.198324,0.20794,0.196049,0.203376,769506855,0.01839231258418761
2009-01-06,0.20864,0.216208,0.204744,0.210237,717079975,0.03373554401699308
2009-01-07,0.205423,0.205423,0.190545,0.197645,948606873,-0.059894309755181174
2009-01-08,0.1949,0.19513,0.180681,0.192613,1101708917,-0.025459789015659262
2009-01-09,0.191923,0.192613,0.181369,0.181827,830105474,-0.05599829710351856
2009-01-12,0.18114,0.182746,0.171964,0.17448,703808747,-0.04040654028279622
2009-01-13,0.16737,0.182056,0.165303,0.1754,1989025001,0.005272810637322323
2009-01-14,0.169217,0.171264,0.165073,0.16759,1063002484,-0.044526795895097004
2009-01-15,0.168288,0.176328,0.165073,0.173562,1088403248,0.03563458440241063
2009-01-16,0.178384,0.184805,0.172643,0.183206,906334416,0.05556515827197206
2009-01-20,0.181827,0.183445,0.163935,0.165303,768080289,-0.09772059867034921
2009-01-21,0.169676,0.17448,0.162318,0.173332,707029517,0.04857141128715159
2009-01-22,0.16713,0.17472,0.163935,0.170124,597142125,-0.018507834675651424
2009-01-23,0.165303,0.182056,0.165073,0.176796,690242810,0.03921845242293864
2009-01-26,0.17586,0.18802,0.17472,0.182746,634265549,0.03365460757030703
2009-01-27,0.185733,0.1949,0.185045,0.19353,790501693,0.05901086754292861
2009-01-28,0.200401,0.204744,0.19399,0.201538,789151691,0.04137859763344176
2009-01-29,0.19537,0.197186,0.188937,0.189856,448293319,-0.05796425487997303
2009-01-30,0.188478,0.19353,0.179991,0.182276,552548298,-0.03992499578628017
2009-02-02,0.179532,0.19422,0.178614,0.192153,630165148,0.05418705699049786
2009-02-03,0.192613,0.196049,0.187331,0.19444,432770756,0.011901973947843647
2009-02-04,0.1949,0.209788,0.1949,0.199933,849643901,0.02825036000822867
2009-02-05,0.192613,0.216885,0.192613,0.2146,1002240141,0.07335957545777849
2009-02-06,0.216208,0.227679,0.211614,0.226292,1262442234,0.05448275862068952
2009-02-09,0.225382,0.228617,0.217115,0.223319,780823851,-0.013137892634295545
2009-02-10,0.219873,0.226062,0.209548,0.21368,1223167734,-0.043162471621312926
2009-02-11,0.196049,0.203835,0.180221,0.186871,2162523691,-0.12546330962186447
2009-02-12,0.182746,0.191923,0.180221,0.190775,1116546920,0.020891417073810148
2009-02-13,0.186651,0.192843,0.185045,0.190545,833306164,-0.0012056087013497807
2009-02-17,0.182746,0.1878,0.178853,0.179532,850018109,-0.057797370699834705
2009-02-18,0.179532,0.190315,0.179303,0.184345,704562120,0.026808591226076706
2009-02-19,0.188478,0.189626,0.170124,0.170124,811215603,-0.0771433996040034
2009-02-20,0.167828,0.177235,0.166222,0.17448,839633593,0.0256048529308035
2009-02-23,0.177465,0.178384,0.165303,0.166451,740935075,-0.04601673544245766
2009-02-24,0.16713,0.181598,0.16713,0.181369,719115949,0.08962397342160755
2009-02-25,0.178853,0.188937,0.17472,0.183445,765824117,0.011446278029872747
2009-02-26,0.191463,0.19583,0.187111,0.189397,1218503723,0.03244569216931503
2009-02-27,0.184585,0.19422,0.183206,0.189856,823673929,0.0024234808365495297
2009-03-02,0.182276,0.189167,0.173103,0.173801,763310661,-0.08456409067925152
2009-03-03,0.176556,0.187561,0.171264,0.180681,1135187089,0.03958550296028207
2009-03-04,0.185504,0.199473,0.183895,0.19399,1208846381,0.07366020776949433
2009-03-05,0.190775,0.199014,0.188478,0.189397,1040906114,-0.023676478168977666
2009-03-06,0.189397,0.199243,0.186871,0.192393,1062834333,0.0158186243710301
2009-03-09,0.191005,0.205423,0.189856,0.190315,744463514,-0.01080080876123346
2009-03-10,0.197415,0.211154,0.19537,0.207481,1368216036,0.09019782991356418
2009-03-11,0.207481,0.271684,0.204055,0.213211,943179004,0.027616986615641936
2009-03-12,0.211154,0.228138,0.209788,0.225852,1749595866,0.059288685855795276
2009-03-13,0.222629,0.227909,0.218954,0.224694,1303167275,-0.0051272514744168385
2009-03-16,0.226979,0.227229,0.21415,0.215968,762600272,-0.03883503787373055
2009-03-17,0.216667,0.227229,0.21392,0.226751,1096265044,0.04992869313972448
2009-03-18,0.223319,0.240519,0.223089,0.2339,1482411708,0.03152797562083509
2009-03-19,0.232983,0.23541,0.229526,0.231095,896979915,-0.011992304403591336
2009-03-20,0.2348,0.2348,0.212533,0.218504,1192506160,-0.0544840866310391
2009-03-23,0.225852,0.2348,0.220342,0.23437,889787296,0.07261194303079122
2009-03-24,0.228617,0.230635,0.223089,0.224237,1215613296,-0.043235055681187906
2009-03-25,0.232743,0.238534,0.219194,0.227909,1356333087,0.016375531245958586
2009-03-26,0.231335,0.242569,0.229067,0.242089,1454227967,0.06221781500511159
2009-03-27,0.238534,0.245383,0.23611,0.239851,798024665,-0.009244534035003582
2009-03-30,0.231335,0.233671,0.22125,0.224465,850520087,-0.06414815864849432
2009-03-31,0.227449,0.231575,0.224465,0.226062,878027691,0.007114694941305011
2009-04-01,0.220342,0.2339,0.214819,0.231795,968132261,0.02536029938689377
2009-04-02,0.239592,0.246932,0.237086,0.242569,1092550959,0.04648072650402302
2009-04-03,0.239163,0.260233,0.238713,0.259584,1093856174,0.07014498967304128
2009-04-06,0.2545,0.262508,0.251774,0.260233,967346861,0.0025001540927021004
2009-04-07,0.25516,0.258014,0.249707,0.251305,662641787,-0.034307716546325806
2009-04-08,0.254,0.262278,0.252033,0.261581,797760130,0.040890551322098734
2009-04-09,0.268228,0.276976,0.266164,0.276017,986031166,0.05518749450457028
2009-04-13,0.272554,0.272804,0.261081,0.267062,836954541,-0.03244365383291603
2009-04-14,0.263716,0.275119,0.262278,0.268727,775975545,0.006234507342864015
2009-04-15,0.260632,0.262278,0.250206,0.261081,1139825802,-0.028452667577132162
2009-04-16,0.265934,0.270986,0.255859,0.267758,1129838798,0.02557443858419406
2009-04-17,0.267758,0.272154,0.261331,0.269607,758631378,0.006905489285100597
2009-04-20,0.259354,0.261581,0.252033,0.253332,644003291,-0.06036564332528449
2009-04-21,0.250206,0.263227,0.246263,0.252673,1016417039,-0.002601329480681591
2009-04-22,0.249957,0.270756,0.246263,0.260233,999208944,0.029920094351197024
2009-04-23,0.262278,0.265065,0.248059,0.256086,822083098,-0.01593571914399794
2009-04-24,0.258684,0.263896,0.252453,0.262029,828138252,0.023207047632436195
2009-04-27,0.258014,0.265934,0.251075,0.252673,858073694,-0.035705971476439724
2009-04-28,0.249508,0.258684,0.247161,0.253332,691653603,0.0026081140446347906
2009-04-29,0.253552,0.25564,0.246512,0.249508,937128417,-0.01509481628850673
2009-04-30,0.25473,0.270557,0.252253,0.263227,1210536620,0.05498420892316069
2009-05-01,0.262508,0.273702,0.262278,0.26751,916391534,0.01627112720199686
2009-05-04,0.271226,0.284157,0.268488,0.28204,1011627912,0.05431572651489658
2009-05-05,0.275817,0.277675,0.264815,0.270557,912678690,-0.040714083108779
2009-05-06,0.273473,0.276017,0.259803,0.265065,1017257431,-0.020298864934191307
2009-05-07,0.268957,0.270986,0.242569,0.246043,1399749399,-0.07176352970026212
2009-05-08,0.239851,0.240769,0.20887,0.212074,3193539537,-0.13806123319907493
2009-05-11,0.20864,0.22148,0.206791,0.216208,1132403200,0.019493195771287386
2009-05-12,0.22102,0.22102,0.201768,0.205882,1307178203,-0.047759564863464776
2009-05-13,0.204515,0.205652,0.191005,0.192613,1382365953,-0.06444953905635264
2009-05-14,0.193072,0.199473,0.191005,0.19537,1109621179,0.014313675608603749
2009-05-15,0.19537,0.207261,0.19444,0.200401,850508099,0.025751138864718248
2009-05-18,0.205193,0.21392,0.204964,0.212533,1023052638,0.060538620066766136
2009-05-19,0.21437,0.219194,0.210464,0.216667,937411910,0.019451097006111917
2009-05-20,0.219873,0.23503,0.219654,0.223089,1427758600,0.02963995440007028
2009-05-21,0.220342,0.224694,0.215518,0.22171,1052852968,-0.006181389490293232
2009-05-22,0.22171,0.228378,0.217574,0.225163,783153022,0.015574398989671279
2009-05-26,0.222859,0.239163,0.2208,0.237336,943481174,0.0540630565412612
2009-05-27,0.23611,0.244944,0.2339,0.237805,887716570,0.001976101392119123
2009-05-28,0.240769,0.243069,0.230635,0.240969,1085223579,0.013305018817939107
2009-05-29,0.241119,0.241589,0.230855,0.239163,909612381,-0.007494739987301324
2009-06-01,0.240969,0.252253,0.240969,0.250855,1115170679,0.048887160639396576
2009-06-02,0.250855,0.256336,0.244265,0.248788,990001773,-0.008239819816228455
2009-06-03,0.245613,0.246512,0.23503,0.240969,802162511,-0.03142836471212451
2009-06-04,0.241589,0.250206,0.241369,0.249707,733974412,0.03626192580788401
2009-06-05,0.252253,0.25425,0.245383,0.248309,610574703,-0.005598561514094547
2009-06-08,0.245613,0.250406,0.240769,0.246932,516576169,-0.005545509828479789
2009-06-09,0.248559,0.263227,0.248559,0.260383,790532719,0.05447248635251789
2009-06-10,0.261581,0.270307,0.256086,0.268727,908599922,0.03204510279088879
2009-06-11,0.269427,0.279712,0.263716,0.265295,910553403,-0.012771325546000134
2009-06-12,0.2618,0.264815,0.25539,0.263896,648763755,-0.005273374922256324
2009-06-15,0.259114,0.262508,0.25494,0.259584,485356774,-0.016339770212508098
2009-06-16,0.260861,0.262748,0.248788,0.252453,648669024,-0.02747087647928992
2009-06-17,0.257036,0.261081,0.246512,0.258684,871212875,0.02468182196290014
2009-06-18,0.257754,0.262508,0.250855,0.253552,617512162,-0.019838876776298586
2009-06-19,0.257036,0.262508,0.252932,0.256336,815114773,0.010979996213794418
2009-06-22,0.254,0.257285,0.240969,0.241849,626794855,-0.05651566693714505
2009-06-23,0.244265,0.244684,0.231335,0.240769,643055668,-0.004465596301824637
2009-06-24,0.243787,0.2545,0.243787,0.248788,561506097,0.03330578272119755
2009-06-25,0.246512,0.262278,0.244017,0.2618,949031596,0.05230155795295577
2009-06-26,0.259803,0.266164,0.258454,0.265295,560389453,0.013349885408709072
2009-06-29,0.265934,0.270087,0.262508,0.265295,556145248,0.0
2009-06-30,0.264115,0.268008,0.254,0.258854,642798515,-0.024278633219623535
2009-07-01,0.261331,0.263477,0.25564,0.260033,759326263,0.004554691061370741
2009-07-02,0.251554,0.25473,0.246512,0.249957,602080444,-0.03874892802067431
2009-07-06,0.249038,0.249957,0.237805,0.241849,820445868,-0.03243757926363333
2009-07-07,0.242319,0.244265,0.230635,0.231335,1169952979,-0.04347340696054147
2009-07-08,0.232743,0.233442,0.222629,0.231795,1314785489,0.001988458296409812
2009-07-09,0.23518,0.240769,0.23503,0.236837,779131028,0.021751979119480458
2009-07-10,0.23457,0.239383,0.231795,0.237805,566994416,0.004087199212960746
2009-07-13,0.238903,0.242569,0.228138,0.240519,605391438,0.011412712096045219
2009-07-14,0.242319,0.246512,0.239592,0.245613,493357026,0.02117919998004303
2009-07-15,0.2545,0.260632,0.252253,0.25564,1115126934,0.04082438633134222
2009-07-16,0.259354,0.269857,0.257036,0.268957,1038005942,0.05209278673134099
2009-07-17,0.268957,0.277675,0.266164,0.276746,927193521,0.028960019631390832
2009-07-20,0.278175,0.283258,0.275348,0.280212,853485707,0.012524119589804483
2009-07-21,0.280692,0.280692,0.268008,0.27442,1026306186,-0.0206700640943287
2009-07-22,0.271456,0.283898,0.267062,0.28137,655137814,0.02532614240944553
2009-07-23,0.28179,0.298962,0.278844,0.298065,1140471254,0.059334683868216276
2009-07-24,0.289838,0.298065,0.287061,0.297168,709443635,-0.00300941069900873
2009-07-27,0.293953,0.302838,0.291733,0.298543,738606796,0.004627012329726066
2009-07-28,0.296499,0.302189,0.293953,0.298962,614049461,0.0014034829153588557
2009-07-29,0.295529,0.297397,0.290077,0.293053,407713744,-0.019765053752650807
2009-07-30,0.298065,0.301939,0.292803,0.295299,510625922,0.0076641426636137044
2009-07-31,0.295529,0.300521,0.288438,0.296499,590495139,0.004063677831621648
2009-08-03,0.297825,0.307882,0.297825,0.304435,514282561,0.02676568892306541
2009-08-04,0.299872,0.311814,0.298763,0.306514,757982841,0.006829043966692483
2009-08-05,0.305554,0.309548,0.30102,0.307233,663533696,0.002345732984463833
2009-08-06,0.3093,0.313891,0.298962,0.300761,1031294220,-0.021065445443685937
2009-08-07,0.319854,0.326203,0.309977,0.31434,1528498390,0.04514880586246228
2009-08-10,0.315507,0.321222,0.302189,0.303957,755937804,-0.03303111280778781
2009-08-11,0.302389,0.306514,0.295299,0.296969,525402162,-0.022990093993558336
2009-08-12,0.297825,0.311124,0.296969,0.307882,692314087,0.036747943388030446
2009-08-13,0.311614,0.318186,0.304655,0.317057,614994610,0.029800378066921818
2009-08-14,0.317057,0.317057,0.303487,0.307632,465741151,-0.029726516052318575
2009-08-17,0.299162,0.299162,0.291733,0.294831,507051194,-0.04161140583554379
2009-08-18,0.295299,0.30908,0.294601,0.305554,693644680,0.03636998823054549
2009-08-19,0.30102,0.303957,0.298065,0.302189,602962739,-0.011012783337806087
2009-08-20,0.302589,0.315507,0.300121,0.314111,893882088,0.039452130951159736
2009-08-21,0.318006,0.319854,0.310227,0.319384,662199949,0.016787059351630607
2009-08-24,0.318006,0.321003,0.308612,0.310447,503154137,-0.02798199033138804
2009-08-25,0.311364,0.316407,0.306733,0.313162,484214962,0.00874545413548855
2009-08-26,0.313162,0.317527,0.311364,0.316807,473551140,0.011639343215332776
2009-08-27,0.318186,0.322559,0.314788,0.321222,600863941,0.013935929446003303
2009-08-28,0.329449,0.344567,0.329449,0.337757,963824191,0.051475303684056506
2009-08-31,0.335258,0.335508,0.328469,0.332965,470803075,-0.014187714836405907
2009-09-01,0.332046,0.34203,0.319854,0.3217,803414297,-0.033832384785187686
2009-09-02,0.321003,0.329449,0.320354,0.326203,441200279,0.013997513211066348
2009-09-03,0.32827,0.334579,0.325334,0.33408,582274277,0.024147540028754966
2009-09-04,0.333661,0.348759,0.332745,0.346423,559373980,0.036946240421456
2009-09-08,0.349439,0.356049,0.346163,0.356049,599381221,0.027786838633693467
2009-09-09,0.354652,0.366614,0.350357,0.365935,623020851,0.027765841218484022
2009-09-10,0.365935,0.378167,0.362997,0.377687,662885951,0.03211499309986743
2009-09-11,0.377217,0.378167,0.371475,0.37422,777133771,-0.00917955873514309
2009-09-14,0.370297,0.371694,0.364767,0.368013,534729523,-0.016586499919833297
2009-09-15,0.369639,0.380184,0.368013,0.375569,595480528,0.020531883384554472
2009-09-16,0.37467,0.375369,0.359942,0.365465,764413354,-0.026903178909867487
2009-09-17,0.364117,0.364567,0.343198,0.349439,1006496725,-0.04385098436238766
2009-09-18,0.352933,0.355331,0.346163,0.348989,659382089,-0.0012877784105380652
2009-09-21,0.346892,0.353413,0.34183,0.34736,641965924,-0.004667768898160118
2009-09-22,0.349658,0.351984,0.345265,0.348089,394039927,0.0020986872409027857
2009-09-23,0.349658,0.353183,0.34203,0.3425,522126481,-0.01605623849073068
2009-09-24,0.346663,0.348339,0.336937,0.338004,602692787,-0.013127007299270077
2009-09-25,0.336177,0.337757,0.329919,0.332515,411670842,-0.01623945278754102
2009-09-28,0.335508,0.348539,0.333661,0.339953,509968923,0.022368915688014024
2009-09-29,0.340633,0.346163,0.333212,0.333881,513452584,-0.017861292590446443
2009-09-30,0.341331,0.348759,0.333212,0.344567,943628905,0.032005415102985824
2009-10-01,0.342749,0.343428,0.319854,0.320104,1088823775,-0.07099635194316345
2009-10-02,0.316607,0.324434,0.315027,0.317527,667733195,-0.008050508584709903
2009-10-05,0.320783,0.32217,0.310447,0.315987,822359130,-0.004849981261435987
2009-10-06,0.320104,0.326691,0.317527,0.321222,826516705,0.016567137255646625
2009-10-07,0.319604,0.322369,0.315287,0.318685,500130240,-0.007897964647502365
2009-10-08,0.318685,0.321481,0.3093,0.320783,1353708105,0.006583303261841644
2009-10-09,0.320524,0.325334,0.318425,0.324884,674421392,0.012784343309963475
2009-10-12,0.319854,0.327371,0.319154,0.321222,544008621,-0.01127171544305039
2009-10-13,0.322559,0.326691,0.317057,0.320104,651711798,-0.0034804589972045052
2009-10-14,0.332286,0.332515,0.318006,0.319604,1198958185,-0.0015619923524854418
2009-10-15,0.319854,0.32217,0.308132,0.310227,1190807078,-0.029339432547777933
2009-10-16,0.307233,0.307233,0.297615,0.303057,1110872353,-0.023112108230424644
2009-10-19,0.303957,0.316607,0.303057,0.314111,758396498,0.03647498655368442
2009-10-20,0.317756,0.3217,0.311814,0.31434,719756674,0.0007290416445142611
2009-10-21,0.313162,0.318006,0.305134,0.306733,549445353,-0.02419991092447682
2009-10-22,0.303957,0.310447,0.299872,0.308852,413604393,0.006908288315897071
2009-10-23,0.311124,0.312932,0.299642,0.301469,468318542,-0.02390465336148062
2009-10-26,0.301719,0.308352,0.296029,0.297615,525177918,-0.012784067350208428
2009-10-27,0.297168,0.300521,0.284657,0.287509,645316518,-0.03395662181005665
2009-10-28,0.280911,0.28731,0.27418,0.275597,843558582,-0.04143174648445802
2009-10-29,0.278375,0.289108,0.277415,0.287758,694357322,0.04412602459388171
2009-10-30,0.286661,0.28731,0.272804,0.27418,658569759,-0.04718548224549812
2009-11-02,0.273702,0.28277,0.268957,0.276746,646729433,0.009358815376759866
2009-11-03,0.26751,0.276746,0.265065,0.275348,955669679,-0.00505156352756686
2009-11-04,0.278844,0.280442,0.273473,0.27465,999674288,-0.0025349739239071134
2009-11-05,0.278595,0.284157,0.276976,0.28137,1032973372,0.024467504096122417
2009-11-06,0.298065,0.307882,0.295299,0.301719,1788580243,0.07232114297899561
2009-11-09,0.306014,0.312932,0.305554,0.308612,891932783,0.022845760459235143
2009-11-10,0.307882,0.309748,0.297168,0.30102,851820535,-0.02460046919756842
2009-11-11,0.306514,0.316807,0.305554,0.309548,950262731,0.028330343498770727
2009-11-12,0.312713,0.317527,0.307632,0.308612,551528308,-0.003023763681238467
2009-11-13,0.308612,0.312513,0.306983,0.310895,423596204,0.007397638458646938
2009-11-16,0.312063,0.318904,0.312063,0.315287,439214649,0.01412695604625358
2009-11-17,0.315027,0.315507,0.308852,0.314788,381750272,-0.0015826849822542233
2009-11-18,0.312313,0.312932,0.304655,0.309977,496676934,-0.015283301777704428
2009-11-19,0.302589,0.303287,0.292133,0.297615,909184573,-0.03988037822160995
2009-11-20,0.291254,0.297168,0.290077,0.295769,465262057,-0.006202644355963294
2009-11-23,0.299872,0.305554,0.296749,0.298065,426231962,0.007762814899465509
2009-11-24,0.296749,0.298763,0.291503,0.296249,456318619,-0.0060926308020063935
2009-11-25,0.299162,0.303737,0.297615,0.299642,481677290,0.011453203217563823
2009-11-27,0.288208,0.296749,0.28731,0.293253,305226781,-0.021322111052522796
2009-11-30,0.294601,0.299642,0.291254,0.299422,555831080,0.021036442934940336
2009-12-01,0.30102,0.308852,0.299422,0.305314,503669264,0.019677912778619966
2009-12-02,0.304884,0.315287,0.304217,0.314588,656712381,0.03037528577136972
2009-12-03,0.317756,0.323936,0.316607,0.317057,719400383,0.007848360395183551
2009-12-04,0.323238,0.32827,0.318006,0.326891,899066835,0.031016504918673915
2009-12-07,0.361569,0.377217,0.346163,0.368971,2977938242,0.1287279245987194
2009-12-08,0.361122,0.364567,0.348989,0.351057,1172665592,-0.04855124115445386
2009-12-09,0.352234,0.362537,0.351287,0.359722,732242701,0.024682601400912052
2009-12-10,0.362297,0.364567,0.352234,0.353413,454423955,-0.017538543653154437
2009-12-11,0.355081,0.356747,0.34784,0.348759,454399048,-0.01316872893753196
2009-12-14,0.353832,0.360402,0.349888,0.359322,442128582,0.030287390432935046
2009-12-15,0.356977,0.364767,0.35581,0.358903,486369273,-0.0011660850156682834
2009-12-16,0.370107,0.391815,0.369639,0.387642,1835386437,0.08007456053585504
2009-12-17,0.38879,0.400772,0.380184,0.385862,1107948756,-0.00459186569050829
2009-12-18,0.38952,0.390439,0.381031,0.385622,886206339,-0.0006219840253768316
2009-12-21,0.387422,0.401021,0.387422,0.399423,466444600,0.035788933204018214
2009-12-22,0.399423,0.414093,0.398945,0.409908,864691606,0.026250366153176108
2009-12-23,0.413843,0.416857,0.40859,0.415688,482152479,0.01410072504074078
2009-12-24,0.414991,0.417567,0.413185,0.414773,149174681,-0.0022011701083505253
2009-12-28,0.413185,0.417807,0.403966,0.408112,507260837,-0.016059386700677303
2009-12-29,0.406793,0.414323,0.405834,0.413185,518604061,0.012430411259654273
2009-12-30,0.417307,0.430608,0.414093,0.428081,767619673,0.036051647567070244
2009-12-31,0.430837,0.434482,0.427841,0.42831,763604349,0.0005349454892882299
2010-01-04,0.424357,0.426913,0.415209,0.423897,872202470,-0.010303285003852358
2010-01-05,0.424127,0.434732,0.422279,0.430158,794468925,0.014770097452918796
2010-01-06,0.42831,0.433802,0.425766,0.432952,702899312,0.006495287777979364
2010-01-07,0.430608,0.432502,0.42113,0.424357,597291407,-0.019852085219608684
2010-01-08,0.422479,0.42831,0.418466,0.425287,521374079,0.0021915509818384304
2010-01-11,0.426913,0.429459,0.413385,0.419404,606905955,-0.013833011589820532
2010-01-12,0.413843,0.414773,0.396428,0.405164,683994779,-0.033952942747327075
2010-01-13,0.408112,0.411986,0.392015,0.410607,554788396,0.013434066205289641
2010-01-14,0.405164,0.40859,0.397346,0.404196,663488849,-0.015613469814201864
2010-01-15,0.404435,0.404695,0.386922,0.392255,892122085,-0.029542598145454124
2010-01-19,0.38926,0.40214,0.388122,0.399673,594585034,0.018911167480337943
2010-01-20,0.392484,0.399673,0.38926,0.397726,784718234,-0.004871482436892061
2010-01-21,0.399174,0.404915,0.387162,0.390919,663628618,-0.017114797624495304
2010-01-22,0.386292,0.393413,0.375119,0.377447,1164332604,-0.034462382232636535
2010-01-25,0.384047,0.391139,0.380842,0.383797,701815396,0.016823554035401145
2010-01-26,0.380583,0.384497,0.371475,0.371694,766263271,-0.03153489996013514
2010-01-27,0.371475,0.383068,0.367304,0.381699,885918480,0.026917302942743193
2010-01-28,0.385622,0.386122,0.363667,0.368971,749267823,-0.03334564670067253
2010-01-29,0.373121,0.377217,0.34736,0.352933,841526224,-0.04346683072653401
2010-02-01,0.353632,0.380583,0.351287,0.379944,1027812972,0.07653293967976937
2010-02-02,0.378616,0.388561,0.377447,0.383797,925545836,0.010140968142673623
2010-02-03,0.380583,0.388561,0.378616,0.386922,612222909,0.008142325239644865
2010-02-04,0.381031,0.383548,0.360402,0.364567,849059300,-0.057776502757661774
2010-02-05,0.365715,0.372872,0.357676,0.371923,657404412,0.020177361088633994
2010-02-08,0.372653,0.380184,0.363917,0.371226,484657271,-0.0018740438208983967
2010-02-09,0.376748,0.379066,0.364567,0.368271,1014190971,-0.007960110552601374
2010-02-10,0.370107,0.378846,0.368013,0.375369,584200137,0.01927384996374948
2010-02-11,0.380842,0.396677,0.378616,0.392484,754797274,0.045595134387762526
2010-02-12,0.392015,0.405834,0.385393,0.397726,837139346,0.013355958459453143
2010-02-16,0.40307,0.406793,0.398226,0.405164,495665487,0.01870131698707156
2010-02-17,0.409708,0.410388,0.397346,0.409058,947342469,0.009610922984272907
2010-02-18,0.386492,0.388561,0.371694,0.382168,1641041620,-0.06573639923922758
2010-02-19,0.380583,0.384745,0.378386,0.380184,556682188,-0.005191434133679396
2010-02-22,0.382168,0.387422,0.378386,0.380842,497437317,0.00173074090440406
2010-02-23,0.381699,0.383548,0.367783,0.371694,531600249,-0.024020459928264182
2010-02-24,0.37422,0.383068,0.37377,0.379545,484537743,0.021122213433630854
2010-02-25,0.370757,0.376967,0.361341,0.376018,628116745,-0.00929270573976737
2010-02-26,0.375119,0.376967,0.36919,0.371475,426888881,-0.012081868421192632
2010-03-01,0.370107,0.388122,0.368741,0.386292,602015097,0.03988693720977188
2010-03-02,0.38879,0.39458,0.383328,0.386122,587030445,-0.000440081596305375
2010-03-03,0.38879,0.390439,0.378167,0.381201,432931506,-0.012744676553006595
2010-03-04,0.382848,0.385862,0.377217,0.381949,607228105,0.0019622194065596066
2010-03-05,0.381451,0.396428,0.379286,0.393653,685874039,0.030642834514555517
2010-03-08,0.394331,0.395049,0.386292,0.387892,475838910,-0.014634716361871858
2010-03-09,0.392015,0.406344,0.391587,0.4024,898236768,0.037402163488805984
2010-03-10,0.40307,0.407693,0.401021,0.403298,456249396,0.0022316103379722563
2010-03-11,0.400772,0.401501,0.392484,0.394132,583047319,-0.02272761084855368
2010-03-12,0.396907,0.399673,0.393413,0.395509,565815199,0.0034937533618180083
2010-03-15,0.394331,0.398945,0.38974,0.393413,391335166,-0.00529950013779712
2010-03-16,0.392953,0.409488,0.392953,0.407013,725075300,0.0345692694445785
2010-03-17,0.410388,0.420501,0.409488,0.414991,710006463,0.01960133951495413
2010-03-18,0.413604,0.415688,0.396677,0.400343,807915955,-0.035297151022552264
2010-03-19,0.405594,0.407433,0.390439,0.395509,637444787,-0.012074645991062671
2010-03-22,0.393413,0.403518,0.390439,0.40194,474670158,0.016260059821647577
2010-03-23,0.40282,0.412225,0.40214,0.410158,538213705,0.020445837687216972
2010-03-24,0.407693,0.407912,0.395509,0.396428,475775165,-0.03347490479278725
2010-03-25,0.4024,0.404695,0.396677,0.397526,539928100,0.002769733722138623
2010-03-26,0.40262,0.405164,0.394331,0.397526,375821026,0.0
2010-03-29,0.401721,0.403518,0.39458,0.40262,430070372,0.012814256174438876
2010-03-30,0.407013,0.409288,0.397346,0.404196,353387273,0.003914360935870054
2010-03-31,0.403518,0.404435,0.396907,0.398945,424975950,-0.01299122208037684
2010-04-01,0.400343,0.405414,0.390659,0.39483,370307890,-0.01031470503452847
2010-04-05,0.397526,0.401501,0.396907,0.400772,451009928,0.015049514981131162
2010-04-06,0.396428,0.396677,0.384047,0.390919,881244575,-0.024585050851855916
2010-04-07,0.388361,0.400103,0.385143,0.393413,891263486,0.0063798382785180685
2010-04-08,0.390919,0.393653,0.384925,0.386922,1131214288,-0.016499200585644136
2010-04-09,0.384925,0.390919,0.384047,0.38952,891393860,0.006714531611022423
2010-04-12,0.390189,0.398226,0.38926,0.396677,595825733,0.018373896077223284
2010-04-13,0.398445,0.406344,0.396677,0.404915,700272647,0.020767526224106936
2010-04-14,0.412225,0.415688,0.403518,0.409908,981535245,0.01233098304582425
2010-04-15,0.410607,0.415468,0.407213,0.412925,1044060535,0.00736018813977779
2010-04-16,0.396907,0.397726,0.382398,0.391139,2090993632,-0.05276018647454128
2010-04-19,0.388122,0.390439,0.376248,0.38926,1193382255,-0.004803918811471131
2010-04-20,0.392255,0.396208,0.385622,0.390659,739417183,0.0035939988696500613
2010-04-21,0.392484,0.393183,0.376018,0.380583,976155969,-0.02579231503689916
2010-04-22,0.37467,0.383328,0.36919,0.382168,716293703,0.0041646631615179786
2010-04-23,0.381031,0.381949,0.370297,0.376967,820940035,-0.013609198049025606
2010-04-26,0.377447,0.385143,0.376748,0.380583,0,0.009592351585152148
2010-04-27,0.377917,0.381699,0.368741,0.369869,661504662,-0.028151546443220044
2010-04-28,0.370297,0.375818,0.362997,0.370527,732861654,0.0017790082434592236
2010-04-29,0.37399,0.382168,0.366135,0.381699,1076275394,0.030151648867693837
2010-04-30,0.377447,0.377917,0.359942,0.360142,1164558861,-0.05647643824060322
2010-05-03,0.361569,0.364117,0.350837,0.356279,1176432305,-0.010726324616401328
2010-05-04,0.350837,0.351515,0.333212,0.338234,1429873422,-0.05064850861263237
2010-05-05,0.338234,0.340873,0.32827,0.332515,1450645208,-0.016908412519143434
2010-05-06,0.330647,0.337157,0.298962,0.325564,1093367626,-0.020904320105859853
2010-05-07,0.321481,0.328469,0.308612,0.320104,1257962367,-0.01677089604501736
2010-05-10,0.339333,0.343428,0.330168,0.333881,1067409642,0.04303913728038378
2010-05-11,0.331586,0.336937,0.327591,0.330168,903986757,-0.01112072864283975
2010-05-12,0.332286,0.338433,0.330417,0.336677,981455997,0.01971420610113639
2010-05-13,0.335008,0.350587,0.332745,0.335957,1354742647,-0.00213854822277737
2010-05-14,0.314111,0.314111,0.288908,0.297168,2717295503,-0.1154582282851675
2010-05-17,0.298065,0.301469,0.288438,0.297825,933330217,0.002210870618640115
2010-05-18,0.300121,0.302189,0.286461,0.287978,734217635,-0.03306304037605978
2010-05-19,0.286841,0.293053,0.284657,0.292553,901204911,0.015886630228697962
2010-05-20,0.284397,0.292553,0.275348,0.285764,1230434624,-0.023206051553051887
2010-05-21,0.278375,0.299642,0.277415,0.291933,1166239946,0.021587743732590425
2010-05-24,0.290337,0.294402,0.28251,0.283458,724594844,-0.029030633741303657
2010-05-25,0.272554,0.292373,0.271684,0.291034,1053926759,0.026727063621418523
2010-05-26,0.302589,0.308352,0.291503,0.292373,1084768862,0.004600837015606318
2010-05-27,0.299642,0.309548,0.298962,0.309548,777675909,0.05874345442294593
2010-05-28,0.308852,0.30908,0.296749,0.30122,594359237,-0.026903743522813883
2010-06-01,0.297168,0.300521,0.288208,0.288438,575133416,-0.04243410132129333
2010-06-02,0.288908,0.291933,0.287061,0.291733,707449353,0.01142359883233146
2010-06-03,0.286461,0.291933,0.284857,0.291254,639343066,-0.001641912296517778
2010-06-04,0.28179,0.287758,0.275817,0.277415,731160348,-0.0475152272586814
2010-06-07,0.278844,0.280442,0.262508,0.263716,628730290,-0.049380891444226194
2010-06-08,0.262278,0.262508,0.249707,0.256336,1055066647,-0.02798465015395346
2010-06-09,0.258014,0.264565,0.249258,0.250206,760144413,-0.02391392547281701
2010-06-10,0.2545,0.261331,0.2545,0.260233,666155353,0.040074978217948365
2010-06-11,0.257754,0.267062,0.256786,0.266164,482045739,0.02279111411696455
2010-06-14,0.270087,0.270557,0.259803,0.260383,408717100,-0.021719691618701353
2010-06-15,0.263477,0.27465,0.262998,0.273223,576318181,0.049311975052134915
2010-06-16,0.270557,0.273922,0.266164,0.269857,395831387,-0.012319607060898852
2010-06-17,0.278844,0.280911,0.269607,0.280212,936647801,0.03837217489262823
2010-06-18,0.28114,0.285534,0.279712,0.28204,1017121449,0.006523632107118926
2010-06-21,0.286661,0.288678,0.272804,0.275348,630649370,-0.023727130903418048
2010-06-22,0.279712,0.28229,0.263716,0.265065,891091630,-0.03734546828013996
2010-06-23,0.26731,0.270756,0.260033,0.268008,669506447,0.011102937015449177
2010-06-24,0.266413,0.267758,0.253772,0.25473,790430497,-0.0495432972150085
2010-06-25,0.256086,0.256786,0.249957,0.254,549159487,-0.0028657794527539027
2010-06-28,0.255859,0.258214,0.249957,0.2545,405622738,0.0019685039370078705
2010-06-29,0.249258,0.249258,0.238713,0.24029,719806268,-0.05583497053045183
2010-06-30,0.24029,0.243289,0.23413,0.23413,679185291,-0.025635690207665762
2010-07-01,0.23457,0.239592,0.227679,0.238055,803581345,0.016764190834151815
2010-07-02,0.237565,0.239383,0.226979,0.23503,803701364,-0.012707147507928895
2010-07-06,0.23503,0.241589,0.230385,0.232503,776245638,-0.010751818916734046
2010-07-07,0.23413,0.245183,0.232983,0.243787,663016165,0.04853270710485469
2010-07-08,0.244944,0.245613,0.233442,0.236369,853845883,-0.03042820166784943
2010-07-09,0.236369,0.238903,0.23437,0.237336,623150054,0.004091061010538688
2010-07-12,0.237336,0.244684,0.237086,0.241589,616159275,0.017919742474803657
2010-07-13,0.246043,0.252033,0.244265,0.250406,775970297,0.036495866947584554
2010-07-14,0.260233,0.263227,0.249258,0.252932,1477583813,0.010087617708840702
2010-07-15,0.253072,0.253332,0.242819,0.245843,1036866053,-0.028027295873989777
2010-07-16,0.245843,0.246512,0.229526,0.230385,1402008275,-0.06287752752773113
2010-07-19,0.2339,0.240769,0.232045,0.239851,869772478,0.04108774442780572
2010-07-20,0.23413,0.247161,0.231575,0.245843,1264941348,0.024982176434536374
2010-07-21,0.247841,0.248309,0.23541,0.237805,680557366,-0.03269566349255426
2010-07-22,0.24029,0.244265,0.238903,0.241589,503516377,0.015912196968104197
2010-07-23,0.241119,0.241589,0.23518,0.237565,889482782,-0.016656387501086556
2010-07-26,0.237336,0.242819,0.233202,0.241849,742913524,0.018032959400585247
2010-07-27,0.242819,0.243069,0.236837,0.239851,744007955,-0.008261353158375728
2010-07-28,0.23564,0.240091,0.231575,0.232285,1428490801,-0.03154458392918946
2010-07-29,0.215738,0.220113,0.20794,0.209328,2902600017,-0.09883117721764212
2010-07-30,0.207261,0.21437,0.204515,0.210684,1073137458,0.006477872047695676
2010-08-02,0.2146,0.215278,0.209548,0.210464,998840876,-0.0010442178808072189
2010-08-03,0.20887,0.209088,0.203376,0.204964,1041124480,-0.02613273528964577
2010-08-04,0.206791,0.21437,0.205882,0.21368,932767548,0.04252454089498636
2010-08-05,0.21437,0.216885,0.210464,0.216427,872745419,0.012855672032946464
2010-08-06,0.215518,0.22125,0.21368,0.218954,806610780,0.01167599236694139
2010-08-09,0.218954,0.22148,0.215518,0.22102,508117433,0.009435771897293499
2010-08-10,0.217814,0.217814,0.210924,0.211844,841685721,-0.04151660483214181
2010-08-11,0.207481,0.207481,0.202917,0.203605,866651968,-0.038891826060686197
2010-08-12,0.199933,0.210008,0.198324,0.205423,1423881072,0.008929053805161846
2010-08-13,0.212074,0.218264,0.211614,0.215278,1959514933,0.04797418010641463
2010-08-16,0.212763,0.216667,0.207021,0.209788,887525155,-0.025501909159319602
2010-08-17,0.211614,0.216427,0.209788,0.212533,524664113,0.013084637824851697
2010-08-18,0.211614,0.215518,0.210464,0.21368,378370765,0.0053968089661371454
2010-08-19,0.215738,0.227229,0.214819,0.226532,1759514127,0.06014601272931497
2010-08-20,0.225382,0.23413,0.224694,0.228617,1422702816,0.009203997669203323
2010-08-23,0.229526,0.23503,0.224465,0.225163,813700025,-0.015108237795089519
2010-08-24,0.217574,0.225163,0.217354,0.222859,698205016,-0.010232587059152753
2010-08-25,0.220113,0.229306,0.219194,0.227449,825948138,0.020595982212968877
2010-08-26,0.230385,0.232983,0.224694,0.224694,716823933,-0.012112605463202808
2010-08-27,0.226062,0.2339,0.220342,0.232045,1156233694,0.03271560433300391
2010-08-30,0.229306,0.231095,0.22102,0.22102,657166277,-0.047512335969316366
2010-08-31,0.217574,0.224694,0.213211,0.21368,1015333294,-0.03320966428377514
2010-09-01,0.217354,0.219873,0.21437,0.215518,928376595,0.00860164732309987
2010-09-02,0.215518,0.220113,0.21415,0.219424,650143291,0.01812377620430783
2010-09-03,0.224237,0.227679,0.221939,0.226979,617672140,0.03443105585533024
2010-09-07,0.226062,0.23437,0.225852,0.229067,980434215,0.009199088902497543
2010-09-08,0.229526,0.238285,0.226979,0.236588,1333916380,0.03283318854308992
2010-09-09,0.239383,0.239851,0.230385,0.233442,757580361,-0.013297377719918124
2010-09-10,0.23503,0.23564,0.228837,0.230855,664345276,-0.011081981819895281
2010-09-13,0.23503,0.246932,0.2348,0.244017,1107334341,0.057014143076823176
2010-09-14,0.244017,0.244944,0.239592,0.241589,760928401,-0.009950126425617989
2010-09-15,0.238713,0.242319,0.23611,0.242089,605770954,0.0020696306537135722
2010-09-16,0.239383,0.244465,0.238903,0.242089,397231143,0.0
2010-09-17,0.244684,0.244944,0.241119,0.241849,454553919,-0.0009913709420914518
2010-09-20,0.242319,0.246512,0.239592,0.245613,482918490,0.015563430074137186
2010-09-21,0.244465,0.262998,0.244265,0.258854,1940355981,0.053910012906482896
2010-09-22,0.258014,0.263477,0.256336,0.261081,1090232414,0.008603305338144462
2010-09-23,0.264335,0.27465,0.2618,0.266413,1352550379,0.020422780669600682
2010-09-24,0.272304,0.28204,0.270307,0.28114,1184076638,0.055278833990833665
2010-09-27,0.283009,0.283458,0.271456,0.274899,1089694643,-0.022198904460411173
2010-09-28,0.275348,0.278375,0.269607,0.27442,788495984,-0.0017424581391711769
2010-09-29,0.271226,0.280442,0.269427,0.272304,1062997236,-0.007710808250127599
2010-09-30,0.275817,0.279014,0.265495,0.267758,858033644,-0.016694576649626813
2010-10-01,0.270307,0.272154,0.258214,0.260233,1089315087,-0.02810373546261924
2010-10-04,0.257514,0.262029,0.252453,0.257754,817219089,-0.009526078552681616
2010-10-05,0.262508,0.263716,0.258854,0.259584,821012873,0.007099792825717488
2010-10-06,0.259584,0.260632,0.244684,0.247161,1153126373,-0.04785734097633132
2010-10-07,0.248309,0.248559,0.238055,0.245383,830285502,-0.007193691561370952
2010-10-08,0.245383,0.251075,0.240969,0.249038,770808966,0.014895082381420233
2010-10-11,0.250206,0.252253,0.246742,0.247841,482646194,-0.004806495394277244
2010-10-12,0.246043,0.253772,0.243787,0.252673,659199978,0.019496370656993722
2010-10-13,0.256336,0.263716,0.254,0.260033,1056265594,0.029128557463599325
2010-10-14,0.260632,0.260632,0.25473,0.255859,651197792,-0.016051808808882018
2010-10-15,0.259114,0.262998,0.255859,0.258854,697765651,0.011705666011357696
2010-10-18,0.259114,0.261581,0.2545,0.260383,488625285,0.00590680460800308
2010-10-19,0.25494,0.260632,0.252673,0.258854,943840730,-0.005872119147563359
2010-10-20,0.259114,0.265934,0.2545,0.258854,832526291,0.0
2010-10-21,0.259354,0.259584,0.250406,0.25425,1104185568,-0.017786087910559578
2010-10-22,0.25564,0.272554,0.253072,0.270557,1442109787,0.06413765978367758
2010-10-25,0.272804,0.274899,0.270087,0.273023,733925860,0.009114530394704445
2010-10-26,0.269857,0.276277,0.26751,0.272154,736218797,-0.0031828820282540082
2010-10-27,0.269607,0.276976,0.268957,0.276017,541245383,0.014194169477575125
2010-10-28,0.279273,0.280692,0.273702,0.276277,768099568,0.0009419709655564823
2010-10-29,0.275817,0.278595,0.272804,0.275597,604751685,-0.0024612979002958113
2010-11-01,0.277675,0.28179,0.273702,0.276017,516741135,0.0015239643392346292
2010-11-02,0.277196,0.286461,0.275597,0.28161,633538535,0.02026324465522067
2010-11-03,0.283698,0.285764,0.276277,0.283898,732447587,0.008124711480415936
2010-11-04,0.286661,0.289608,0.283898,0.284397,762809474,0.001757673530634385
2010-11-05,0.286461,0.291733,0.285076,0.288908,801585371,0.015861630045323816
2010-11-08,0.287061,0.292803,0.286661,0.290337,659813402,0.004946211250640431
2010-11-09,0.290806,0.292553,0.287061,0.288678,691615676,-0.005714049535539778
2010-11-10,0.290337,0.292133,0.286661,0.292133,567805195,0.011968352281781058
2010-11-11,0.286661,0.293953,0.28137,0.289108,1170392534,-0.010354872609393717
2010-11-12,0.298763,0.313662,0.298763,0.303957,2335259515,0.051361428946967935
2010-11-15,0.303957,0.309748,0.299642,0.300321,799625210,-0.011962218340094033
2010-11-16,0.295529,0.299422,0.291034,0.291503,806062283,-0.02936191608312433
2010-11-17,0.291254,0.299642,0.288438,0.296249,601619948,0.016281136043196698
2010-11-18,0.300321,0.308352,0.300121,0.305314,1082804715,0.030599259406782764
2010-11-19,0.304435,0.316407,0.304217,0.315287,781219310,0.03266473204635223
2010-11-22,0.312063,0.317307,0.310447,0.315507,502417249,0.0006977769460840832
2010-11-23,0.311814,0.315027,0.305784,0.308132,499172062,-0.02337507567185504
2010-11-24,0.311364,0.316807,0.311124,0.315727,433724928,0.024648527254553132
2010-11-26,0.315987,0.317307,0.311814,0.311814,156051128,-0.012393618537533957
2010-11-29,0.310447,0.316407,0.30908,0.315287,510292194,0.011138050247904152
2010-11-30,0.309977,0.313662,0.306254,0.312063,786078211,-0.010225603973522568
2010-12-01,0.318186,0.327591,0.317756,0.325804,683147486,0.04403277543316575
2010-12-02,0.325804,0.331816,0.325564,0.329669,577098554,0.011862960552970536
2010-12-03,0.328719,0.339103,0.327371,0.339103,660805701,0.028616582086881115
2010-12-06,0.339103,0.340873,0.331346,0.332745,477918990,-0.018749465501632145
2010-12-07,0.339953,0.351515,0.339733,0.343428,1118209848,0.03210566650137503
2010-12-08,0.342998,0.350137,0.340373,0.346423,668639295,0.00872089637420359
2010-12-09,0.338004,0.342998,0.333412,0.340633,1027450011,-0.01671367085903641
2010-12-10,0.340633,0.345963,0.339733,0.342749,492731514,0.006211964196070285
2010-12-13,0.343868,0.344796,0.333212,0.33408,664146159,-0.02529256102862454
2010-12-14,0.340203,0.346663,0.33408,0.334579,823378769,0.0014936542145593812
2010-12-15,0.335258,0.339333,0.326691,0.327121,680567151,-0.02229069965538788
2010-12-16,0.330887,0.332515,0.326691,0.327591,688957424,0.0014367772169932014
2010-12-17,0.327591,0.331346,0.323936,0.329449,645976511,0.005671706487662798
2010-12-20,0.330647,0.332286,0.32785,0.32805,374937819,-0.004246484281330343
2010-12-21,0.331346,0.340873,0.331087,0.340873,509031796,0.03908855357415031
2010-12-22,0.340203,0.345045,0.337157,0.344567,521169975,0.010836880597759446
2010-12-23,0.343868,0.344567,0.340633,0.34203,298518153,-0.007362864116412848
2010-12-27,0.339553,0.346423,0.335008,0.343868,278584266,0.005373797620091825
2010-12-28,0.344098,0.346163,0.340373,0.3425,211810775,-0.003978270731792355
2010-12-29,0.34227,0.345045,0.339333,0.3425,193713425,0.0
2010-12-30,0.3425,0.345724,0.340873,0.343648,190234331,0.0033518248175181675
2010-12-31,0.343868,0.353632,0.343428,0.353183,426389276,0.02774641493621388
2011-01-03,0.356049,0.366135,0.355331,0.362767,891099481,0.027136073933343274
2011-01-04,0.363667,0.365016,0.353632,0.361569,710212691,-0.0033023952013276903
2011-01-05,0.366864,0.38974,0.364567,0.38926,1553103398,0.07658565861564459
2011-01-06,0.398945,0.443477,0.398226,0.443228,3807198947,0.13864255253558033
2011-01-07,0.438197,0.457048,0.42831,0.455681,2812753301,0.028096149160251604
2011-01-10,0.447302,0.473842,0.443947,0.472964,1894940780,0.03792784864850618
2011-01-11,0.479852,0.484018,0.455681,0.465675,2955932758,-0.015411320946203122
2011-01-12,0.466355,0.535882,0.464277,0.535382,3738821065,0.14969023460567987
2011-01-13,0.529897,0.546642,0.513225,0.536329,2938316294,0.001768830479918826
2011-01-14,0.526903,0.54979,0.523878,0.540914,1738375765,0.008548857138062749
2011-01-18,0.533582,0.537248,0.515272,0.528252,1972031756,-0.02340852704866203
2011-01-19,0.528752,0.541112,0.512755,0.513924,1305308807,-0.027123418368505958
2011-01-20,0.507881,0.517319,0.499604,0.514324,1211762948,0.000778325199835006
2011-01-21,0.518865,0.527153,0.50856,0.509478,806038157,-0.009422076356537912
2011-01-24,0.533133,0.574392,0.526903,0.566972,2242294411,0.11284883743753427
2011-01-25,0.564508,0.570428,0.545893,0.549541,1183641279,-0.03074402263251108
2011-01-26,0.555063,0.573226,0.551408,0.562612,1170736537,0.02378530446317928
2011-01-27,0.570898,0.572048,0.550239,0.561013,716357558,-0.0028421007728239855
2011-01-28,0.561962,0.571848,0.531985,0.544716,1193649333,-0.029049237718199006
2011-01-31,0.546392,0.55593,0.536779,0.548442,817266480,0.006840261714361251
2011-02-01,0.553904,0.565205,0.549541,0.561013,712634460,0.022921293409330357
2011-02-02,0.558517,0.600086,0.557787,0.586505,1751179686,0.04543923224595514
2011-02-03,0.586744,0.587424,0.562862,0.575321,1123903493,-0.019068891143298128
2011-02-04,0.58373,0.593154,0.581232,0.58856,951306176,0.023011501405302504
2011-02-07,0.580382,0.583032,0.561962,0.56406,1017811567,-0.04162702188391998
2011-02-08,0.565435,0.56835,0.544716,0.547312,1173619323,-0.029691876750700286
2011-02-09,0.55004,0.554803,0.524138,0.534052,1392074311,-0.024227497295875255
2011-02-10,0.522509,0.532235,0.518185,0.523178,1135680654,-0.020361313130556447
2011-02-11,0.520683,0.555063,0.512995,0.538118,1477525617,0.028556246631165516
2011-02-14,0.544716,0.561713,0.527802,0.529897,1402734708,-0.015277318357683645
2011-02-15,0.530117,0.532684,0.514794,0.517089,965140162,-0.024170735067380877
2011-02-16,0.523878,0.543588,0.522059,0.536081,1399851842,0.036728686937838484
2011-02-17,0.521112,0.596391,0.518415,0.58881,3781538857,0.09836013587498882
2011-02-18,0.585128,0.594992,0.578457,0.587644,1520329276,-0.0019802652808204035
2011-02-22,0.567652,0.569998,0.530317,0.532235,1520276077,-0.09429008038880693
2011-02-23,0.534052,0.537248,0.499354,0.506983,1625419419,-0.04744520747414216
2011-02-24,0.509977,0.528252,0.505806,0.519285,1358213359,0.02426511342589399
2011-02-25,0.533133,0.538817,0.525957,0.530117,845648607,0.020859450975860838
2011-02-28,0.538817,0.539067,0.507632,0.519514,985167078,-0.020001245008177237
2011-03-01,0.522279,0.527153,0.49642,0.49642,1076078531,-0.044453084998671955
2011-03-02,0.495251,0.505107,0.464277,0.47571,1872650150,-0.041718705934490896
2011-03-03,0.486512,0.489509,0.464077,0.478557,1736599758,0.005984738601248596
2011-03-04,0.478937,0.483758,0.470648,0.47571,1046422415,-0.00594913458584867
2011-03-07,0.478078,0.480952,0.457467,0.469269,1111096407,-0.013539761619474122
2011-03-08,0.474562,0.476939,0.438445,0.448242,2122617811,-0.04480798859502766
2011-03-09,0.446903,0.451255,0.434932,0.438894,1438082376,-0.020854806109199875
2011-03-10,0.42851,0.432035,0.410388,0.410827,1876673827,-0.06394938185529997
2011-03-11,0.410827,0.425287,0.404915,0.413843,1621008966,0.007341289642599058
2011-03-14,0.416367,0.427612,0.410388,0.417307,1094024105,0.008370324011762742
2011-03-15,0.397976,0.411757,0.389959,0.404915,1368684594,-0.029695164471240543
2011-03-16,0.401021,0.420701,0.396677,0.40194,1608861834,-0.007347221021695938
2011-03-17,0.411507,0.413385,0.394331,0.409488,1350428607,0.018778922227198125
2011-03-18,0.416607,0.417307,0.403518,0.403966,966372769,-0.013485132653459964
2011-03-21,0.412705,0.416857,0.40307,0.407213,819853015,0.008037805161820621
2011-03-22,0.406344,0.409908,0.398226,0.400103,783521100,-0.017460149847868367
2011-03-23,0.398445,0.409488,0.390659,0.408361,853131639,0.02063968528104021
2011-03-24,0.416367,0.445974,0.416137,0.440852,1940826422,0.07956440502398632
2011-03-25,0.444625,0.445974,0.426466,0.427143,1304113465,-0.031096603848910775
2011-03-28,0.437947,0.450327,0.433452,0.442978,1312385042,0.03707189395588828
2011-03-29,0.442978,0.444625,0.433652,0.439582,780439528,-0.007666294940155027
2011-03-30,0.442978,0.444875,0.417567,0.422948,1282035864,-0.03784049392377298
2011-03-31,0.422948,0.42831,0.415468,0.423178,714306512,0.0005438020749595207
2011-04-01,0.42851,0.429239,0.411507,0.417307,925886784,-0.013873594563044378
2011-04-04,0.417567,0.418466,0.399423,0.4024,1004818314,-0.03572190258011487
2011-04-05,0.40859,0.411507,0.40214,0.40307,895043629,0.0016650099403578977
2011-04-06,0.406563,0.406563,0.396907,0.400343,934237569,-0.006765574217877712
2011-04-07,0.400343,0.417567,0.399673,0.414991,1112845824,0.036588625253844764
2011-04-08,0.417807,0.418236,0.401271,0.4024,813644552,-0.030340417021092025
2011-04-11,0.403518,0.406094,0.392713,0.397127,594938330,-0.013103876739562592
2011-04-12,0.393183,0.401021,0.385862,0.398226,916284614,0.002767376683025846
2011-04-13,0.4024,0.409708,0.397346,0.407213,816364215,0.022567587249451293
2011-04-14,0.403298,0.424577,0.401271,0.424357,1368010509,0.042100817017138414
2011-04-15,0.420301,0.434252,0.419184,0.428979,1058009563,0.010891772729093807
2011-04-18,0.418704,0.42158,0.408112,0.414773,810382221,-0.03311584016933233
2011-04-19,0.414773,0.416607,0.40194,0.413185,718892506,-0.003828600222290257
2011-04-20,0.428081,0.434482,0.418934,0.425766,707609261,0.030448830427048268
2011-04-21,0.430158,0.433202,0.423658,0.424577,459367162,-0.0027926137831578712
2011-04-25,0.426246,0.438445,0.426246,0.431337,675478427,0.015921729156313402
2011-04-26,0.434482,0.446903,0.430608,0.44251,737501689,0.025903180112070157
2011-04-27,0.443947,0.444875,0.433452,0.44251,490666377,0.0
2011-04-28,0.441112,0.456379,0.437468,0.447302,747203387,0.010829133804885593
2011-04-29,0.450587,0.468571,0.449629,0.458566,911308849,0.02518209174115027
2011-05-02,0.467693,0.468352,0.450088,0.452424,669248323,-0.013393928027808366
2011-05-03,0.447093,0.448492,0.425287,0.430837,882289382,-0.04771409120647885
2011-05-04,0.432732,0.437018,0.419634,0.427612,696866231,-0.0074854295243910185
2011-05-05,0.422029,0.432952,0.418466,0.427841,591176464,0.0005355322114442007
2011-05-06,0.436769,0.447093,0.433452,0.442978,917010656,0.03537996592191939
2011-05-09,0.443947,0.455202,0.443228,0.452884,770055373,0.02236228435723686
2011-05-10,0.457048,0.457048,0.448961,0.453604,752690715,0.001589811077450376
2011-05-11,0.454504,0.460403,0.449409,0.455681,672673166,0.004578883784093657
2011-05-12,0.453604,0.470418,0.452884,0.469969,1312456999,0.031355268268810965
2011-05-13,0.440182,0.441332,0.415468,0.418704,2207894496,-0.10908166283308052
2011-05-16,0.417567,0.418466,0.405594,0.405834,793926267,-0.03073770491803285
2011-05-17,0.404435,0.404695,0.392484,0.404196,1548598955,-0.004036133000192121
2011-05-18,0.405834,0.417067,0.404435,0.413604,718359411,0.023275836475373346
2011-05-19,0.416137,0.417067,0.401501,0.407693,709679586,-0.014291447858337913
2011-05-20,0.406793,0.415688,0.404915,0.414773,627808235,0.01736600824640111
2011-05-23,0.408829,0.417307,0.403518,0.414323,640115957,-0.0010849307934701624
2011-05-24,0.416137,0.432732,0.415209,0.415908,785396685,0.0038255177723660605
2011-05-25,0.413843,0.423658,0.409708,0.42093,594305597,0.01207478576992993
2011-05-26,0.42135,0.435132,0.419884,0.431537,770270123,0.025198964198322793
2011-05-27,0.433802,0.447772,0.432952,0.447093,718329557,0.036047893923348395
2011-05-31,0.455901,0.459733,0.444875,0.459483,1309161468,0.02771235514758663
2011-06-01,0.457937,0.458166,0.437947,0.438894,830473442,-0.044809057135954955
2011-06-02,0.439582,0.442749,0.431537,0.436769,662261761,-0.004841715767360699
2011-06-03,0.429679,0.43563,0.42113,0.423178,598935287,-0.03111713514466463
2011-06-06,0.422029,0.426466,0.413843,0.414323,475286877,-0.020925000827075158
2011-06-07,0.417567,0.419884,0.412225,0.414093,473102932,-0.0005551224527723386
2011-06-08,0.411986,0.414543,0.399673,0.40282,620508136,-0.027223353208095658
2011-06-09,0.403518,0.403518,0.383797,0.398226,808322721,-0.011404597587011511
2011-06-10,0.398705,0.401271,0.38926,0.392484,538120216,-0.014418948034533252
2011-06-13,0.392953,0.397526,0.386922,0.38974,626696008,-0.00699136780098053
2011-06-14,0.393883,0.401721,0.391357,0.392953,582878358,0.008243957510134958
2011-06-15,0.387422,0.389959,0.376488,0.384497,1020397100,-0.021519112972798293
2011-06-16,0.384745,0.390659,0.365715,0.371226,1117455804,-0.03451522378588123
2011-06-17,0.375119,0.375818,0.351057,0.362297,1600524569,-0.024052733375356294
2011-06-20,0.359322,0.366864,0.355331,0.358174,813349783,-0.011380165996406233
2011-06-21,0.359722,0.368741,0.356049,0.365935,767739181,0.021668239459033956
2011-06-22,0.363417,0.368271,0.360142,0.360872,710601400,-0.01383579050924344
2011-06-23,0.356747,0.37422,0.353183,0.371694,811211356,0.029988472366933472
2011-06-24,0.369869,0.373121,0.358643,0.360872,576841611,-0.029115347570851324
2011-06-27,0.361341,0.363217,0.340633,0.353413,1244627956,-0.02066937861624074
2011-06-28,0.354452,0.359522,0.350837,0.355331,754573030,0.005427078234247373
2011-06-29,0.357925,0.364567,0.345265,0.360872,1047276097,0.015593911029434526
2011-06-30,0.361341,0.36944,0.356279,0.365465,711242886,0.012727504489126185
2011-07-01,0.366864,0.371694,0.358174,0.370107,589630250,0.012701626694758827
2011-07-05,0.371226,0.373351,0.360872,0.364117,583511181,-0.01618450880421063
2011-07-06,0.363917,0.364567,0.354851,0.359322,577339694,-0.013168844080336917
2011-07-07,0.362297,0.362997,0.354232,0.360402,1074689451,0.0030056606609114578
2011-07-08,0.35581,0.358174,0.350837,0.353832,675489203,-0.01822964356468615
2011-07-11,0.347141,0.348539,0.340373,0.341331,778937199,-0.03533032625652843
2011-07-12,0.339333,0.342998,0.331087,0.336937,945562576,-0.012873134874945458
2011-07-13,0.340873,0.343648,0.332965,0.336177,691499553,-0.0022556145510881365
2011-07-14,0.337757,0.339553,0.321222,0.322788,1187384347,-0.039827233867873124
2011-07-15,0.324434,0.326691,0.316607,0.323238,902442546,0.0013941038700324704
2011-07-18,0.320524,0.322559,0.312313,0.316157,892088736,-0.021906459017813518
2011-07-19,0.317307,0.326691,0.317307,0.326014,655791078,0.03117754786387783
2011-07-20,0.326691,0.328949,0.321003,0.32192,722416938,-0.012557742919015902
2011-07-21,0.32217,0.339333,0.317527,0.337157,1246661126,0.04733163518886685
2011-07-22,0.339953,0.345045,0.335707,0.343868,803348468,0.019904673490391822
2011-07-25,0.339333,0.339953,0.333661,0.338433,618133157,-0.01580548349948241
2011-07-26,0.32827,0.337157,0.325334,0.330168,761297341,-0.024421377347953577
2011-07-27,0.325334,0.327121,0.316807,0.317756,711112291,-0.03759298296624758
2011-07-28,0.316607,0.323706,0.311614,0.317057,706744532,-0.0021998011052505317
2011-07-29,0.313891,0.320104,0.312313,0.317057,738874124,0.0
2011-08-01,0.325134,0.335008,0.3217,0.33408,1111659757,0.05369066130064937
2011-08-02,0.332965,0.352713,0.330647,0.330647,1478649281,-0.010275981800766165
2011-08-03,0.331087,0.340633,0.32805,0.339553,834518330,0.026935069726929273
2011-08-04,0.332965,0.333412,0.307233,0.307233,1060605622,-0.09518396244474359
2011-08-05,0.312932,0.318186,0.288908,0.296969,1385400385,-0.03340786959734143
2011-08-08,0.283258,0.292553,0.271684,0.273473,1181376043,-0.0791193693617851
2011-08-09,0.278844,0.296969,0.275119,0.296499,1449917193,0.08419844006538124
2011-08-10,0.286461,0.296029,0.28137,0.283009,1242144645,-0.04549762393802337
2011-08-11,0.284657,0.311614,0.283009,0.307433,1151230027,0.08630114236649722
2011-08-12,0.339953,0.340633,0.290556,0.295299,3483677392,-0.03946876229942797
2011-08-15,0.298763,0.307233,0.296749,0.306514,941526862,0.03797845573469605
2011-08-16,0.301939,0.307233,0.292373,0.297825,781423755,-0.02834780793046976
2011-08-17,0.298294,0.303737,0.289838,0.293733,603327162,-0.013739612188365613
2011-08-18,0.280692,0.283258,0.270557,0.273702,874561475,-0.0681945848781037
2011-08-19,0.268727,0.284157,0.267062,0.268957,830124963,-0.017336373135746208
2011-08-22,0.276496,0.279712,0.270557,0.273702,667162544,0.017642225337135775
2011-08-23,0.279972,0.303487,0.279972,0.303287,1022861152,0.1080920124807272
2011-08-24,0.301939,0.303487,0.291254,0.298962,747862119,-0.014260419998219365
2011-08-25,0.292373,0.298294,0.285764,0.286212,752794489,-0.04264756055953589
2011-08-26,0.285076,0.30122,0.279972,0.298294,798863705,0.04221346414545857
2011-08-29,0.303057,0.307433,0.299642,0.306254,655883325,0.02668508250249757
2011-08-30,0.303957,0.316157,0.302189,0.313662,746484095,0.024189071816204777
2011-08-31,0.316407,0.319154,0.302589,0.305134,769498262,-0.027188502273147508
2011-09-01,0.309748,0.315987,0.304217,0.304435,831008299,-0.0022907968302451343
2011-09-02,0.297615,0.301719,0.293953,0.296249,513248781,-0.026889155320511837
2011-09-06,0.286661,0.302838,0.283898,0.302189,753911904,0.020050700593082116
2011-09-07,0.326203,0.335707,0.317756,0.326691,1750448046,0.08108170714354279
2011-09-08,0.323468,0.331346,0.319854,0.325134,959583602,-0.004765971514366862
2011-09-09,0.32192,0.331087,0.315507,0.318186,945265964,-0.021369650667109386
2011-09-12,0.315287,0.328469,0.313891,0.325804,998215383,0.02394197104838036
2011-09-13,0.328949,0.334779,0.323468,0.333212,924410594,0.022737596837362428
2011-09-14,0.34227,0.354652,0.341571,0.350357,1686620966,0.051453729157413086
2011-09-15,0.358903,0.359942,0.352234,0.355081,820283116,0.01348338979954744
2011-09-16,0.35581,0.36919,0.352713,0.354452,1515318148,-0.0017714268012086754
2011-09-19,0.348759,0.351057,0.338234,0.347141,1051828922,-0.02062620608714305
2011-09-20,0.351057,0.352933,0.336677,0.338234,859535883,-0.025658161957245018
2011-09-21,0.339953,0.345963,0.331586,0.331586,778633697,-0.019655031723599614
2011-09-22,0.318425,0.319154,0.303737,0.309748,1430371234,-0.06585923410517924
2011-09-23,0.307882,0.325134,0.306014,0.316157,1102573486,0.02069101333987633
2011-09-26,0.321003,0.321003,0.302589,0.316807,1059137604,0.002055940561176861
2011-09-27,0.324884,0.327591,0.314788,0.317307,851434400,0.0015782479553798634
2011-09-28,0.319154,0.326014,0.302589,0.307632,1347178905,-0.03049097561667402
2011-09-29,0.31434,0.318425,0.292373,0.300121,944442998,-0.024415535444947123
2011-09-30,0.294831,0.296969,0.286461,0.286841,738969256,-0.044248819642744186
2011-10-03,0.283258,0.292133,0.270756,0.270756,1035455752,-0.05607636286304962
2011-10-04,0.264115,0.295769,0.262998,0.295769,1484015118,0.09238207094210282
2011-10-05,0.294172,0.30908,0.289108,0.306254,933796001,0.035449962639762855
2011-10-06,0.307882,0.319384,0.307433,0.318425,842946771,0.03974152174338941
2011-10-07,0.320104,0.329189,0.313162,0.324434,879850738,0.018871005731333934
2011-10-10,0.329919,0.338903,0.329189,0.338903,582044695,0.044597668555083736
2011-10-11,0.335957,0.341571,0.33408,0.335258,889777551,-0.010755289861700823
2011-10-12,0.340873,0.34183,0.334779,0.335008,667265337,-0.0007456943607609956
2011-10-13,0.333412,0.355081,0.332515,0.354452,930562162,0.05804040500525365
2011-10-14,0.359942,0.364337,0.351755,0.360402,765925177,0.016786476024962527
2011-10-17,0.355331,0.356279,0.340633,0.3425,666635519,-0.04967231036453734
2011-10-18,0.340633,0.35581,0.338653,0.354851,644157721,0.03606131386861322
2011-10-19,0.355331,0.361569,0.346663,0.34784,607658357,-0.01975758839625663
2011-10-20,0.339103,0.339733,0.317307,0.330417,1079608371,-0.05008912143514255
2011-10-21,0.33408,0.339953,0.326463,0.332046,684589395,0.004930133740091991
2011-10-24,0.333412,0.349658,0.332745,0.344327,583495477,0.03698583931142063
2011-10-25,0.339953,0.34227,0.330647,0.331346,629986602,-0.03769962855076725
2011-10-26,0.337377,0.339553,0.325564,0.335258,548173889,0.01180638969536374
2011-10-27,0.348089,0.353183,0.339733,0.349658,629544233,0.042951995179831615
2011-10-28,0.346423,0.360872,0.345724,0.357676,534071642,0.022930978270195412
2011-10-31,0.346663,0.348339,0.339333,0.339333,567096889,-0.05128384347845538
2011-11-01,0.325564,0.32785,0.319154,0.322369,862310919,-0.04999219056207316
2011-11-02,0.326203,0.327121,0.310227,0.316607,1048500021,-0.017873927083559504
2011-11-03,0.321003,0.336677,0.311814,0.335957,816499317,0.06111677884569833
2011-11-04,0.33434,0.340873,0.327591,0.339733,714009739,0.011239533630791998
2011-11-07,0.335707,0.342998,0.330168,0.338004,668921516,-0.005089290707702809
2011-11-08,0.3425,0.34784,0.336937,0.345724,598990920,0.022839966390930222
2011-11-09,0.33408,0.34203,0.326891,0.32827,579490950,-0.05048535826266032
2011-11-10,0.338903,0.339733,0.323468,0.331816,1072825984,0.010802083650653493
2011-11-11,0.341072,0.346163,0.322559,0.343428,1909734206,0.03499529859922368
2011-11-14,0.343648,0.346892,0.335957,0.336937,544822073,-0.018900613811337563
2011-11-15,0.334579,0.343428,0.332745,0.341072,551258195,0.012272323906249438
2011-11-16,0.334779,0.343648,0.333212,0.33434,558619345,-0.01973776797860849
2011-11-17,0.333661,0.334579,0.316407,0.322369,716811705,-0.035804869294729924
2011-11-18,0.323468,0.324185,0.315987,0.319384,546478061,-0.009259575207293591
2011-11-21,0.314788,0.338653,0.309548,0.335508,1449164211,0.050484683014803355
2011-11-22,0.338903,0.34759,0.337377,0.345724,1403817311,0.03044934845070757
2011-11-23,0.34227,0.344567,0.330887,0.331087,899905074,-0.042337240110608354
2011-11-25,0.327121,0.33434,0.321003,0.32192,443358996,-0.027687586646410245
2011-11-28,0.333661,0.345045,0.332515,0.339953,752887858,0.056017022862823174
2011-11-29,0.339103,0.346163,0.336437,0.34183,679768160,0.005521351480940018
2011-11-30,0.351755,0.359322,0.349219,0.358403,795863974,0.048483164145920465
2011-12-01,0.354851,0.363667,0.353832,0.362767,577413133,0.012176237364084574
2011-12-02,0.366364,0.368013,0.356977,0.360402,595838151,-0.006519336102787765
2011-12-05,0.366364,0.366864,0.351984,0.354851,702854345,-0.01540224527055889
2011-12-06,0.356528,0.357676,0.346163,0.349888,623206047,-0.013986151934192281
2011-12-07,0.34736,0.350357,0.340373,0.34784,555822387,-0.005853301627949503
2011-12-08,0.343648,0.350137,0.335707,0.336937,535799708,-0.031344871205151836
2011-12-09,0.33408,0.344327,0.329669,0.341571,606066204,0.013753312933872053
2011-12-12,0.33434,0.335707,0.326891,0.333212,624957687,-0.024472218074719443
2011-12-13,0.337537,0.341571,0.32192,0.323936,562472007,-0.027838133080441252
2011-12-14,0.321222,0.323008,0.307882,0.311364,692629337,-0.03881013533537503
2011-12-15,0.317057,0.318685,0.307882,0.308612,474244423,-0.008838529823614771
2011-12-16,0.311124,0.317057,0.308352,0.309748,675055777,0.0036809974984770566
2011-12-19,0.311124,0.314788,0.300521,0.301469,505111133,-0.026728179035861555
2011-12-20,0.308612,0.319854,0.308612,0.318685,444303263,0.057107032563878946
2011-12-21,0.317057,0.320354,0.308352,0.314588,597908356,-0.012855954939830938
2011-12-22,0.315987,0.328949,0.315507,0.32785,628658503,0.04215672562208339
2011-12-23,0.329919,0.330168,0.32217,0.324884,271442884,-0.009046820192160965
2011-12-27,0.324185,0.327371,0.321481,0.322369,213393354,-0.007741224560150695
2011-12-28,0.322788,0.323008,0.314111,0.31434,255097294,-0.02490624098471006
2011-12-29,0.317756,0.321003,0.312932,0.320354,229901025,0.01913214990138079
2011-12-30,0.319154,0.322559,0.317307,0.317756,203857653,-0.00810977855747097
2012-01-03,0.32785,0.330168,0.321222,0.32192,510345914,0.01310439456690049
2012-01-04,0.32217,0.326891,0.319154,0.325564,327491391,0.011319582504970338
2012-01-05,0.323936,0.338903,0.322559,0.337377,614496848,0.036284724355272635
2012-01-06,0.337157,0.337377,0.329449,0.333412,500247786,-0.01175243125642822
2012-01-09,0.333661,0.339733,0.331087,0.333412,554168452,0.0
2012-01-10,0.338433,0.338653,0.329669,0.332046,595731673,-0.004097033100188274
2012-01-11,0.328949,0.332046,0.323936,0.325334,528102467,-0.02021406672569459
2012-01-12,0.326014,0.326203,0.316157,0.323238,711311558,-0.006442609748750439
2012-01-13,0.320783,0.3217,0.313162,0.314788,549908884,-0.026141728385895235
2012-01-17,0.319604,0.319604,0.309548,0.309977,683858586,-0.015283301777704428
2012-01-18,0.315987,0.323008,0.314111,0.320524,689913389,0.03402510508844192
2012-01-19,0.322788,0.329449,0.319854,0.328949,663277094,0.02628508317629885
2012-01-20,0.328469,0.332515,0.324884,0.326014,595630452,-0.008922355745115351
2012-01-23,0.326463,0.335258,0.32217,0.335008,613660902,0.027587772304256797
2012-01-24,0.332745,0.343868,0.332515,0.3425,794782092,0.02236364504728261
2012-01-25,0.332745,0.341331,0.323706,0.340373,1389415208,-0.0062102189781023664
2012-01-26,0.344327,0.349439,0.335508,0.337377,782397886,-0.008802108275333231
2012-01-27,0.335258,0.343648,0.332515,0.34183,490802650,0.013198884334142624
2012-01-30,0.335957,0.340873,0.330887,0.339333,435019427,-0.007304800631893094
2012-01-31,0.340373,0.340373,0.332745,0.338653,390298541,-0.0020039312415828237
2012-02-01,0.34227,0.346163,0.337757,0.34227,466695924,0.010680549116647509
2012-02-02,0.344098,0.356528,0.340633,0.354851,759349628,0.036757530604493605
2012-02-03,0.359942,0.365715,0.359722,0.362767,540202459,0.02230795460629942
2012-02-06,0.360872,0.361341,0.356747,0.359722,304087403,-0.008393817519234181
2012-02-07,0.360142,0.362997,0.354452,0.360872,447368080,0.0031969131718383448
2012-02-08,0.360872,0.381031,0.359123,0.37399,924213951,0.03635083907867598
2012-02-09,0.377687,0.380583,0.373121,0.37377,612813920,-0.0005882510227546156
2012-02-10,0.370297,0.371475,0.362537,0.364567,480055784,-0.024622093801000666
2012-02-13,0.37377,0.375119,0.362767,0.370297,665966502,0.015717275562516564
2012-02-14,0.370297,0.375569,0.367084,0.372393,494833977,0.005660321309651328
2012-02-15,0.375818,0.387422,0.369869,0.370757,1061053269,-0.0043932082504235526
2012-02-16,0.345465,0.380184,0.343868,0.377217,2059355973,0.017423811283401314
2012-02-17,0.376748,0.379944,0.359942,0.363417,1112607549,-0.03658371706471353
2012-02-21,0.363217,0.37422,0.362537,0.365265,564997490,0.005085067567009771
2012-02-22,0.363417,0.372393,0.362297,0.362767,536950262,-0.0068388704091549846
2012-02-23,0.363417,0.366864,0.357676,0.364767,353238071,0.005513180636606885
2012-02-24,0.365935,0.366364,0.360402,0.362038,399802204,-0.007481488182867313
2012-02-27,0.357446,0.359123,0.349439,0.354652,812688347,-0.02040117335749292
2012-02-28,0.354652,0.358903,0.34784,0.351515,763125816,-0.008845290594723831
2012-02-29,0.352713,0.358643,0.347141,0.34736,751495263,-0.011820263715630941
2012-03-01,0.348989,0.353832,0.34736,0.349658,490646817,0.006615614923998203
2012-03-02,0.348539,0.357676,0.348539,0.352713,745888628,0.008737108832058693
2012-03-05,0.350357,0.350837,0.338234,0.340633,561396854,-0.034248808521375684
2012-03-06,0.336937,0.339553,0.331586,0.337537,514013981,-0.009088960846424299
2012-03-07,0.338653,0.340873,0.334779,0.339553,371223524,0.005972678550795862
2012-03-08,0.340373,0.344098,0.338653,0.340373,469792679,0.0024149396412340707
2012-03-09,0.34183,0.344098,0.338004,0.339733,401071095,-0.001880290152274089
2012-03-12,0.341072,0.343428,0.333661,0.334579,327053198,-0.015170737019953862
2012-03-13,0.335957,0.340873,0.33434,0.339103,603545327,0.01352147026561723
2012-03-14,0.339103,0.339553,0.32827,0.329189,802375178,-0.029235954857373625
2012-03-15,0.330417,0.336177,0.329189,0.33434,417150388,0.01564754593865536
2012-03-16,0.334579,0.336177,0.332745,0.334779,467060718,0.0013130346354008893
2012-03-19,0.335957,0.338234,0.33408,0.335707,442028363,0.0027719779317101345
2012-03-20,0.333661,0.333881,0.327121,0.330168,490280381,-0.016499507010577563
2012-03-21,0.329669,0.334579,0.326463,0.331586,510139497,0.004294783261854507
2012-03-22,0.328949,0.333881,0.32805,0.331087,463859347,-0.001504888626178369
2012-03-23,0.331087,0.334579,0.32785,0.333661,303495020,0.007774391625161803
2012-03-26,0.336437,0.339103,0.333661,0.337537,314677645,0.011616580900974283
2012-03-27,0.338903,0.343868,0.338234,0.339733,458284559,0.006505953421402699
2012-03-28,0.344098,0.352234,0.341571,0.34759,973105743,0.023126985014702672
2012-03-29,0.347141,0.351984,0.342749,0.349219,406378024,0.004686555999884989
2012-03-30,0.352234,0.355081,0.347141,0.353183,574921840,0.01135104332811232
2012-04-02,0.352484,0.355081,0.346423,0.351515,444140100,-0.0047227641194508285
2012-04-03,0.354012,0.354452,0.343868,0.345724,469423639,-0.016474403652760317
2012-04-04,0.340373,0.344796,0.333881,0.335957,540738338,-0.02825085906676994
2012-04-05,0.336437,0.340373,0.33434,0.335508,409982225,-0.001336480561500486
2012-04-09,0.330168,0.332286,0.324634,0.331087,364753332,-0.013177033036469887
2012-04-10,0.329669,0.33434,0.323008,0.324634,512859611,-0.019490345437906176
2012-04-11,0.328949,0.335957,0.32785,0.328719,406660405,0.012583401615357648
2012-04-12,0.329189,0.338433,0.32785,0.336677,419642271,0.024209126944289894
2012-04-13,0.333661,0.335508,0.324434,0.324634,339452797,-0.03577018923181574
2012-04-16,0.326691,0.32785,0.315507,0.320783,505540002,-0.011862589870438645
2012-04-17,0.3217,0.325564,0.320354,0.321481,502334756,0.002175925781603194
2012-04-18,0.319384,0.321003,0.314111,0.318006,436976784,-0.010809347986350692
2012-04-19,0.313891,0.325804,0.311614,0.312932,727474916,-0.015955673792318437
2012-04-20,0.315027,0.315987,0.306254,0.306983,555646084,-0.01901051985734914
2012-04-23,0.301719,0.304435,0.296029,0.303287,770058617,-0.012039754644394107
2012-04-24,0.304217,0.306733,0.292373,0.293953,796040888,-0.030776129540665997
2012-04-25,0.298294,0.302189,0.292803,0.299872,792811626,0.02013587206117995
2012-04-26,0.299642,0.302589,0.297615,0.300121,587931809,0.0008303542844947387
2012-04-27,0.299642,0.301469,0.294402,0.297615,518307289,-0.00834996551390943
2012-04-30,0.296029,0.299642,0.293953,0.298065,286032276,0.0015120205634797657
2012-05-01,0.296499,0.306514,0.296499,0.303287,445608708,0.01751966852867648
2012-05-02,0.302189,0.303287,0.293053,0.294601,745818683,-0.028639539446135065
2012-05-03,0.295299,0.296969,0.287758,0.289608,457442474,-0.016948347086398252
2012-05-04,0.287758,0.289358,0.28114,0.28114,594374991,-0.02923952377006156
2012-05-07,0.286212,0.291034,0.283698,0.285983,663119229,0.01722629295013145
2012-05-08,0.283458,0.287509,0.278375,0.285764,504095610,-0.0007657797841129632
2012-05-09,0.280692,0.289108,0.277915,0.286841,558332468,0.0037688442211054607
2012-05-10,0.289608,0.290077,0.280212,0.284857,650898256,-0.00691672389930309
2012-05-11,0.308352,0.313662,0.301719,0.302838,1575185056,0.06312290026223666
2012-05-14,0.300321,0.305554,0.294172,0.30102,473598020,-0.006003209636835538
2012-05-15,0.30102,0.307632,0.296749,0.298065,654209300,-0.00981662348016743
2012-05-16,0.298543,0.301939,0.291254,0.291933,498965985,-0.020572693875497094
2012-05-17,0.293253,0.296029,0.290077,0.290077,276534031,-0.00635762315325783
2012-05-18,0.290806,0.292133,0.275597,0.276976,618590799,-0.045163870282717955
2012-05-21,0.277415,0.283258,0.275597,0.28179,453937941,0.01738056726936632
2012-05-22,0.28161,0.28204,0.27418,0.278375,447366438,-0.012118953830866919
2012-05-23,0.275348,0.285764,0.270986,0.285325,532154535,0.02496632240682528
2012-05-24,0.286661,0.28731,0.275597,0.277675,461157560,-0.026811530710593168
2012-05-25,0.277415,0.286661,0.277415,0.284397,427150290,0.024208157018096754
2012-05-29,0.288908,0.293473,0.287758,0.291733,338009406,0.025794927513300037
2012-05-30,0.288438,0.290556,0.283258,0.288208,414110537,-0.012082966273955997
2012-05-31,0.288208,0.289358,0.28137,0.285076,390555564,-0.010867151501693262
2012-06-01,0.279014,0.28179,0.27418,0.27465,480957548,-0.03657270341943897
2012-06-04,0.276017,0.277675,0.266633,0.268957,472046668,-0.020728199526670266
2012-06-05,0.26751,0.277415,0.26751,0.276496,398241989,0.028030503017210995
2012-06-06,0.278844,0.284857,0.276746,0.284157,354470397,0.02770745327238
2012-06-07,0.288208,0.289838,0.272304,0.272554,574270460,-0.04083306059678271
2012-06-08,0.273473,0.278844,0.273023,0.277915,403875835,0.019669496686895105
2012-06-11,0.286841,0.291933,0.280442,0.28114,914902514,0.011604267491858833
2012-06-12,0.284397,0.289608,0.283898,0.286841,541209580,0.02027815323326454
2012-06-13,0.286661,0.28731,0.277915,0.279273,539419582,-0.026383954873954618
2012-06-14,0.278844,0.28114,0.273023,0.275817,643354754,-0.012374987915050872
2012-06-15,0.277915,0.28204,0.275348,0.28179,420241464,0.021655662993941727
2012-06-18,0.279712,0.286661,0.277415,0.284397,331573164,0.009251570318322244
2012-06-19,0.296029,0.307882,0.294601,0.303287,1047271851,0.06642123510444886
2012-06-20,0.306514,0.314111,0.304655,0.308352,1060747834,0.016700353130862933
2012-06-21,0.308132,0.308132,0.293733,0.294402,563081094,-0.04524050435865512
2012-06-22,0.298065,0.301469,0.293953,0.297825,943553142,0.011626959055984765
2012-06-25,0.298294,0.299162,0.287509,0.288678,481544993,-0.03071266683455054
2012-06-26,0.290337,0.293953,0.286212,0.291933,476688215,0.011275538835657795
2012-06-27,0.292133,0.303287,0.292133,0.30122,551792481,0.03181209387085393
2012-06-28,0.298543,0.305314,0.296029,0.303487,595307030,0.007526060686541491
2012-06-29,0.310675,0.317527,0.310447,0.316807,672213922,0.043889853601637
2012-07-02,0.318425,0.318685,0.305784,0.308132,634242745,-0.027382602025839087
2012-07-03,0.308352,0.317057,0.308132,0.316407,239171981,0.026855373671023974
2012-07-05,0.31434,0.315727,0.308352,0.313162,305429102,-0.010255778159143136
2012-07-06,0.310895,0.311814,0.303737,0.307233,417346290,-0.01893269298318445
2012-07-09,0.305314,0.306733,0.300521,0.303057,334067141,-0.013592289890734244
2012-07-10,0.299872,0.308852,0.291733,0.293953,558159450,-0.0300405534272431
2012-07-11,0.294831,0.298543,0.287758,0.289108,529127594,-0.016482226750535123
2012-07-12,0.285983,0.286461,0.28179,0.284397,514824499,-0.01629494860052283
2012-07-13,0.284657,0.289108,0.28277,0.287978,353570807,0.012591553356751328
2012-07-16,0.286212,0.291254,0.283458,0.288908,364721675,0.0032294133579648943
2012-07-17,0.289838,0.291503,0.278844,0.283698,487909608,-0.018033422404364008
2012-07-18,0.283009,0.303487,0.28161,0.299422,671720487,0.05542513517895786
2012-07-19,0.301469,0.306254,0.299422,0.302389,439455178,0.009909091516321356
2012-07-20,0.300521,0.302589,0.290556,0.293733,491773887,-0.028625379891464298
2012-07-23,0.285983,0.299642,0.28277,0.297615,492404437,0.013216083994648242
2012-07-24,0.298065,0.299872,0.291034,0.294402,382896500,-0.01079582682324487
2012-07-25,0.293473,0.303057,0.292133,0.300121,452545486,0.019425819118076726
2012-07-26,0.305554,0.30908,0.299162,0.301469,369021112,0.004491521752892913
2012-07-27,0.302589,0.309977,0.300321,0.30908,410537272,0.025246376907741785
2012-07-30,0.30908,0.312932,0.303057,0.305554,396399433,-0.011408049695871725
2012-07-31,0.305554,0.314788,0.305134,0.310447,422826066,0.016013536068910872
2012-08-01,0.312313,0.315287,0.305554,0.306983,366264684,-0.011158104281890235
2012-08-02,0.305314,0.312713,0.300321,0.308132,401155972,0.0037428782701323104
2012-08-03,0.312932,0.317756,0.305554,0.314588,356052735,0.020952059506964327
2012-08-06,0.317527,0.322788,0.317057,0.321222,393042931,0.021087899093417573
2012-08-07,0.325134,0.32785,0.322559,0.324434,444233349,0.009999315115402974
2012-08-08,0.324185,0.329669,0.323238,0.326203,563835268,0.005452572788302135
2012-08-09,0.326691,0.338004,0.326203,0.337377,894655661,0.0342547432120488
2012-08-10,0.346163,0.348989,0.330887,0.335258,1394324384,-0.006280807523927234
2012-08-13,0.335707,0.339733,0.33434,0.339553,487654839,0.012811029117873352
2012-08-14,0.340633,0.341072,0.333212,0.334579,424033966,-0.014648670457925506
2012-08-15,0.335707,0.338433,0.330168,0.332046,648111683,-0.0075707082632203715
2012-08-16,0.335008,0.339733,0.333881,0.338903,404683408,0.020650753208892647
2012-08-17,0.338903,0.338903,0.332965,0.335957,337926422,-0.008692752793572178
2012-08-20,0.334779,0.336437,0.330887,0.335957,343081425,0.0
2012-08-21,0.337157,0.339103,0.331586,0.335008,348791945,-0.002824766264730383
2012-08-22,0.332965,0.337157,0.331816,0.335707,341888887,0.0020865173368993517
2012-08-23,0.335008,0.335258,0.326691,0.32805,413504524,-0.022808580101099984
2012-08-24,0.32805,0.336437,0.327371,0.334779,379143217,0.02051211705532685
2012-08-27,0.334579,0.335478,0.328719,0.328949,371750389,-0.017414473428739585
2012-08-28,0.326463,0.330887,0.325804,0.327591,338842267,-0.004128299523634249
2012-08-29,0.327371,0.330417,0.326691,0.32827,273077299,0.0020727065151362467
2012-08-30,0.327591,0.328719,0.320524,0.32217,335279908,-0.01858226459926282
2012-08-31,0.324434,0.326691,0.318425,0.3217,528894888,-0.0014588571251203941
2012-09-04,0.316407,0.317527,0.301469,0.304217,757212754,-0.054345663661796606
2012-09-05,0.305554,0.309977,0.302189,0.305314,523649941,0.0036059786270983274
2012-09-06,0.307632,0.323008,0.307433,0.314788,716687009,0.031030349083239095
2012-09-07,0.306733,0.3093,0.296969,0.307233,851718954,-0.024000279553223258
2012-09-10,0.306514,0.310895,0.303737,0.304435,404673023,-0.009107094615487199
2012-09-11,0.304217,0.312932,0.303057,0.308132,417530013,0.01214380738088594
2012-09-12,0.310675,0.313162,0.307632,0.311614,351761160,0.011300351797281616
2012-09-13,0.31434,0.315507,0.307632,0.313662,473197213,0.006572233596693344
2012-09-14,0.313412,0.322788,0.313412,0.317307,370142934,0.011620789257225983
2012-09-17,0.318006,0.318006,0.305134,0.308612,537940989,-0.027402484029662166
2012-09-18,0.305134,0.31434,0.304884,0.310675,392537828,0.006684769224787113
2012-09-19,0.311364,0.318685,0.307632,0.31434,492773707,0.011796893860143376
2012-09-20,0.313662,0.315287,0.309548,0.312063,349577656,-0.007243748807024386
2012-09-21,0.312513,0.315287,0.311364,0.313292,370869266,0.003938307328968937
2012-09-24,0.308352,0.313662,0.307882,0.313162,390165813,-0.0004149483548894217
2012-09-25,0.317307,0.318685,0.306983,0.307433,525056487,-0.018294045893179844
2012-09-26,0.306254,0.306254,0.298543,0.302189,476281008,-0.017057375102867978
2012-09-27,0.302838,0.304884,0.300321,0.304217,609389627,0.006711031837691062
2012-09-28,0.303057,0.310227,0.299162,0.305784,529393771,0.005150928449100478
2012-10-01,0.307233,0.30908,0.299642,0.300521,549799040,-0.017211495696308532
2012-10-02,0.302838,0.302838,0.298543,0.301939,322189881,0.0047184722531870005
2012-10-03,0.302589,0.303487,0.297397,0.298763,469803205,-0.010518680925617474
2012-10-04,0.299642,0.314111,0.298065,0.312313,548031586,0.04535367498652776
2012-10-05,0.313162,0.316407,0.303737,0.304884,526715399,-0.02378703416124217
2012-10-08,0.303737,0.305134,0.299642,0.301939,262333959,-0.009659411448288413
2012-10-09,0.301469,0.302389,0.294601,0.295529,399482227,-0.02122945363136275
2012-10-10,0.294172,0.295529,0.289358,0.290556,356077052,-0.01682745178984124
2012-10-11,0.293253,0.294172,0.289838,0.292133,349477887,0.005427525158661295
2012-10-12,0.290077,0.292373,0.287758,0.289608,284248898,-0.008643323417758308
2012-10-15,0.290077,0.293473,0.286661,0.293253,272129467,0.01258597828789254
2012-10-16,0.295769,0.302589,0.293053,0.301719,400988402,0.02886926987959204
2012-10-17,0.298065,0.300761,0.29507,0.299422,427149970,-0.007613043924976526
2012-10-18,0.298763,0.298763,0.293733,0.294831,277792857,-0.015332874671867835
2012-10-19,0.290556,0.292553,0.275817,0.277415,773545454,-0.059071128884004676
2012-10-22,0.278844,0.280442,0.272154,0.27442,524308853,-0.010796099706216422
2012-10-23,0.271904,0.284657,0.271226,0.28277,625808746,0.030427811384009962
2012-10-24,0.284657,0.285764,0.276277,0.279014,362994841,-0.013282880079216408
2012-10-25,0.28137,0.284397,0.278175,0.279273,335129624,0.0009282688323883903
2012-10-26,0.279712,0.28137,0.276277,0.276277,424563525,-0.010727854106913348
2012-10-31,0.277415,0.279712,0.273922,0.27465,378477555,-0.005889017182031053
2012-11-01,0.276017,0.287978,0.275817,0.287758,516000551,0.04772619697797209
2012-11-02,0.290806,0.291254,0.284657,0.286461,279895540,-0.004507259572279487
2012-11-05,0.285764,0.299642,0.285764,0.298543,485034994,0.042176771008967995
2012-11-06,0.299162,0.299162,0.293253,0.298294,382503084,-0.0008340507062634117
2012-11-07,0.296029,0.297825,0.287758,0.289108,353949110,-0.030795121591450147
2012-11-08,0.292373,0.299872,0.290077,0.290806,914551742,0.005873237682803678
2012-11-09,0.292373,0.295769,0.278595,0.279512,922755167,-0.038836887822122024
2012-11-12,0.279972,0.28114,0.270557,0.273023,701807775,-0.023215461232433565
2012-11-13,0.271904,0.278175,0.270986,0.271226,536594813,-0.006581863066481564
2012-11-14,0.272804,0.275597,0.264335,0.264565,675338629,-0.024558854977030364
2012-11-15,0.266164,0.273023,0.263896,0.265734,508922844,0.004418573885434762
2012-11-16,0.266633,0.266633,0.25564,0.260861,681027156,-0.018337886758939437
2012-11-19,0.265734,0.269207,0.262508,0.268228,440636879,0.028241093915917004
2012-11-20,0.267162,0.268358,0.262348,0.265165,365143463,-0.011419389474626174
2012-11-21,0.265165,0.273383,0.264915,0.272704,457519689,0.028431354062564917
2012-11-23,0.273852,0.277875,0.272354,0.27458,300018910,0.006879253696315368
2012-11-26,0.275049,0.280172,0.27458,0.279214,394994489,0.016876684390705998
2012-11-27,0.278315,0.284857,0.275977,0.280542,489036558,0.004756208499573811
2012-11-28,0.279473,0.284377,0.275977,0.28299,330254870,0.008725966165493926
2012-11-29,0.283428,0.284857,0.276926,0.277875,529430245,-0.018074843634050763
2012-11-30,0.277615,0.279692,0.27458,0.276197,498922611,-0.006038686459738929
2012-12-03,0.278095,0.279692,0.270457,0.271126,424006215,-0.018360083563543572
2012-12-04,0.271585,0.279692,0.269987,0.279214,572113976,0.029831148617248227
2012-12-05,0.276926,0.278794,0.272054,0.275977,685797185,-0.011593258217711289
2012-12-06,0.275298,0.278315,0.27432,0.276416,447316403,0.0015907122695006937
2012-12-07,0.276676,0.278095,0.272704,0.275777,366488778,-0.002311733040055608
2012-12-10,0.275977,0.28731,0.275298,0.285295,556493487,0.03451339306758738
2012-12-11,0.286212,0.295599,0.285534,0.291953,884807845,0.02333724741057508
2012-12-12,0.293533,0.294452,0.287788,0.288938,432703196,-0.010327004689111074
2012-12-13,0.288458,0.294671,0.286461,0.289138,409255722,0.000692190020004313
2012-12-14,0.290357,0.293533,0.288238,0.290576,366894623,0.004973403703421919
2012-12-17,0.289858,0.291533,0.285076,0.289138,482348240,-0.004948791366114147
2012-12-18,0.289388,0.293103,0.288458,0.289858,451160612,0.0024901604078328976
2012-12-19,0.291533,0.295369,0.290835,0.291953,496782692,0.007227677000462451
2012-12-20,0.293103,0.293273,0.288458,0.291753,362205365,-0.0006850417704220568
2012-12-21,0.287788,0.287788,0.28177,0.285076,500744315,-0.022885797232590543
2012-12-24,0.284857,0.285764,0.28177,0.28274,138158774,-0.008194306079782221
2012-12-26,0.28201,0.286661,0.28134,0.28249,213143642,-0.0008842045695691692
2012-12-27,0.28201,0.283428,0.277375,0.280672,324796425,-0.006435626039859921
2012-12-28,0.278095,0.283678,0.277615,0.279214,238991062,-0.005194675635617263
2012-12-31,0.278315,0.284157,0.277615,0.28299,353831575,0.013523677179511084
2013-01-02,0.289858,0.293773,0.288708,0.293533,518757270,0.03725573341814181
2013-01-03,0.293773,0.297029,0.290357,0.293773,323805699,0.0008176252755227598
2013-01-04,0.294232,0.304335,0.293273,0.303387,568765015,0.03272594826617836
2013-01-07,0.303157,0.304087,0.292603,0.294671,661679162,-0.028728983113976536
2013-01-08,0.295369,0.296329,0.286212,0.288238,505310941,-0.021831126917816857
2013-01-09,0.290576,0.291953,0.279912,0.28177,752983992,-0.02243978934075308
2013-01-10,0.284377,0.285764,0.280672,0.28227,548585672,0.0017744969301203284
2013-01-11,0.283228,0.283678,0.278974,0.28177,555954584,-0.0017713536684734743
2013-01-14,0.283678,0.283678,0.278315,0.28157,331166909,-0.0007097987720482424
2013-01-15,0.280172,0.280172,0.274819,0.276416,407269583,-0.018304506872180992
2013-01-16,0.276676,0.28134,0.275977,0.278974,365507836,0.009254167631396193
2013-01-17,0.279912,0.283898,0.279214,0.28274,629241772,0.013499465900048024
2013-01-18,0.28274,0.28274,0.277375,0.280871,430212954,-0.006610313362099496
2013-01-22,0.280672,0.283228,0.278095,0.279473,333918299,-0.00497737395459108
2013-01-23,0.280412,0.280672,0.276926,0.279912,456993545,0.0015708136385266247
2013-01-24,0.278974,0.28249,0.277615,0.28134,430189630,0.0051016033610562506
2013-01-25,0.28177,0.286661,0.280412,0.286461,426760239,0.018202175303903
2013-01-28,0.287788,0.292853,0.287061,0.291054,457712146,0.016033596196340705
2013-01-29,0.289858,0.290576,0.283678,0.284857,421403887,-0.021291581630899947
2013-01-30,0.285076,0.288938,0.283228,0.284377,311565728,-0.0016850560105597934
2013-01-31,0.284377,0.287529,0.28111,0.28299,509860131,-0.004877328335273101
2013-02-01,0.284157,0.286461,0.28299,0.285534,312904933,0.008989716951129045
2013-02-04,0.283898,0.289638,0.280412,0.280672,554409291,-0.017027744506783904
2013-02-05,0.28201,0.288708,0.28111,0.287061,397914321,0.022763225401892795
2013-02-06,0.280172,0.287061,0.278545,0.284857,575012916,-0.00767781063955042
2013-02-07,0.283898,0.286212,0.280871,0.283678,476728535,-0.004138918825937421
2013-02-08,0.285534,0.287788,0.283678,0.285534,332850488,0.006542629319157722
2013-02-11,0.287788,0.291753,0.285076,0.288708,442349671,0.011116014204963331
2013-02-12,0.286212,0.289858,0.285764,0.286861,300985340,-0.006397467337240559
2013-02-13,0.287061,0.292173,0.284627,0.285534,926636411,-0.0046259338146348306
2013-02-14,0.28157,0.294003,0.278095,0.293773,955570791,0.02885470732031914
2013-02-15,0.293103,0.29513,0.28731,0.293803,795042140,0.00010211966382200899
2013-02-19,0.294003,0.294232,0.287978,0.289858,469694994,-0.01342736459464322
2013-02-20,0.290835,0.295369,0.284857,0.285764,772464843,-0.014124157346010802
2013-02-21,0.285295,0.288458,0.28299,0.283678,628795236,-0.007299729847006775
2013-02-22,0.285534,0.289138,0.283898,0.288938,401006509,0.01854214990235392
2013-02-25,0.289638,0.291953,0.283428,0.283898,698170054,-0.017443188504108087
2013-02-26,0.284497,0.288738,0.283528,0.28721,524923830,0.011666161790502283
2013-02-27,0.28721,0.294631,0.286561,0.292533,513592302,0.018533477246613916
2013-02-28,0.291673,0.298363,0.290507,0.293953,636788509,0.0048541532066468385
2013-03-01,0.291903,0.296049,0.289158,0.29507,419285409,0.003799927199246156
2013-03-04,0.293253,0.296529,0.290756,0.293733,380840075,-0.004531128206866075
2013-03-05,0.295549,0.297665,0.293953,0.297218,394290230,0.011864516414566761
2013-03-06,0.299042,0.301819,0.295549,0.296999,369252657,-0.000736832897065387
2013-03-07,0.298593,0.301559,0.294631,0.296269,339205138,-0.002457920733739849
2013-03-08,0.297218,0.299042,0.295549,0.297665,265383383,0.004711934086927716
2013-03-11,0.294631,0.296049,0.292353,0.294731,322755834,-0.00985671812272182
2013-03-12,0.294402,0.296769,0.291673,0.295799,334719213,0.003623643254357267
2013-03-13,0.295799,0.300841,0.293033,0.295799,523132079,0.0
2013-03-14,0.297665,0.298593,0.294172,0.296049,412726355,0.0008451685096975137
2013-03-15,0.296049,0.296049,0.292353,0.293473,383105241,-0.008701262291039735
2013-03-18,0.291673,0.294172,0.289278,0.291473,321212033,-0.006814936978870256
2013-03-19,0.291673,0.293033,0.287459,0.289538,382765254,-0.006638693806973461
2013-03-20,0.292353,0.293953,0.289788,0.293033,366733753,0.012070954417036761
2013-03-21,0.291673,0.291903,0.287908,0.288378,365064826,-0.015885582852443125
2013-03-22,0.289278,0.291004,0.288138,0.289788,259763578,0.004889415974866251
2013-03-25,0.291673,0.291673,0.286113,0.288138,389875771,-0.0056938175493809196
2013-03-26,0.288858,0.290507,0.287678,0.290257,250416969,0.007354115042097931
2013-03-27,0.289058,0.295329,0.288378,0.293733,274522052,0.01197559404252102
2013-03-28,0.293033,0.298124,0.291004,0.297865,376085650,0.014067197080341654
2013-04-01,0.297218,0.297218,0.286113,0.288138,476819541,-0.032655733301999224
2013-04-02,0.288378,0.289058,0.283328,0.284976,400043524,-0.0109739083355892
2013-04-03,0.284497,0.286362,0.279542,0.28167,379580248,-0.011600976924372675
2013-04-04,0.280771,0.285444,0.279772,0.284277,317329537,0.009255511769091562
2013-04-05,0.280272,0.289278,0.279542,0.289278,593676460,0.01759199653858734
2013-04-08,0.289538,0.289538,0.283099,0.288608,351733028,-0.0023161111456799777
2013-04-09,0.288858,0.295329,0.286781,0.293253,409805402,0.01609449495509474
2013-04-10,0.293473,0.298363,0.292773,0.297865,414215053,0.01572703433553957
2013-04-11,0.293733,0.298363,0.285664,0.296529,1043626148,-0.004485253386601329
2013-04-12,0.297865,0.307153,0.295329,0.303857,829719799,0.024712591348569513
2013-04-15,0.302938,0.303857,0.295799,0.297665,463460362,-0.02037800675975865
2013-04-16,0.300361,0.302938,0.298793,0.300841,504832578,0.010669712596375058
2013-04-17,0.298593,0.30132,0.29507,0.296899,573857584,-0.013103267174354616
2013-04-18,0.298793,0.299492,0.291234,0.291234,433449748,-0.019080562750295682
2013-04-19,0.290507,0.292653,0.28721,0.291903,326290251,0.0022971219019758404
2013-04-22,0.291673,0.294831,0.289278,0.292353,264416022,0.001541607999917538
2013-04-23,0.294831,0.302938,0.294402,0.299942,405882415,0.02595834487759663
2013-04-24,0.300621,0.312713,0.300621,0.310177,599319399,0.03412326383100739
2013-04-25,0.311814,0.313432,0.30903,0.312713,380342564,0.008175976942197627
2013-04-26,0.312313,0.312713,0.309748,0.311344,349232822,-0.004377816080559538
2013-04-29,0.312932,0.316207,0.310427,0.315057,290414657,0.011925715607173926
2013-04-30,0.315787,0.319704,0.313662,0.319704,297953271,0.014749711956884015
2013-05-01,0.319704,0.32182,0.315827,0.316887,367514256,-0.008811275429772558
2013-05-02,0.316657,0.32158,0.314827,0.320654,348323246,0.011887518263608232
2013-05-03,0.322908,0.324335,0.320853,0.32205,316422666,0.00435360232524773
2013-05-06,0.32205,0.323617,0.319254,0.321102,243028458,-0.002943642291569626
2013-05-07,0.321102,0.32182,0.313891,0.316887,482462841,-0.013126670030083942
2013-05-08,0.317357,0.324554,0.316207,0.322708,359706901,0.018369324080823812
2013-05-09,0.316887,0.324335,0.316457,0.322908,609760039,0.0006197553205993245
2013-05-10,0.329669,0.339003,0.329669,0.337637,927375643,0.045613611307245616
2013-05-13,0.335308,0.336757,0.329169,0.330647,312316116,-0.020702707345462756
2013-05-14,0.334609,0.338334,0.331346,0.335557,488999422,0.014849673518888551
2013-05-15,0.333911,0.34243,0.333911,0.340973,337252428,0.016140327872760984
2013-05-16,0.340753,0.344267,0.338503,0.339653,332036705,-0.0038712742651179077
2013-05-17,0.341232,0.34759,0.338753,0.345195,336073170,0.016316652583666214
2013-05-20,0.343798,0.345793,0.342669,0.344497,254524961,-0.002022045510508441
2013-05-21,0.346523,0.349588,0.342529,0.348219,383322315,0.010804157946223025
2013-05-22,0.349588,0.349588,0.334659,0.336107,514666013,-0.03478270858281718
2013-05-23,0.332116,0.342529,0.331166,0.341331,421975899,0.015542669447527135
2013-05-24,0.339503,0.3423,0.335637,0.339273,303507689,-0.006029338091178338
2013-05-28,0.34183,0.342769,0.335857,0.339073,299217235,-0.0005894957747889507
2013-05-29,0.337077,0.339073,0.335637,0.337077,358945366,-0.005886637980611842
2013-05-30,0.336577,0.344626,0.335637,0.341331,304813355,0.012620261839282998
2013-05-31,0.339573,0.344467,0.337757,0.337757,618696146,-0.010470774702561525
2013-06-03,0.338174,0.340633,0.330188,0.337337,476166308,-0.0012434975440922535
2013-06-04,0.339273,0.345345,0.335637,0.337707,389611067,0.00109682602264205
2013-06-05,0.337337,0.339703,0.329469,0.330447,497649543,-0.02149792571667153
2013-06-06,0.330447,0.335138,0.330188,0.332585,365411262,0.006470023937273028
2013-06-07,0.334878,0.339273,0.333512,0.337207,294166308,0.013897199212231426
2013-06-10,0.336337,0.339073,0.33446,0.337077,240145061,-0.0003855198735494003
2013-06-11,0.332585,0.337337,0.330687,0.330687,317469316,-0.018957092889755223
2013-06-12,0.332346,0.335008,0.325984,0.32785,334879802,-0.008579109550723274
2013-06-13,0.326651,0.337077,0.326433,0.335378,253155761,0.022961720298917188
2013-06-14,0.336577,0.337077,0.332585,0.334878,252843806,-0.0014908550948482535
2013-06-17,0.337507,0.341072,0.335637,0.338174,273543765,0.009842390363057563
2013-06-18,0.339703,0.343468,0.333282,0.336107,521490413,-0.006112238078622156
2013-06-19,0.339073,0.361242,0.337934,0.346263,1242331333,0.03021656793818628
2013-06-20,0.343468,0.343898,0.334559,0.337077,673535181,-0.026528967865466324
2013-06-21,0.338853,0.339933,0.330917,0.336577,765206767,-0.0014833406017022988
2013-06-24,0.331646,0.335857,0.324584,0.329469,622194119,-0.021118495916239044
2013-06-25,0.333045,0.333761,0.32827,0.331866,489980645,0.007275343052001837
2013-06-26,0.335637,0.336107,0.328469,0.329949,621171875,-0.005776427835331166
2013-06-27,0.330917,0.331386,0.323388,0.326871,865666459,-0.009328714437685681
2013-06-28,0.326871,0.330917,0.322708,0.327591,462313163,0.0022027038189378345
2013-07-01,0.329949,0.330687,0.326971,0.328969,213754502,0.004206464768568008
2013-07-02,0.327091,0.333761,0.325764,0.328719,274677875,-0.0007599500256864067
2013-07-03,0.326433,0.333761,0.325984,0.329719,150398084,0.003042111955804172
2013-07-05,0.330687,0.333045,0.328389,0.332346,197852524,0.007967390414261866
2013-07-08,0.333282,0.334878,0.328719,0.330567,280776814,-0.005352855156974923
2013-07-09,0.331386,0.33438,0.330447,0.332366,168586580,0.0054421645233795335
2013-07-10,0.332346,0.337707,0.331386,0.336837,223308120,0.013452037813735496
2013-07-11,0.338603,0.34183,0.337934,0.341331,256935994,0.013341764711121362
2013-07-12,0.340633,0.344865,0.339503,0.341571,231790871,0.0007031298065514058
2013-07-15,0.3423,0.3423,0.335637,0.340853,215690738,-0.0021020519891911116
2013-07-16,0.3423,0.344626,0.340503,0.342769,174151202,0.005621191540047921
2013-07-17,0.342769,0.343898,0.339933,0.340853,178070844,-0.00558977037013253
2013-07-18,0.340373,0.341571,0.335138,0.339503,369058678,-0.0039606516592196606
2013-07-19,0.337507,0.339073,0.328719,0.332346,514814724,-0.02108081519161842
2013-07-22,0.334878,0.337934,0.330687,0.332116,313234495,-0.0006920498516604923
2013-07-23,0.336337,0.336337,0.329949,0.331646,264393738,-0.0014151681942454752
2013-07-24,0.334659,0.335637,0.331166,0.331646,304524805,0.0
2013-07-25,0.331386,0.337207,0.328969,0.332815,260671892,0.0035248427540208738
2013-07-26,0.328719,0.333382,0.328719,0.331386,243576335,-0.004293676667217583
2013-07-29,0.330687,0.334878,0.329719,0.330687,192344716,-0.0021093226629972373
2013-07-30,0.331866,0.340633,0.331646,0.336337,285095019,0.017085642919135058
2013-07-31,0.334659,0.340173,0.33446,0.336957,289428707,0.0018433892197409207
2013-08-01,0.338174,0.3423,0.33421,0.341571,297448159,0.013693141854895563
2013-08-02,0.340853,0.345095,0.338603,0.344367,224578783,0.008185706632003242
2013-08-05,0.343468,0.347241,0.341701,0.346043,198397035,0.004866900719290745
2013-08-06,0.346263,0.347021,0.340173,0.340853,221345505,-0.01499813606979472
2013-08-07,0.339073,0.344148,0.338853,0.340633,261969205,-0.000645439529650571
2013-08-08,0.342529,0.344626,0.338603,0.343028,369789357,0.007031027528160649
2013-08-09,0.329469,0.343228,0.329219,0.338174,970870482,-0.014150448359900758
2013-08-12,0.324365,0.340173,0.305854,0.335378,275937382,-0.008267933075872036
2013-08-13,0.335857,0.337934,0.333761,0.336577,211777616,0.0035750705174459885
2013-08-14,0.335857,0.352933,0.335637,0.350757,887865061,0.042130032652260674
2013-08-15,0.347021,0.35583,0.345545,0.353033,775227040,0.006488822746231637
2013-08-16,0.352434,0.359372,0.351715,0.354432,707561349,0.003962802344256833
2013-08-19,0.352434,0.353612,0.348689,0.348859,421493811,-0.015723749548573585
2013-08-20,0.348559,0.353053,0.348339,0.350657,249661393,0.005153944716919989
2013-08-21,0.348559,0.353053,0.34759,0.348989,278789752,-0.0047567851205023715
2013-08-22,0.348759,0.354132,0.348759,0.350887,137614082,0.0054385668316194735
2013-08-23,0.351336,0.354132,0.350187,0.350887,261449140,0.0
2013-08-26,0.351336,0.352583,0.350187,0.351585,320137662,0.0019892444006188725
2013-08-27,0.348339,0.350657,0.345923,0.347241,295759512,-0.012355475916207892
2013-08-28,0.34784,0.350417,0.345665,0.347121,339850750,-0.00034558131096273925
2013-08-29,0.345923,0.349688,0.344965,0.346363,294434527,-0.0021836765853983087
2013-08-30,0.346623,0.34759,0.344247,0.345923,403056634,-0.0012703435413136122
2013-09-03,0.346863,0.351117,0.343998,0.346143,303456923,0.0006359796833399489
2013-09-04,0.346143,0.351585,0.345665,0.349459,236756091,0.00957985572436848
2013-09-05,0.348089,0.351835,0.34784,0.350417,186435950,0.002741380247754277
2013-09-06,0.350657,0.352583,0.346363,0.348989,241715462,-0.00407514475610482
2013-09-09,0.351835,0.354781,0.350887,0.354781,262691091,0.016596511637902767
2013-09-10,0.357426,0.362637,0.35573,0.362397,311516534,0.021466764003709393
2013-09-11,0.361898,0.36947,0.359372,0.368491,422292911,0.01681581249292896
2013-09-12,0.367524,0.372972,0.366564,0.368241,323853970,-0.0006784426213938266
2013-09-13,0.36947,0.372273,0.366814,0.370577,170228817,0.006343671671541262
2013-09-16,0.37365,0.376188,0.36947,0.370797,251110373,0.0005936687921808126
2013-09-17,0.372273,0.375019,0.370577,0.372023,179748404,0.0033063913677835455
2013-09-18,0.372273,0.376188,0.370327,0.375269,285859739,0.008725266986181035
2013-09-19,0.376947,0.377647,0.372023,0.373521,242579589,-0.0046579920004050646
2013-09-20,0.37459,0.376947,0.369669,0.370577,379513949,-0.007881752297728917
2013-09-23,0.370137,0.373191,0.364717,0.366814,289138194,-0.010154434840802362
2013-09-24,0.367054,0.369669,0.364936,0.368241,243495224,0.0038902550066246544
2013-09-25,0.367524,0.371524,0.365865,0.368971,248762914,0.0019823973973567277
2013-09-26,0.369669,0.370327,0.365395,0.367524,158629060,-0.003921717424946625
2013-09-27,0.364717,0.367754,0.363317,0.365395,161934957,-0.005792818972366387
2013-09-30,0.361639,0.367524,0.359542,0.364936,241667951,-0.0012561748245051296
2013-10-01,0.365395,0.367054,0.362897,0.364717,241940838,-0.0006001052239296145
2013-10-02,0.360922,0.365865,0.360922,0.364467,172717987,-0.0006854629754029506
2013-10-03,0.364717,0.367993,0.359143,0.360672,465571148,-0.010412465326078868
2013-10-04,0.360202,0.368741,0.359342,0.365635,262210976,0.013760424984473385
2013-10-07,0.364267,0.368241,0.362397,0.365635,181156082,0.0
2013-10-08,0.364717,0.369909,0.359772,0.362637,309888779,-0.008199433861638017
2013-10-09,0.364936,0.365196,0.355011,0.356947,294053069,-0.015690621751227707
2013-10-10,0.359542,0.361898,0.356947,0.360922,238222656,0.01113610704110135
2013-10-11,0.355251,0.359772,0.354132,0.357925,227682689,-0.008303733216595388
2013-10-14,0.356947,0.363317,0.356947,0.363317,177617188,0.015064608507368904
2013-10-15,0.363317,0.365395,0.361172,0.361419,222638612,-0.005224088055334586
2013-10-16,0.363537,0.367284,0.363067,0.365865,222881674,0.012301511542005317
2013-10-17,0.363067,0.367524,0.363067,0.366564,227388440,0.0019105407732360469
2013-10-18,0.365865,0.372023,0.364467,0.370797,271885653,0.011547778832618594
2013-10-21,0.375269,0.375519,0.370577,0.371774,207868861,0.0026348648991227908
2013-10-22,0.371774,0.372023,0.366564,0.369909,191299668,-0.005016488511837891
2013-10-23,0.36921,0.36921,0.362397,0.363537,268845403,-0.017225858251624038
2013-10-24,0.364467,0.366814,0.360302,0.360802,252028942,-0.007523305743294295
2013-10-25,0.362897,0.363067,0.356229,0.357426,352297369,-0.009356932611238267
2013-10-28,0.356947,0.358643,0.351835,0.356707,420006434,-0.0020116051993980255
2013-10-29,0.356229,0.357925,0.353053,0.357177,413537483,0.0013176080088139752
2013-10-30,0.358403,0.360002,0.353932,0.356947,217483750,-0.000643938439485181
2013-10-31,0.357426,0.360002,0.355511,0.356209,312716883,-0.0020675338355554684
2013-11-01,0.358144,0.359542,0.355251,0.357925,219730768,0.004817396528442597
2013-11-04,0.359143,0.359143,0.346863,0.34759,437343231,-0.028874764266256903
2013-11-05,0.346143,0.348559,0.341651,0.347121,450227542,-0.0013492908311516505
2013-11-06,0.347121,0.349688,0.343548,0.349459,211100377,0.006735403504829707
2013-11-07,0.348339,0.349239,0.340453,0.341172,589395820,-0.023713797612881726
2013-11-08,0.351835,0.366095,0.350417,0.364936,783003449,0.0696540161560737
2013-11-11,0.363537,0.368971,0.362897,0.367993,317252312,0.00837681127649792
2013-11-12,0.369669,0.371774,0.364467,0.368741,336869958,0.002032647360139972
2013-11-13,0.367754,0.378846,0.367054,0.378846,354735422,0.027404058675330356
2013-11-14,0.377647,0.382598,0.377387,0.380413,328291674,0.004136245334515731
2013-11-15,0.381769,0.382248,0.375519,0.379316,480031247,-0.0028837079700221313
2013-11-18,0.371056,0.37437,0.36921,0.370137,337867775,-0.0241988210357591
2013-11-19,0.368371,0.371654,0.363637,0.364117,219162051,-0.016264248102729417
2013-11-20,0.364337,0.365265,0.357975,0.358723,217101140,-0.01481391970163437
2013-11-21,0.359202,0.362217,0.357476,0.361499,226424734,0.007738561508461972
2013-11-22,0.361968,0.361968,0.357227,0.357975,168216859,-0.00974829805891586
2013-11-25,0.357975,0.366194,0.357975,0.365735,263151908,0.02167749144493336
2013-11-26,0.369789,0.372872,0.367124,0.368841,798519272,0.00849248773018707
2013-11-27,0.368611,0.371296,0.366194,0.370227,192187612,0.003757716739733352
2013-11-29,0.370227,0.371176,0.365495,0.367883,124005952,-0.006331250827195101
2013-12-02,0.366414,0.37402,0.365735,0.371425,396384291,0.009628061095511287
2013-12-03,0.371425,0.376088,0.368841,0.371176,308054164,-0.0006703910614525022
2013-12-04,0.370227,0.377087,0.369091,0.376348,522869378,0.01393409056620043
2013-12-05,0.377087,0.377087,0.369789,0.370227,288177373,-0.01626420228086778
2013-12-06,0.37472,0.37472,0.363897,0.364767,297918550,-0.014747708838091178
2013-12-09,0.364767,0.365965,0.357975,0.358473,408409311,-0.017254850356529072
2013-12-10,0.358723,0.368611,0.358224,0.366914,555837569,0.023547101176378815
2013-12-11,0.367624,0.368113,0.362717,0.363397,439091336,-0.009585352425909077
2013-12-12,0.362217,0.364117,0.355531,0.356279,274297157,-0.019587393401706676
2013-12-13,0.357007,0.359602,0.353782,0.354152,195705945,-0.005970040333558746
2013-12-16,0.354382,0.357726,0.354152,0.354582,251926679,0.0012141679278954154
2013-12-17,0.354382,0.357227,0.351356,0.356279,290700613,0.0047859169388180245
2013-12-18,0.357007,0.361968,0.352613,0.361242,451894105,0.013930094111637148
2013-12-19,0.360742,0.363167,0.358473,0.362717,274110519,0.004083135405074767
2013-12-20,0.363397,0.370227,0.362467,0.369909,404848084,0.01982813047086296
2013-12-23,0.372153,0.375169,0.369091,0.372153,177932788,0.006066356860741529
2013-12-24,0.37427,0.37427,0.36934,0.373121,84394030,0.0026010807382983447
2013-12-26,0.37452,0.375648,0.368611,0.36954,179090413,-0.009597422819943136
2013-12-27,0.371425,0.372393,0.36934,0.371654,223679653,0.005720625642690935
2013-12-30,0.371893,0.376848,0.371425,0.376588,263143736,0.013275788771276442
2013-12-31,0.377317,0.379715,0.374969,0.377817,249971716,0.003263513441745358
2014-01-02,0.375419,0.376848,0.370677,0.37402,275751585,-0.010049838943192113
2014-01-03,0.37472,0.375449,0.368371,0.36954,274945514,-0.01197796909256199
2014-01-06,0.373351,0.377317,0.369789,0.37452,434151734,0.013476213671050674
2014-01-07,0.378286,0.381949,0.375648,0.380563,353350478,0.016135319876108056
2014-01-08,0.381949,0.387592,0.380563,0.385742,326743437,0.013608784879244773
2014-01-09,0.379914,0.380563,0.370227,0.371425,309771724,-0.03711548133208198
2014-01-10,0.372623,0.375169,0.367624,0.370926,231648479,-0.0013434744564851941
2014-01-13,0.370926,0.373121,0.361499,0.362217,257978318,-0.023479076689150835
2014-01-14,0.362467,0.37427,0.362467,0.373551,256386506,0.03129063517173414
2014-01-15,0.375169,0.378986,0.373551,0.377567,185578873,0.010750874713225222
2014-01-16,0.377567,0.379486,0.375868,0.378766,233939173,0.003175595324803382
2014-01-17,0.378766,0.383128,0.37472,0.377087,360894982,-0.004432816039454446
2014-01-21,0.377817,0.380813,0.37452,0.378546,260892471,0.0038691336482030714
2014-01-22,0.379246,0.379745,0.373551,0.378067,358286635,-0.0012653680133986045
2014-01-23,0.376848,0.380813,0.37377,0.376588,196164098,-0.003912005014984121
2014-01-24,0.373551,0.374969,0.366914,0.366914,263177596,-0.025688550883193217
2014-01-27,0.366914,0.372153,0.362467,0.364567,247889483,-0.006396594297301439
2014-01-28,0.363897,0.368371,0.362467,0.368113,178106537,0.009726607180573277
2014-01-29,0.366194,0.368841,0.364337,0.364567,168064281,-0.00963291163311275
2014-01-30,0.366664,0.371425,0.365495,0.370677,215110152,0.016759607973294344
2014-01-31,0.365515,0.372393,0.365295,0.370227,355534583,-0.001213994933594531
2014-02-03,0.372872,0.373351,0.363897,0.365265,457721199,-0.013402588141869676
2014-02-04,0.365016,0.368113,0.363167,0.367384,297593645,0.005801267572858038
2014-02-05,0.364767,0.365965,0.361242,0.364117,227602680,-0.008892602835180563
2014-02-06,0.364567,0.369789,0.364117,0.368841,178519593,0.012973851811368231
2014-02-07,0.369789,0.37472,0.366414,0.37427,166841078,0.014719079494958542
2014-02-10,0.37377,0.380363,0.373551,0.375419,343900936,0.0030699762203756364
2014-02-11,0.377567,0.384127,0.375648,0.383128,249556697,0.020534389575381118
2014-02-12,0.384347,0.399723,0.384347,0.396847,790177901,0.03580787621891379
2014-02-13,0.406793,0.411687,0.399723,0.409358,957247500,0.03152600372435721
2014-02-14,0.405594,0.423178,0.405394,0.422259,866927499,0.03151520185265699
2014-02-18,0.42178,0.423927,0.418584,0.422029,454917391,-0.0005446893967920863
2014-02-19,0.42088,0.431557,0.420231,0.427731,477582178,0.013510919865696414
2014-02-20,0.428659,0.443827,0.427981,0.442848,422058402,0.03534230626258106
2014-02-21,0.44211,0.447772,0.4367,0.439582,478210264,-0.007374990967555561
2014-02-24,0.438615,0.44921,0.434572,0.445924,427533011,0.01442734233885834
2014-02-25,0.445355,0.447173,0.439194,0.443947,255967401,-0.00443349090876477
2014-02-26,0.442948,0.449589,0.441712,0.443208,380906715,-0.0016646131182325163
2014-02-27,0.443208,0.447642,0.437018,0.438247,410405316,-0.011193390011010607
2014-02-28,0.43583,0.440082,0.429059,0.435332,339526106,-0.00665150018140459
2014-03-03,0.425646,0.433332,0.42178,0.433332,396790486,-0.00459419477548173
2014-03-04,0.434652,0.440512,0.434652,0.437748,274918563,0.010190800587078774
2014-03-05,0.437268,0.441712,0.435332,0.441482,254861893,0.00853002183904894
2014-03-06,0.44221,0.444645,0.434652,0.435332,306230006,-0.013930352766364229
2014-03-07,0.437268,0.437997,0.431606,0.434902,283339102,-0.0009877518767285043
2014-03-10,0.433572,0.435332,0.426614,0.42848,317576315,-0.014766545106713602
2014-03-11,0.430638,0.43655,0.429209,0.432832,313824304,0.01015683345780416
2014-03-12,0.430638,0.43655,0.428959,0.433902,252817587,0.002472090788111725
2014-03-13,0.434902,0.43655,0.418087,0.420231,406527226,-0.031507114509727985
2014-03-14,0.415938,0.425886,0.415938,0.422029,485552235,0.004278599151418927
2014-03-17,0.423198,0.426366,0.42156,0.422029,316329347,0.0
2014-03-18,0.423698,0.434902,0.42178,0.432105,310199492,0.02387513654274942
2014-03-19,0.435332,0.447892,0.434152,0.439652,386467672,0.017465662281158423
2014-03-20,0.437268,0.443707,0.435332,0.439832,202435464,0.00040941471891398074
2014-03-21,0.443208,0.447173,0.436769,0.439194,597504224,-0.0014505538478328805
2014-03-24,0.439832,0.442948,0.430638,0.437018,323066156,-0.004954530344221331
2014-03-25,0.441712,0.44221,0.433752,0.437018,321302388,0.0
2014-03-26,0.441002,0.449359,0.423198,0.427063,588700584,-0.022779382084948452
2014-03-27,0.426136,0.429679,0.416407,0.42133,570714991,-0.013424248881312661
2014-03-28,0.420681,0.426614,0.419564,0.423957,420941588,0.006235017682101995
2014-03-31,0.425147,0.42848,0.42168,0.424177,288560524,0.0005189205509050776
2014-04-01,0.438475,0.446973,0.432602,0.441712,692668495,0.04133887504508715
2014-04-02,0.441712,0.442709,0.437018,0.438944,253249961,-0.006266526605571032
2014-04-03,0.439832,0.454384,0.439652,0.443707,632788678,0.010851042502004749
2014-04-04,0.446044,0.448632,0.427911,0.429938,388437738,-0.03103173941362214
2014-04-07,0.430178,0.439652,0.427781,0.431377,452270126,0.003346994217771071
2014-04-08,0.431377,0.447892,0.430638,0.446743,496790263,0.03562081427614361
2014-04-09,0.449359,0.452704,0.442709,0.446294,445362782,-0.0010050521216895536
2014-04-10,0.444406,0.450557,0.433902,0.435332,393531609,-0.02456228405490557
2014-04-11,0.431606,0.438725,0.423458,0.429209,372689218,-0.014065127305137204
2014-04-14,0.432353,0.43557,0.429209,0.433902,306274713,0.010934067086198151
2014-04-15,0.434402,0.439443,0.430178,0.437018,321526712,0.00718134509635826
2014-04-16,0.439194,0.439652,0.432473,0.437997,248174067,0.002240182326586071
2014-04-17,0.437997,0.443707,0.435332,0.439652,162045321,0.0037785646933654604
2014-04-21,0.439832,0.444406,0.437018,0.443208,123490384,0.008088215224768769
2014-04-22,0.443947,0.449829,0.441482,0.446973,269309464,0.008494882763849132
2014-04-23,0.447642,0.453424,0.446973,0.452224,276083039,0.01174791318491275
2014-04-24,0.455352,0.460901,0.455352,0.456299,413197507,0.009011021086895
2014-04-25,0.455352,0.459533,0.442709,0.443707,330987361,-0.027595940381197392
2014-04-28,0.445355,0.449589,0.4363,0.441712,239361714,-0.00449621033700176
2014-04-29,0.443447,0.444406,0.437748,0.442709,180797187,0.0022571268156628133
2014-04-30,0.441951,0.44245,0.43655,0.437498,322732229,-0.011770711686457713
2014-05-01,0.444207,0.445125,0.4363,0.439832,209091263,0.0053348815308869035
2014-05-02,0.441951,0.441951,0.433902,0.43655,165045002,-0.007461940013459678
2014-05-05,0.43557,0.444645,0.43557,0.441232,252523418,0.010725002863360533
2014-05-06,0.445604,0.449359,0.431137,0.432353,439264354,-0.020123200493164628
2014-05-07,0.432353,0.4363,0.428041,0.432832,310318789,0.0011078910057291669
2014-05-08,0.431137,0.445125,0.428959,0.438247,456719226,0.012510627680023756
2014-05-09,0.424427,0.428959,0.419564,0.427543,569443576,-0.02442458248430679
2014-05-12,0.429209,0.441002,0.42826,0.440082,316478910,0.02932804419672408
2014-05-13,0.434152,0.441232,0.431606,0.433072,233362634,-0.01592884962347918
2014-05-14,0.433332,0.434902,0.42848,0.428709,226203925,-0.010074537259393335
2014-05-15,0.427781,0.430178,0.422029,0.426366,343984030,-0.0054652456561443685
2014-05-16,0.427781,0.42848,0.422978,0.425386,299701737,-0.0022984947204984785
2014-05-19,0.428709,0.441482,0.428041,0.439194,380044950,0.03245993051017182
2014-05-20,0.439324,0.440382,0.431956,0.434002,269164889,-0.011821655122793095
2014-05-21,0.43567,0.439552,0.431457,0.434002,227677391,0.0
2014-05-22,0.433172,0.438366,0.433172,0.43593,136960488,0.0044423758415859105
2014-05-23,0.438844,0.44211,0.43567,0.439952,191900774,0.009226251921180095
2014-05-27,0.44235,0.447822,0.441112,0.447822,220290803,0.01788831508891886
2014-05-28,0.449509,0.454584,0.445245,0.451685,236085461,0.008626195229354483
2014-05-29,0.451685,0.455302,0.450009,0.450957,180581105,-0.0016117426967908743
2014-05-30,0.451925,0.453384,0.448562,0.452184,251216641,0.0027208802613107874
2014-06-02,0.453624,0.456499,0.446903,0.450727,190683400,-0.0032221396599614316
2014-06-03,0.451685,0.452184,0.442848,0.448812,255517851,-0.004248691558304651
2014-06-04,0.447572,0.452654,0.447342,0.449289,169393272,0.001062805807331424
2014-06-05,0.450009,0.452654,0.447342,0.451185,198243707,0.004220000934810342
2014-06-06,0.453384,0.456948,0.451685,0.452904,169200535,0.003809967086671806
2014-06-09,0.452654,0.457667,0.449289,0.453384,259976315,0.0010598272481585624
2014-06-10,0.451925,0.457907,0.449759,0.455781,228618323,0.005286909110158167
2014-06-11,0.454084,0.462558,0.454084,0.461601,279703224,0.012769290514523357
2014-06-12,0.461601,0.466625,0.457667,0.464477,354211041,0.006230489102059922
2014-06-13,0.469189,0.469449,0.460433,0.464957,239381383,0.0010334203846478207
2014-06-16,0.462798,0.466625,0.459503,0.463527,208669614,-0.0030755532232012994
2014-06-17,0.464027,0.468471,0.461601,0.466625,165590034,0.0066835373128211195
2014-06-18,0.465426,0.468222,0.461131,0.466155,226442200,-0.0010072327886418986
2014-06-19,0.458136,0.459963,0.452184,0.455502,498607040,-0.02285291373041154
2014-06-20,0.456698,0.458366,0.446903,0.450487,371016886,-0.011009830911829166
2014-06-23,0.444555,0.445504,0.439324,0.445245,435161379,-0.011636295830956378
2014-06-24,0.443607,0.448072,0.4364,0.438366,289734854,-0.01544992083010488
2014-06-25,0.439552,0.443108,0.435421,0.442848,226320549,0.010224333091526372
2014-06-26,0.442848,0.443108,0.435421,0.436899,269907325,-0.013433503143290837
2014-06-27,0.4364,0.439952,0.433802,0.437368,318144552,0.00107347464745855
2014-06-30,0.43567,0.44235,0.43567,0.441112,189704731,0.008560297049624133
2014-07-01,0.440632,0.448682,0.439324,0.446204,337431905,0.011543553564627551
2014-07-02,0.444555,0.446424,0.441851,0.444555,188352336,-0.0036956190442040127
2014-07-03,0.440382,0.449759,0.440382,0.448562,143817457,0.009013507889912509
2014-07-07,0.449289,0.449509,0.444306,0.445025,133946056,-0.007885197586955717
2014-07-08,0.443847,0.445724,0.437148,0.441352,233235594,-0.008253468906241235
2014-07-09,0.445245,0.456698,0.441851,0.454804,407288220,0.03047907339266609
2014-07-10,0.446204,0.454324,0.44261,0.452184,279785807,-0.005760723300586634
2014-07-11,0.452184,0.454804,0.451185,0.453384,200893055,0.002653786953983328
2014-07-14,0.455302,0.460213,0.453624,0.459063,286430940,0.012525805939336276
2014-07-15,0.459763,0.462079,0.456698,0.460881,415450114,0.003960240751269328
2014-07-16,0.462798,0.466375,0.457907,0.460433,335907854,-0.0009720513538201692
2014-07-17,0.455302,0.464027,0.455302,0.459283,341358767,-0.0024976489521819634
2014-07-18,0.450009,0.453384,0.438127,0.438844,596554639,-0.044501973728616084
2014-07-21,0.437148,0.444555,0.437148,0.441352,255684419,0.005715014902790028
2014-07-22,0.444805,0.447123,0.438595,0.439552,313938113,-0.004078377349598594
2014-07-23,0.439732,0.439952,0.429759,0.430238,312398909,-0.021189756843331353
2014-07-24,0.430957,0.433802,0.427861,0.430957,267459928,0.0016711680511716231
2014-07-25,0.429539,0.430458,0.422529,0.423258,279602133,-0.017864891392876725
2014-07-28,0.422779,0.425197,0.414513,0.4216,347071110,-0.003917232515392666
2014-07-29,0.42183,0.428779,0.4216,0.423028,229003457,0.0033870967741935765
2014-07-30,0.425686,0.431457,0.424477,0.430238,258644971,0.01704378906360815
2014-07-31,0.425446,0.42834,0.415708,0.416437,422221084,-0.032077594261780695
2014-08-01,0.416437,0.423258,0.414991,0.4209,231009206,0.010717107269526904
2014-08-04,0.420461,0.423997,0.417907,0.420063,253971076,-0.001988595866001419
2014-08-05,0.418834,0.426446,0.415209,0.420261,313434412,0.00047135786774843424
2014-08-06,0.417407,0.424947,0.414293,0.419804,234764222,-0.0010874194845583718
2014-08-07,0.423258,0.427143,0.412625,0.415468,428394174,-0.010328629550933277
2014-08-08,0.433652,0.454584,0.433652,0.452184,939894620,0.08837263038308607
2014-08-11,0.452654,0.454584,0.448562,0.449759,362061500,-0.005362861136174568
2014-08-12,0.449509,0.452184,0.444805,0.449759,311137780,0.0
2014-08-13,0.450487,0.456249,0.447572,0.452424,269579567,0.005925395600755001
2014-08-14,0.454084,0.454084,0.445504,0.447342,268945372,-0.01123282584478269
2014-08-15,0.448812,0.455651,0.444555,0.453124,388507903,0.01292523393734557
2014-08-18,0.455052,0.459763,0.450487,0.459283,298468329,0.013592305858881826
2014-08-19,0.459413,0.465327,0.457787,0.462957,259674215,0.007999425191004272
2014-08-20,0.461261,0.463427,0.459063,0.460083,231652335,-0.006207919958009067
2014-08-21,0.458934,0.461261,0.455152,0.455881,285337631,-0.009133134673526389
2014-08-22,0.455402,0.459883,0.452524,0.456099,262773794,0.0004781949675463082
2014-08-25,0.458007,0.461011,0.455881,0.456818,160430064,0.001576412138592831
2014-08-26,0.458007,0.465825,0.456349,0.464877,282034979,0.017641599061333002
2014-08-27,0.461979,0.465456,0.458934,0.459633,191386017,-0.011280403203427936
2014-08-28,0.458686,0.464377,0.457287,0.463427,187967302,0.008254411671920758
2014-08-29,0.465097,0.465825,0.460083,0.464877,217490440,0.0031288638771587163
2014-09-02,0.466055,0.466055,0.461601,0.465925,201492118,0.002254359755376134
2014-09-03,0.466055,0.472035,0.465327,0.470418,271386279,0.009643182915705317
2014-09-04,0.469619,0.481541,0.469369,0.478757,514445244,0.017726787665437893
2014-09-05,0.478308,0.480402,0.474142,0.477339,265462121,-0.0029618365893344656
2014-09-08,0.476829,0.477809,0.471047,0.472984,333969686,-0.009123495042307472
2014-09-09,0.470787,0.473882,0.466525,0.467024,207720830,-0.012600849077347265
2014-09-10,0.469619,0.470318,0.464177,0.468651,180302920,0.0034837610058584545
2014-09-11,0.467024,0.467024,0.458934,0.463927,262246639,-0.010079995561729338
2014-09-12,0.462698,0.466774,0.456349,0.457078,274606849,-0.014763098504721683
2014-09-15,0.458486,0.459183,0.448891,0.450807,307680618,-0.013719758990806796
2014-09-16,0.449589,0.459883,0.448142,0.457537,230046982,0.014928783270889756
2014-09-17,0.456349,0.461979,0.454184,0.457787,181564931,0.0005464038973896912
2014-09-18,0.460083,0.465097,0.459183,0.464627,229701548,0.014941446567945382
2014-09-19,0.466055,0.466525,0.455402,0.456099,628963597,-0.01835450802471672
2014-09-22,0.465327,0.465327,0.451027,0.451525,231646236,-0.010028524508933323
2014-09-23,0.44911,0.454684,0.447402,0.449589,205162267,-0.004287691711422403
2014-09-24,0.449359,0.453724,0.448891,0.452284,166936300,0.005994363741105735
2014-09-25,0.451785,0.453004,0.441412,0.44241,312161195,-0.02183141565918756
2014-09-26,0.442908,0.446723,0.441911,0.443278,252277161,0.0019619809678803612
2014-09-29,0.439752,0.445774,0.435451,0.44241,218131515,-0.0019581391361628286
2014-09-30,0.440682,0.444147,0.4357,0.440932,289950135,-0.0033407924775661346
2014-10-01,0.440932,0.444845,0.435451,0.43667,367113709,-0.009665889524915428
2014-10-02,0.43595,0.438147,0.424667,0.434752,302281542,-0.004392332882955041
2014-10-03,0.437398,0.443407,0.4357,0.4357,250133787,0.0021805535109671315
2014-10-06,0.437398,0.440932,0.430238,0.433172,208181917,-0.005802157447785117
2014-10-07,0.431207,0.435332,0.427961,0.42841,315777805,-0.010993323668196386
2014-10-08,0.428081,0.438615,0.424667,0.43643,272133152,0.018720384678228674
2014-10-09,0.434502,0.434872,0.424457,0.428081,321068139,-0.01913021561304218
2014-10-10,0.424667,0.426166,0.4025,0.4025,723164292,-0.059757382364552414
2014-10-13,0.405394,0.413484,0.400821,0.401191,415910961,-0.0032521739130434435
2014-10-14,0.406833,0.42178,0.404385,0.410458,393935251,0.02309872355062792
2014-10-15,0.404635,0.419034,0.40202,0.416857,423023480,0.015589902011898804
2014-10-16,0.409408,0.42178,0.40849,0.417087,367261099,0.0005517479615311238
2014-10-17,0.422029,0.426863,0.414673,0.416367,304108184,-0.0017262585503743377
2014-10-20,0.416367,0.423698,0.413484,0.420003,209547022,0.008732680543847238
2014-10-21,0.422978,0.438395,0.42178,0.437897,367262221,0.042604457587207545
2014-10-22,0.437168,0.438615,0.427582,0.427582,250529056,-0.023555767680527584
2014-10-23,0.434972,0.440202,0.431956,0.437048,224335691,0.022138443620171033
2014-10-24,0.439752,0.444346,0.437048,0.441652,219816286,0.010534312020647585
2014-10-27,0.441412,0.443647,0.43667,0.441911,151783068,0.0005864345683932459
2014-10-28,0.440682,0.453104,0.440202,0.452524,201432309,0.02401614804790997
2014-10-29,0.450557,0.453224,0.445544,0.449459,176079907,-0.006773121425603934
2014-10-30,0.448402,0.450307,0.440932,0.446723,178085926,-0.00608731830934528
2014-10-31,0.457078,0.467253,0.454684,0.467024,268116086,0.04544426859597572
2014-11-03,0.477809,0.479404,0.472484,0.47488,322989382,0.01682140532392351
2014-11-04,0.472035,0.482789,0.470069,0.481051,376756159,0.012994861859838336
2014-11-05,0.484018,0.484018,0.477559,0.481051,351082569,0.0
2014-11-06,0.482041,0.484018,0.474641,0.483289,412153341,0.004652313372178973
2014-11-07,0.488781,0.494502,0.468152,0.472984,471512172,-0.021322645456445355
2014-11-10,0.472984,0.481541,0.471287,0.478557,306875548,0.011782639581888521
2014-11-11,0.47561,0.478308,0.468392,0.472744,222783418,-0.012146933385155823
2014-11-12,0.471047,0.472265,0.463177,0.469619,213976343,-0.006610343018631615
2014-11-13,0.471287,0.472015,0.463427,0.467253,235656041,-0.005038126651604857
2014-11-14,0.467723,0.472984,0.463177,0.472744,167608562,0.011751663445713545
2014-11-17,0.470787,0.475839,0.467723,0.470667,166029879,-0.004393498383903349
2014-11-18,0.471047,0.483289,0.469819,0.482041,217325033,0.024165705265081217
2014-11-19,0.481181,0.483888,0.47523,0.480272,250286615,-0.0036698123188692033
2014-11-20,0.476939,0.488681,0.47548,0.488181,230154453,0.01646775160742253
2014-11-21,0.492476,0.493224,0.486762,0.490948,207248867,0.005667979704249149
2014-11-24,0.491976,0.49617,0.490099,0.493943,141658489,0.0061004424093793475
2014-11-25,0.492725,0.497338,0.491976,0.493723,198148886,-0.0004453955213455929
2014-11-26,0.491976,0.502561,0.490608,0.501971,228379968,0.01670572365476164
2014-11-28,0.503787,0.506203,0.499235,0.503308,130020425,0.002663500481103531
2014-12-01,0.501142,0.504037,0.493224,0.493943,197960835,-0.018606896770963166
2014-12-02,0.494172,0.496849,0.488931,0.494672,256175842,0.0014758787957314112
2014-12-03,0.497099,0.507662,0.495671,0.507432,296281660,0.02579487013617099
2014-12-04,0.506703,0.5086,0.499484,0.50281,194389263,-0.00910860962651161
2014-12-05,0.50307,0.508361,0.50281,0.505736,172568374,0.005819295558958659
2014-12-08,0.504737,0.510077,0.495171,0.499235,236507470,-0.012854532799721596
2014-12-09,0.49617,0.498725,0.488681,0.497567,249401185,-0.003341111901208893
2014-12-10,0.49617,0.498016,0.486034,0.486512,213223941,-0.02221811333951007
2014-12-11,0.489409,0.492725,0.485306,0.486253,141291052,-0.00053236096951359
2014-12-12,0.479772,0.484138,0.470618,0.471117,337612585,-0.031127828517253375
2014-12-15,0.476689,0.485306,0.468252,0.469669,265284256,-0.0030735464863292927
2014-12-16,0.469189,0.476689,0.464227,0.464297,192991319,-0.01143784239538903
2014-12-17,0.473782,0.484138,0.458506,0.483388,359963504,0.041118077437502176
2014-12-18,0.489409,0.495171,0.480702,0.485306,235558636,0.003967827087143272
2014-12-19,0.488681,0.491976,0.484138,0.490099,339061063,0.00987624303017065
2014-12-22,0.489649,0.498725,0.487931,0.498725,155167031,0.017600525608091333
2014-12-23,0.502561,0.504987,0.495041,0.495671,113821995,-0.006123615218807998
2014-12-24,0.496849,0.497467,0.493224,0.493723,47542511,-0.003930026166549916
2014-12-26,0.493723,0.496849,0.492476,0.494172,54832415,0.0009094168187424589
2014-12-29,0.492725,0.496849,0.490348,0.493474,86784662,-0.001412463676614517
2014-12-30,0.490099,0.492476,0.488181,0.488931,116772853,-0.009206158784454743
2014-12-31,0.489649,0.492226,0.479772,0.481181,173231952,-0.01585090738774997
2015-01-02,0.483159,0.486762,0.47548,0.483159,118406027,0.004110719251175787
2015-01-05,0.483159,0.484637,0.472814,0.47498,206168066,-0.016928174783042427
2015-01-06,0.47568,0.476179,0.460103,0.460533,205985705,-0.030416017516527005
2015-01-07,0.463977,0.467992,0.458036,0.459303,335184616,-0.002670818377836115
2015-01-08,0.464677,0.479533,0.464427,0.476689,295577911,0.03785300770950761
2015-01-09,0.478408,0.482161,0.471866,0.478657,218254458,0.00412847789649029
2015-01-12,0.479772,0.479902,0.468222,0.472564,198660808,-0.012729365704460593
2015-01-13,0.476179,0.485785,0.468591,0.471746,246558449,-0.0017309824700992849
2015-01-14,0.467523,0.47523,0.465626,0.473782,161715269,0.004315881851674419
2015-01-15,0.477179,0.480032,0.470148,0.470368,196802589,-0.007205845726515503
2015-01-16,0.469669,0.479533,0.468222,0.479037,189057267,0.018430250357167166
2015-01-20,0.481661,0.485087,0.474482,0.480502,131511798,0.0030582188849712644
2015-01-21,0.477909,0.488431,0.474482,0.487212,147402970,0.013964562062176666
2015-01-22,0.487931,0.496969,0.483159,0.495671,158446118,0.017362051837803705
2015-01-23,0.49617,0.497917,0.491976,0.497338,118284686,0.003363117874557897
2015-01-26,0.494921,0.497338,0.491726,0.494801,138760230,-0.0051011585682172456
2015-01-27,0.487212,0.487682,0.470148,0.471117,372820103,-0.04786570762791498
2015-01-28,0.476939,0.478837,0.463227,0.463477,285701323,-0.016216778422345257
2015-01-29,0.463977,0.477439,0.461531,0.474741,245124202,0.024303255609231966
2015-01-30,0.471367,0.476939,0.460103,0.460781,310586268,-0.029405507424048127
2015-02-02,0.463727,0.472814,0.454684,0.470867,270395042,0.021888923371406355
2015-02-03,0.474242,0.483159,0.471866,0.482659,191093331,0.025043165055100625
2015-02-04,0.481181,0.489409,0.479772,0.483888,189060251,0.0025463111637822333
2015-02-05,0.484387,0.491976,0.483888,0.491726,146286086,0.01619796316502997
2015-02-06,0.491278,0.497099,0.487432,0.489649,219274168,-0.00422389704835624
2015-02-09,0.486762,0.490608,0.483638,0.489179,285356238,-0.0009598712547151944
2015-02-10,0.489649,0.50307,0.487432,0.50281,235606127,0.027865055531819616
2015-02-11,0.504037,0.504037,0.49617,0.499484,333635357,-0.00661482468526875
2015-02-12,0.537648,0.540115,0.524908,0.535252,705037548,0.07160990141826362
2015-02-13,0.534112,0.536249,0.525877,0.535512,322975922,0.00048575250536209147
2015-02-17,0.535512,0.539865,0.531217,0.537108,211787070,0.0029803253708600153
2015-02-18,0.536979,0.537458,0.529997,0.530957,178063753,-0.011452072953670456
2015-02-19,0.537648,0.538637,0.529997,0.532185,176470719,0.0023128049917413573
2015-02-20,0.531935,0.536509,0.528052,0.536002,164310357,0.007172317896971814
2015-02-23,0.536002,0.536002,0.529251,0.531935,130218381,-0.007587658255006402
2015-02-24,0.533982,0.537548,0.529121,0.537548,154943588,0.010552041132845247
2015-02-25,0.535412,0.537798,0.530837,0.533512,128452769,-0.007508166712554165
2015-02-26,0.533982,0.537918,0.530587,0.534912,158578535,0.0026241209194921566
2015-02-27,0.533512,0.534682,0.529649,0.531556,163408423,-0.006273929169657855
2015-03-02,0.530117,0.547442,0.52937,0.544228,312836782,0.023839444950296995
2015-03-03,0.540264,0.54303,0.532814,0.534432,166368734,-0.017999808903621295
2015-03-04,0.532554,0.541662,0.530337,0.540494,235359109,0.011342883659661185
2015-03-05,0.540494,0.551737,0.539017,0.550808,335194481,0.01908254300695278
2015-03-06,0.547692,0.550309,0.542591,0.543289,267063137,-0.013650854744302832
2015-03-09,0.543539,0.548871,0.542331,0.544716,230739815,0.0026265946853332167
2015-03-10,0.547442,0.557717,0.546213,0.554183,547017075,0.01737969877881329
2015-03-11,0.554183,0.561383,0.54981,0.551268,271964661,-0.0052599953444981695
2015-03-12,0.545713,0.55006,0.535912,0.546213,422259311,-0.009169768606195228
2015-03-13,0.543539,0.548412,0.536151,0.546972,372783709,0.0013895678059658856
2015-03-16,0.551268,0.556767,0.547692,0.553464,245855161,0.011868980496259285
2015-03-17,0.551737,0.560414,0.548412,0.560184,311209817,0.012141711114002085
2015-03-18,0.560184,0.563061,0.545973,0.551038,429389487,-0.01632677834425833
2015-03-19,0.552985,0.561383,0.548871,0.559466,322428106,0.015294770959534576
2015-03-20,0.56406,0.5686,0.558717,0.565505,479446366,0.010794221632771217
2015-03-23,0.548672,0.5558,0.546972,0.547212,442014692,-0.03234807826632835
2015-03-24,0.545475,0.549341,0.537348,0.539766,342897270,-0.013607157737768993
2015-03-25,0.538797,0.539517,0.505267,0.506983,562937711,-0.06073557800973017
2015-03-26,0.4966,0.507462,0.492945,0.505267,323635926,-0.0033847288765105343
2015-03-27,0.508131,0.517149,0.499984,0.515222,330243132,0.019702454345919884
2015-03-30,0.517615,0.519944,0.510877,0.517368,262763409,0.004165194809228057
2015-03-31,0.512795,0.51639,0.503807,0.504157,370701987,-0.025535015694824748
2015-04-01,0.504767,0.507931,0.497567,0.506233,343196226,0.004117764902599852
2015-04-02,0.509877,0.510627,0.50307,0.507462,199421712,0.002427735844956702
2015-04-06,0.505007,0.523778,0.499984,0.522109,535242888,0.028863244932625598
2015-04-07,0.522109,0.532554,0.519245,0.526724,429516867,0.008839150445596466
2015-04-08,0.527233,0.532554,0.522109,0.530587,380196076,0.007334011740494084
2015-04-09,0.526475,0.544476,0.526236,0.542591,393689835,0.022623999457205057
2015-04-10,0.543289,0.548672,0.541412,0.548412,268449453,0.010728154355674757
2015-04-13,0.547212,0.550309,0.540934,0.543289,245618648,-0.009341516961700269
2015-04-14,0.541162,0.543289,0.533512,0.538797,228548339,-0.008268159303796097
2015-04-15,0.540264,0.549241,0.537548,0.545215,248551129,0.01191172185442757
2015-04-16,0.542091,0.546722,0.538038,0.541891,161116938,-0.0060966774575167415
2015-04-17,0.531556,0.540264,0.530337,0.534912,304668990,-0.012878973815767303
2015-04-20,0.537798,0.540694,0.531337,0.532315,240328955,-0.004855004187604872
2015-04-21,0.538797,0.538797,0.528871,0.531556,238417447,-0.0014258474775272756
2015-04-22,0.534682,0.538298,0.526475,0.537548,215212775,0.011272565825613867
2015-04-23,0.527653,0.540494,0.521611,0.535412,269121755,-0.003973598636772935
2015-04-24,0.535152,0.535412,0.524758,0.530837,250012637,-0.008544821557977755
2015-04-27,0.532554,0.544228,0.527902,0.534912,257787213,0.007676556080303376
2015-04-28,0.533982,0.539397,0.528871,0.537478,243294715,0.004797050729839603
2015-04-29,0.533732,0.539017,0.531337,0.533512,202488753,-0.007378906671528962
2015-04-30,0.530837,0.537548,0.529629,0.534682,227062615,0.0021930153398610486
2015-05-01,0.539267,0.54981,0.536879,0.548172,266619085,0.025229949764532966
2015-05-04,0.546972,0.551268,0.54303,0.544716,208261847,-0.00630459052997967
2015-05-05,0.542831,0.543539,0.528372,0.530837,303930219,-0.025479332349334305
2015-05-06,0.536151,0.538797,0.525507,0.532554,328334448,0.003234514549663947
2015-05-07,0.530337,0.543539,0.528632,0.541891,554353528,0.017532494357379802
2015-05-08,0.506233,0.526236,0.493704,0.501872,1189628061,-0.07385064524046359
2015-05-11,0.494901,0.502091,0.491028,0.497069,564589512,-0.009570169286192476
2015-05-12,0.493444,0.505984,0.493204,0.501872,403408448,0.009662642409806299
2015-05-13,0.505506,0.509378,0.499984,0.504767,320115189,0.005768403098798114
2015-05-14,0.506233,0.515671,0.505007,0.513055,304058860,0.016419456897935225
2015-05-15,0.515222,0.517615,0.510127,0.513305,223934213,0.00048727719250374335
2015-05-18,0.512077,0.515671,0.509628,0.512577,337182113,-0.001418260098771773
2015-05-19,0.513255,0.514923,0.508301,0.509309,262138257,-0.006375627466702394
2015-05-20,0.509558,0.515621,0.5088,0.509309,203282476,0.0
2015-05-21,0.509558,0.511757,0.505167,0.505666,247553953,-0.007152828636446729
2015-05-22,0.506633,0.50856,0.503707,0.504907,219585342,-0.0015009907725651583
2015-05-26,0.502471,0.505885,0.497997,0.501762,268254873,-0.006228869871085063
2015-05-27,0.505167,0.530857,0.503467,0.528652,446515890,0.053591144805704705
2015-05-28,0.528652,0.537598,0.527653,0.535952,338410123,0.01380870591617911
2015-05-29,0.535952,0.539337,0.534952,0.535712,346167283,-0.0004478012956384836
2015-06-01,0.539097,0.547072,0.535712,0.541712,384889991,0.01120004778687056
2015-06-02,0.538338,0.541232,0.530617,0.530987,231660187,-0.019798343030983268
2015-06-03,0.532584,0.536679,0.524278,0.525258,259014121,-0.010789341358639626
2015-06-04,0.522079,0.536449,0.522079,0.534732,334331365,0.018036850462058718
2015-06-05,0.533053,0.541232,0.527453,0.538837,323602366,0.007676742742158682
2015-06-08,0.537408,0.540764,0.520413,0.526475,354062199,-0.022942002869142164
2015-06-09,0.526973,0.533053,0.525977,0.529151,265305257,0.005082862434113711
2015-06-10,0.522838,0.526236,0.516849,0.519684,546816045,-0.017890923384818347
2015-06-11,0.519684,0.528901,0.519684,0.525258,292340947,0.010725748724224715
2015-06-12,0.521841,0.525008,0.509797,0.511027,334347869,-0.027093352219290323
2015-06-15,0.508301,0.512507,0.504407,0.510057,316604096,-0.0018981384545240232
2015-06-16,0.50856,0.517089,0.503967,0.51635,265318517,0.012337836751578735
2015-06-17,0.51612,0.525258,0.514923,0.522339,241208356,0.011598721797230649
2015-06-18,0.526724,0.534482,0.525258,0.531117,309225530,0.016805178246311225
2015-06-19,0.531117,0.535452,0.524538,0.5294,367327728,-0.0032328093433272587
2015-06-22,0.530357,0.533312,0.519215,0.526973,531112062,-0.004584435209671223
2015-06-23,0.528152,0.532335,0.509558,0.513754,427653710,-0.025084776639410333
2015-06-24,0.512995,0.515621,0.506133,0.50856,261683089,-0.01010989695457365
2015-06-25,0.511757,0.515621,0.50856,0.512507,361961361,0.007761129463583538
2015-06-26,0.508301,0.512507,0.499854,0.501991,435117814,-0.020518744134226607
2015-06-29,0.49624,0.501272,0.486283,0.487012,404575237,-0.029839180383712027
2015-06-30,0.489909,0.492046,0.483359,0.486782,326281919,-0.00047226762379570797
2015-07-01,0.498855,0.505885,0.489429,0.493773,312861118,0.014361664975286681
2015-07-02,0.493544,0.497437,0.491108,0.494242,150547727,0.0009498291725145158
2015-07-06,0.490129,0.496939,0.484367,0.488211,221824439,-0.012202524269487425
2015-07-07,0.485306,0.487232,0.463777,0.479007,613753901,-0.018852504347505517
2015-07-08,0.476359,0.479225,0.471746,0.47561,343399509,-0.007091754400248895
2015-07-09,0.483139,0.485306,0.466924,0.469769,369323262,-0.012281070625091983
2015-07-10,0.475859,0.48239,0.474641,0.478078,223819752,0.017687416581340987
2015-07-13,0.482889,0.483858,0.478078,0.481151,219440576,0.006427821401528533
2015-07-14,0.481891,0.48239,0.47514,0.481391,257395880,0.00049880390979129
2015-07-15,0.480232,0.483359,0.473682,0.478078,274413210,-0.0068821394666706
2015-07-16,0.480902,0.488711,0.479225,0.488711,292171635,0.022241140567020423
2015-07-17,0.487012,0.487452,0.479474,0.485785,227604082,-0.00598717851654651
2015-07-20,0.485785,0.487702,0.47561,0.476859,194591144,-0.01837438372942768
2015-07-21,0.475859,0.485785,0.475859,0.479007,154633426,0.004504476165910765
2015-07-22,0.47561,0.47561,0.464027,0.469769,368170494,-0.019285730688695657
2015-07-23,0.470747,0.482639,0.469769,0.47561,175488125,0.012433770640463582
2015-07-24,0.479007,0.479474,0.468092,0.469989,195037318,-0.011818506759740055
2015-07-27,0.465925,0.472714,0.462059,0.467393,198734739,-0.005523533529508073
2015-07-28,0.468571,0.480652,0.463777,0.477579,204815991,0.02179322326179456
2015-07-29,0.476609,0.487232,0.474641,0.483359,240317358,0.012102709708760262
2015-07-30,0.482141,0.489429,0.482141,0.484617,196417025,0.0026026204125713104
2015-07-31,0.486532,0.486782,0.479972,0.482889,225534347,-0.0035657024000396165
2015-08-03,0.486782,0.491546,0.480472,0.491108,410164106,0.017020474684658282
2015-08-04,0.489429,0.494502,0.487452,0.493045,268635900,0.003944142632577918
2015-08-05,0.505167,0.505666,0.496939,0.498126,242323918,0.010305347382084884
2015-08-06,0.496939,0.500554,0.486782,0.495001,674262996,-0.006273513127200703
2015-08-07,0.543588,0.565705,0.529649,0.556199,1451360704,0.12363207347055849
2015-08-10,0.552366,0.579734,0.548971,0.575591,684039185,0.03486521910323459
2015-08-11,0.567132,0.578238,0.567132,0.572727,449243024,-0.004975755354062139
2015-08-12,0.56348,0.578238,0.56348,0.574193,396684748,0.002559683758579512
2015-08-13,0.574891,0.576091,0.567831,0.56928,285970704,-0.008556356486407735
2015-08-14,0.56877,0.573226,0.565455,0.569769,221692191,0.0008589797639122487
2015-08-17,0.56877,0.56877,0.559116,0.566155,282863984,-0.006342921429561832
2015-08-18,0.564408,0.568251,0.556597,0.561013,295265255,-0.00908231844636187
2015-08-19,0.560264,0.566573,0.552735,0.558766,256379255,-0.004005254780192202
2015-08-20,0.552486,0.555162,0.536002,0.538667,439104846,-0.03597033463023869
2015-08-21,0.534782,0.543688,0.521342,0.521841,393574663,-0.03123636680917896
2015-08-24,0.492176,0.530637,0.486134,0.503388,701697451,-0.03536134569725269
2015-08-25,0.524278,0.527473,0.492925,0.492925,640438178,-0.020785159757483185
2015-08-26,0.508999,0.530637,0.505087,0.530137,632510453,0.0754922148399857
2015-08-27,0.535752,0.550309,0.532634,0.55006,476982894,0.0375808517420968
2015-08-28,0.55006,0.55586,0.546173,0.552486,330094851,0.004410427953314144
2015-08-31,0.54981,0.553704,0.544188,0.546412,225606214,-0.010993943737940937
2015-09-01,0.530637,0.539666,0.520164,0.524038,363484441,-0.04094712414807877
2015-09-02,0.538417,0.540165,0.52943,0.539915,353849362,0.03029742117938028
2015-09-03,0.547872,0.550568,0.540394,0.541312,270042006,0.0025874443199391806
2015-09-04,0.532135,0.540594,0.528432,0.528672,296219828,-0.023350673918183906
2015-09-08,0.541562,0.553464,0.539417,0.551268,245246774,0.04274105683675322
2015-09-09,0.552985,0.557547,0.539167,0.540394,297643159,-0.019725433001734127
2015-09-10,0.537228,0.55563,0.534652,0.548841,367256973,0.015631187614962405
2015-09-11,0.542731,0.554183,0.540594,0.550568,310182977,0.003146630809287121
2015-09-14,0.553204,0.554903,0.548612,0.551518,197951662,0.0017254907658998953
2015-09-15,0.551737,0.560513,0.55006,0.557547,337327319,0.010931646836549458
2015-09-16,0.556597,0.564656,0.552486,0.561483,178451050,0.007059494535886612
2015-09-17,0.571228,0.576319,0.565405,0.566573,276372390,0.009065278913163999
2015-09-18,0.558766,0.570968,0.55538,0.566105,335714616,-0.0008260188890046871
2015-09-21,0.566833,0.573197,0.56391,0.571968,289900501,0.010356735941212447
2015-09-22,0.559516,0.56341,0.553204,0.556359,234866955,-0.02728998825109097
2015-09-23,0.556817,0.562442,0.554663,0.559016,166242546,0.004775693392216063
2015-09-24,0.55563,0.575561,0.546912,0.569729,393329087,0.019164031083189093
2015-09-25,0.576788,0.585048,0.568251,0.573924,380228714,0.0073631498484365565
2015-09-28,0.573924,0.577258,0.562662,0.566334,406861354,-0.01322474752754721
2015-09-29,0.572447,0.577258,0.564408,0.576319,391587562,0.01763093863338594
2015-09-30,0.581612,0.599936,0.578238,0.599187,572243729,0.039679413658060936
2015-10-01,0.599187,0.600864,0.570468,0.587524,503246955,-0.019464708012690513
2015-10-02,0.584299,0.60283,0.578238,0.60283,397153857,0.02605170171771687
2015-10-05,0.606776,0.625377,0.603557,0.617887,495766337,0.02497719091617867
2015-10-06,0.611388,0.628541,0.608921,0.625877,467376639,0.012931167025685975
2015-10-07,0.627342,0.638746,0.617157,0.632456,318995049,0.010511650052646093
2015-10-08,0.629771,0.637798,0.619136,0.636051,473185595,0.005684189888308433
2015-10-09,0.632704,0.638746,0.621702,0.633624,435315839,-0.0038157317573591643
2015-10-12,0.634353,0.644139,0.629771,0.640473,234078160,0.010809249649634367
2015-10-13,0.635302,0.645587,0.633154,0.641693,306949258,0.001904842202559598
2015-10-14,0.642392,0.675261,0.641693,0.664997,629642970,0.03631643168929699
2015-10-15,0.666225,0.680425,0.659437,0.666665,541042821,0.002508281992249506
2015-10-16,0.668862,0.683581,0.667165,0.677209,461176679,0.015816039540098803
2015-10-19,0.679426,0.682502,0.668143,0.67599,303114163,-0.0018000351442464257
2015-10-20,0.673087,0.678186,0.667923,0.675011,272375333,-0.0014482462758323988
2015-10-21,0.679186,0.683321,0.664997,0.666225,397705089,-0.01301608418233191
2015-10-22,0.674072,0.692485,0.673087,0.69034,315629854,0.03619648016811139
2015-10-23,0.696372,0.699546,0.685996,0.694893,392657336,0.006595300866239828
2015-10-26,0.695393,0.697091,0.685546,0.691737,254490931,-0.0045417064209885005
2015-10-27,0.688372,0.695622,0.687874,0.691288,214202039,-0.0006490906225921078
2015-10-28,0.695622,0.696852,0.685546,0.696852,223220088,0.008048743794192958
2015-10-29,0.685776,0.692735,0.671588,0.672837,336492205,-0.03446212395171433
2015-10-30,0.680185,0.694423,0.675011,0.68959,309742691,0.02489904687167921
2015-11-02,0.691737,0.698317,0.687644,0.697568,195507830,0.0115691932887656
2015-11-03,0.693474,0.697319,0.685049,0.692735,387511728,-0.006928356805357971
2015-11-04,0.690809,0.695872,0.678186,0.681423,454870731,-0.016329476639696305
2015-11-05,0.684799,0.686696,0.671588,0.673585,492447571,-0.011502400124445478
2015-11-06,0.740155,0.776373,0.724857,0.766897,1205692110,0.1385304007660504
2015-11-09,0.759346,0.765667,0.752777,0.76348,506613232,-0.004455617899144171
2015-11-10,0.753537,0.75767,0.732837,0.74888,568002178,-0.019122963273432214
2015-11-11,0.74938,0.754755,0.738896,0.741573,637805194,-0.009757237474628755
2015-11-12,0.739895,0.746716,0.735761,0.738896,299379347,-0.0036098941034801157
2015-11-13,0.739655,0.742752,0.720694,0.72436,301292488,-0.01967259262467247
2015-11-16,0.733805,0.739395,0.728054,0.738896,354096310,0.020067369816113567
2015-11-17,0.740854,0.745217,0.735761,0.738896,264376994,0.0
2015-11-18,0.741953,0.758129,0.733905,0.75713,358834791,0.024677356488599145
2015-11-19,0.759795,0.766867,0.753706,0.759296,260327649,0.0028608032966597197
2015-11-20,0.764938,0.770311,0.760295,0.765897,245642764,0.008693579315576683
2015-11-23,0.772208,0.772208,0.751738,0.754435,248520022,-0.014965458801901699
2015-11-24,0.754435,0.767117,0.751039,0.760545,173283189,0.008098775905147626
2015-11-25,0.759066,0.768092,0.75687,0.759546,141701023,-0.0013135317436837601
2015-11-27,0.761044,0.768331,0.75713,0.765897,89150288,0.008361573887559093
2015-11-30,0.766617,0.77737,0.765897,0.773925,335297154,0.010481827190862436
2015-12-01,0.780784,0.799796,0.780084,0.799046,419579738,0.03245921762444692
2015-12-02,0.800276,0.808573,0.791339,0.792936,301476612,-0.0076466185926717944
2015-12-03,0.799296,0.807604,0.787394,0.791339,252723056,-0.0020140339195091617
2015-12-04,0.791339,0.824968,0.791339,0.823471,470051335,0.040604595502053975
2015-12-07,0.823241,0.823241,0.805439,0.807844,341797241,-0.01897698886785315
2015-12-08,0.797849,0.822241,0.792706,0.818809,322232414,0.013573165116037345
2015-12-09,0.81856,0.823471,0.789852,0.798069,381847767,-0.025329472441069867
2015-12-10,0.800526,0.809043,0.797849,0.80469,242421364,0.008296275134104913
2015-12-11,0.796602,0.802222,0.791079,0.792706,232916969,-0.014892691595521201
2015-12-14,0.793436,0.799046,0.785179,0.794655,283119275,0.0024586668954189594
2015-12-15,0.80369,0.810021,0.799296,0.80444,314858084,0.012313519703519127
2015-12-16,0.806147,0.811998,0.799046,0.809302,242171381,0.0060439560439560225
2015-12-17,0.810519,0.818809,0.796602,0.797101,260417723,-0.015075954340901143
2015-12-18,0.791557,0.799546,0.78318,0.78418,405643529,-0.016209990954722087
2015-12-21,0.792706,0.80344,0.785657,0.802721,291209762,0.023643806268969003
2015-12-22,0.805189,0.811499,0.798568,0.80344,133207595,0.0008957034885097581
2015-12-23,0.80469,0.809801,0.803191,0.806655,125540669,0.0040015433635367526
2015-12-24,0.80419,0.811239,0.802961,0.809302,53740588,0.0032814524177002813
2015-12-28,0.800765,0.808573,0.789622,0.808573,145525062,-0.0009007762244501727
2015-12-29,0.809043,0.82421,0.806904,0.821744,208674942,0.016289190957402777
2015-12-30,0.820994,0.828134,0.814435,0.814695,163093734,-0.008578097314978939
2015-12-31,0.813466,0.817091,0.80419,0.80419,138162850,-0.012894396062330005
2016-01-04,0.787894,0.794874,0.781733,0.789852,334396382,-0.01782911998408332
2016-01-05,0.80469,0.815942,0.792936,0.802462,409964669,0.015965016230888862
2016-01-06,0.789392,0.792936,0.760295,0.769331,402251715,-0.041286690210876054
2016-01-07,0.75004,0.755254,0.729103,0.738777,586979770,-0.039715025132225246
2016-01-08,0.748343,0.74906,0.721362,0.72296,378002116,-0.02140970820694199
2016-01-11,0.72369,0.729322,0.711237,0.72419,419483895,0.0017013389399136436
2016-01-12,0.737079,0.747116,0.731249,0.73636,449925952,0.01680498211795256
2016-01-13,0.741953,0.746866,0.713235,0.713934,464089740,-0.030455212124504416
2016-01-14,0.699267,0.707605,0.678826,0.699516,559394681,-0.02019514408894929
2016-01-15,0.671458,0.679586,0.64998,0.661433,798563047,-0.054441928419078356
2016-01-19,0.675131,0.694124,0.664127,0.666765,468395517,0.008061285118825312
2016-01-20,0.654213,0.679086,0.645367,0.670461,451220501,0.005543182380598699
2016-01-21,0.677827,0.688792,0.663868,0.678326,379668439,0.011730734524454167
2016-01-22,0.691238,0.698787,0.68977,0.694124,227333609,0.023289686669831333
2016-01-25,0.693894,0.701841,0.691807,0.693424,250308688,-0.00100846534624921
2016-01-26,0.694873,0.703161,0.687674,0.700264,196272018,0.009864094695309022
2016-01-27,0.699267,0.701342,0.678706,0.691937,207306162,-0.01189122959341049
2016-01-28,0.697549,0.700016,0.67096,0.684479,261016766,-0.010778437921371564
2016-01-29,0.69027,0.715931,0.687574,0.714653,290991607,0.04408316398311718
2016-02-01,0.713934,0.718508,0.707824,0.714913,271077810,0.0003638129273928481
2016-02-02,0.707605,0.711237,0.679825,0.684719,317314815,-0.0422345096536223
2016-02-03,0.69001,0.694124,0.672217,0.688043,272900476,0.0048545461714950555
2016-02-04,0.689012,0.703909,0.681582,0.688292,310796872,0.0003618959861522164
2016-02-05,0.683721,0.691238,0.64289,0.644868,552101882,-0.06308950271105873
2016-02-08,0.635082,0.638248,0.606376,0.61539,562575631,-0.04571168052996888
2016-02-09,0.608072,0.647784,0.605126,0.621882,385907167,0.010549407692682866
2016-02-10,0.625807,0.643889,0.617057,0.620514,323910975,-0.002199774233697105
2016-02-11,0.604626,0.62361,0.604626,0.617287,299427448,-0.0052005273047828204
2016-02-12,0.627043,0.628971,0.603876,0.627802,307993344,0.017034215850973533
2016-02-16,0.636781,0.659507,0.634832,0.658508,415661128,0.04891032522992922
2016-02-17,0.666765,0.681323,0.664127,0.674901,682089439,0.024894154664787616
2016-02-18,0.730281,0.755803,0.729552,0.732907,1018990264,0.08594742043647874
2016-02-19,0.729103,0.74931,0.72343,0.742672,463637035,0.013323654979417565
2016-02-22,0.753457,0.777608,0.751977,0.769091,416075165,0.035572904323846855
2016-02-23,0.762951,0.778367,0.759296,0.77101,353748632,0.00249515336936712
2016-02-24,0.767833,0.777568,0.746616,0.776393,320941901,0.006981751209452547
2016-02-25,0.779365,0.781982,0.764209,0.778108,332377813,0.002208932847153511
2016-02-26,0.781733,0.7836,0.765168,0.772957,337790289,-0.006619903663758753
2016-02-29,0.774055,0.7841,0.767467,0.767932,267058530,-0.006501008464895319
2016-03-01,0.769931,0.801942,0.768691,0.801942,310158921,0.04428777548012075
2016-03-02,0.797569,0.809552,0.796072,0.806655,221523059,0.0058769836222569705
2016-03-03,0.805647,0.809043,0.788823,0.799526,207787570,-0.00883773112421049
2016-03-04,0.805647,0.806407,0.791039,0.797071,164096288,-0.003070569312317528
2016-03-07,0.792656,0.798049,0.781534,0.791936,184693173,-0.00644233700636454
2016-03-08,0.78386,0.788573,0.774915,0.777509,223214470,-0.018217381202521366
2016-03-09,0.78436,0.785458,0.766967,0.777012,212620773,-0.0006392208964782764
2016-03-10,0.781634,0.786077,0.760125,0.775793,292065347,-0.0015688303398146974
2016-03-11,0.787324,0.789322,0.778008,0.789072,261150615,0.017116679320385852
2016-03-14,0.785359,0.794136,0.781634,0.791039,194292679,0.0024928016708234413
2016-03-15,0.786826,0.791936,0.773057,0.787075,230945211,-0.005011130930333452
2016-03-16,0.781164,0.813236,0.777509,0.810539,371243664,0.029811644379506452
2016-03-17,0.807604,0.811519,0.792756,0.80369,361070964,-0.0084499326991051
2016-03-18,0.813236,0.838667,0.808104,0.827984,556914494,0.030228073013226497
2016-03-21,0.820605,0.830661,0.811769,0.830431,344841948,0.0029553711182823683
2016-03-22,0.827734,0.834654,0.81861,0.828963,247069120,-0.0017677567431851893
2016-03-23,0.832559,0.849261,0.828963,0.843142,437974021,0.017104502854771386
2016-03-24,0.835522,0.845877,0.832798,0.844381,250074218,0.0014695033576788141
2016-03-28,0.842883,0.856542,0.841914,0.852977,234044961,0.010180238541606101
2016-03-29,0.849261,0.868594,0.847335,0.866617,248362197,0.015991052513725457
2016-03-30,0.869812,0.887675,0.869342,0.875704,358716014,0.010485600905590475
2016-03-31,0.879648,0.881584,0.865618,0.872537,370402300,-0.003616518823712167
2016-04-01,0.867096,0.885737,0.860486,0.885238,290424562,0.014556402765727894
2016-04-04,0.892627,0.89723,0.873286,0.876712,348996390,-0.009631308190565568
2016-04-05,0.868844,0.883531,0.865378,0.875464,305779064,-0.0014235005338126827
2016-04-06,0.8644,0.877201,0.848034,0.876712,433713651,0.0014255297762100216
2016-04-07,0.871059,0.87895,0.8639,0.867595,351015579,-0.010399082024655781
2016-04-08,0.874734,0.880337,0.864519,0.873286,242583205,0.006559512214800778
2016-04-11,0.87845,0.893116,0.875704,0.87869,372106911,0.00618812164628757
2016-04-12,0.881584,0.882811,0.860486,0.877691,267839644,-0.0011369197327839586
2016-04-13,0.881584,0.899978,0.881584,0.899728,341422112,0.025107925226531824
2016-04-14,0.89723,0.905997,0.893585,0.902146,376793275,0.0026874788825066442
2016-04-15,0.901906,0.917321,0.899029,0.909182,414792954,0.0077991810638189385
2016-04-18,0.907494,0.907494,0.89651,0.905239,281773810,-0.004336865446082361
2016-04-19,0.908703,0.91042,0.883531,0.889184,289553423,-0.017735647712924463
2016-04-20,0.887675,0.897979,0.886705,0.892627,189828846,0.003872089466297135
2016-04-21,0.892856,0.89698,0.887675,0.891651,157355332,-0.0010934018352570796
2016-04-22,0.894554,0.900726,0.885108,0.888175,204448744,-0.003898386252019992
2016-04-25,0.888435,0.897479,0.885985,0.892627,176313976,0.005012525684690461
2016-04-26,0.897979,0.908213,0.889403,0.893356,202856701,0.0008166905101461008
2016-04-27,0.891152,0.914097,0.889473,0.913597,341457384,0.022657260935170287
2016-04-28,0.907964,0.913347,0.884239,0.886455,372209974,-0.029708941688731505
2016-04-29,0.882811,0.884738,0.860486,0.870071,300413688,-0.01848260769018162
2016-05-02,0.87845,0.886955,0.874284,0.881584,230111479,0.013232253459775078
2016-05-03,0.871569,0.875204,0.863451,0.871059,185506875,-0.011938737545146072
2016-05-04,0.860486,0.861186,0.842383,0.851229,438661365,-0.022765392470544543
2016-05-05,0.85828,0.866377,0.85001,0.856043,217680763,0.005655352437475614
2016-05-06,0.854955,0.867475,0.853227,0.865119,175242549,0.010602271147594156
2016-05-09,0.867346,0.871059,0.856792,0.8639,298045549,-0.0014090547080806148
2016-05-10,0.869342,0.882064,0.860926,0.880587,252814462,0.01931589304317627
2016-05-11,0.883281,0.892856,0.87845,0.883061,254664659,0.0028094895791102026
2016-05-12,0.889403,0.893356,0.855394,0.871059,591401650,-0.01359136005326922
2016-05-13,0.959669,1.004,0.954975,1.0036,2101226822,0.1521607606373392
2016-05-16,0.995913,1.04813,0.992718,1.03315,981848062,0.029444001594260527
2016-05-17,1.02847,1.04283,1.01539,1.03533,545838749,0.002110051783380973
2016-05-18,1.02847,1.07381,1.02847,1.06182,546171514,0.025586045029120985
2016-05-19,1.05773,1.07411,1.05613,1.06641,401670128,0.004322766570605374
2016-05-20,1.07311,1.08997,1.07141,1.08569,363614565,0.01807935034367647
2016-05-23,1.09017,1.09436,1.08069,1.08739,347776171,0.0015658244987060144
2016-05-24,1.09057,1.11712,1.08769,1.11362,371387288,0.024121980154314437
2016-05-25,1.11712,1.12172,1.10016,1.10896,454046723,-0.004184551283202609
2016-05-26,1.11093,1.12881,1.10776,1.12072,294555518,0.010604530370797782
2016-05-27,1.12192,1.12861,1.11832,1.12691,188350133,0.005523235063173759
2016-05-31,1.13181,1.1494,1.13111,1.14701,317535304,0.01783638444951241
2016-06-01,1.14171,1.16035,1.13821,1.1493,293714004,0.0019964952354381005
2016-06-02,1.15538,1.16725,1.14411,1.15737,292624250,0.007021665361524487
2016-06-03,1.14601,1.1475,1.12102,1.14091,423464157,-0.014221899651796654
2016-06-06,1.14411,1.15298,1.12931,1.13531,304515871,-0.004908362622818685
2016-06-07,1.14211,1.1485,1.13701,1.13751,178091054,0.0019377967251235084
2016-06-08,1.13771,1.14191,1.12442,1.13381,222496180,-0.0032527186574183853
2016-06-09,1.12981,1.16495,1.12741,1.16325,463518889,0.02596554978347343
2016-06-10,1.1495,1.15986,1.13281,1.13431,372729468,-0.024878572963679346
2016-06-13,1.13551,1.17105,1.13551,1.1487,414620417,0.012686126367571493
2016-06-14,1.14601,1.15638,1.13321,1.151,269937670,0.0020022634282230722
2016-06-15,1.16055,1.17284,1.1503,1.16285,275699507,0.01029539530842749
2016-06-16,1.15418,1.16935,1.14291,1.16745,202301244,0.003955798254289267
2016-06-17,1.16885,1.16915,1.14241,1.14701,397004204,-0.017508244464431
2016-06-20,1.16545,1.18264,1.16475,1.16765,265363143,0.017994612078360284
2016-06-21,1.17264,1.17584,1.15886,1.16055,192881005,-0.006080589217659527
2016-06-22,1.16305,1.17065,1.15766,1.15966,167336897,-0.0007668777734695098
2016-06-23,1.17065,1.19183,1.16985,1.19064,270094094,0.02671472673024855
2016-06-24,1.14171,1.16285,1.11213,1.12252,588469580,-0.05721292750117579
2016-06-27,1.11342,1.12192,1.09426,1.11073,414275063,-0.010503153618643735
2016-06-28,1.13181,1.13311,1.11143,1.12671,341284727,0.014386934718608524
2016-06-29,1.13671,1.15418,1.13381,1.14451,295030476,0.015798208944626246
2016-06-30,1.14731,1.16125,1.13801,1.15418,366994892,0.008449030589509965
2016-07-01,1.1477,1.16285,1.14171,1.14551,204378640,-0.007511826578176728
2016-07-05,1.13921,1.16445,1.13011,1.16255,349763953,0.014875470314532402
2016-07-06,1.15448,1.17664,1.1485,1.17015,237025793,0.006537353232119125
2016-07-07,1.17774,1.20461,1.17234,1.20041,365304263,0.025859932487287907
2016-07-08,1.21318,1.25433,1.20848,1.24844,446547127,0.040011329462433576
2016-07-11,1.26631,1.28658,1.26482,1.27719,383954527,0.023028739867354542
2016-07-12,1.29148,1.30814,1.27519,1.29637,410133430,0.01501734276027844
2016-07-13,1.29887,1.30615,1.29398,1.29587,320673601,-0.0003856923563488879
2016-07-14,1.30266,1.32093,1.29198,1.30903,299726504,0.01015533965598392
2016-07-15,1.29238,1.29966,1.2728,1.29398,402838319,-0.011497062710556727
2016-07-18,1.30983,1.31183,1.29557,1.30056,253463439,0.005085086322818011
2016-07-19,1.29976,1.31913,1.29737,1.31403,254929254,0.010357076951467148
2016-07-20,1.31843,1.33821,1.31303,1.33131,271945733,0.01315038469441343
2016-07-21,1.32831,1.33251,1.30216,1.30665,336779914,-0.01852310881763064
2016-07-22,1.31133,1.34221,1.30166,1.34221,278908059,0.02721463283970449
2016-07-25,1.35038,1.37037,1.3445,1.36717,295632873,0.018596195826286577
2016-07-26,1.37916,1.3975,1.37717,1.39043,407235101,0.01701324634098178
2016-07-27,1.40238,1.40488,1.36817,1.37647,436178615,-0.010040059549923375
2016-07-28,1.37966,1.38973,1.37527,1.37946,194141413,0.0021722231505225675
2016-07-29,1.38455,1.40568,1.35978,1.40198,367533184,0.016325228712684714
2016-08-01,1.40788,1.41298,1.38385,1.39293,290186116,-0.006455156278976859
2016-08-02,1.3995,1.4002,1.36267,1.37597,259440677,-0.012175773369803244
2016-08-03,1.37427,1.38236,1.36667,1.37966,265261081,0.002681744514778872
2016-08-04,1.38624,1.41158,1.38355,1.40518,266021875,0.018497310931678834
2016-08-05,1.42128,1.42965,1.41448,1.42885,315536685,0.016844817034116444
2016-08-08,1.44853,1.45203,1.42686,1.44213,263592224,0.009294187633411388
2016-08-09,1.44923,1.45983,1.44213,1.44583,351094146,0.0025656494213419645
2016-08-10,1.45863,1.46083,1.43195,1.43655,332735106,-0.006418458601633592
2016-08-11,1.44413,1.4719,1.44124,1.4657,544577269,0.02029167101736795
2016-08-12,1.51974,1.55598,1.48849,1.54768,1412662012,0.05593231902845064
2016-08-15,1.54938,1.55888,1.52532,1.54618,534354143,-0.000969192597952917
2016-08-16,1.54388,1.54638,1.53221,1.53679,271559578,-0.006073031600460466
2016-08-17,1.53679,1.54029,1.48909,1.50136,543817006,-0.023054548767235672
2016-08-18,1.49907,1.52702,1.49319,1.52452,276478869,0.015426013747535716
2016-08-19,1.52392,1.53999,1.51724,1.52852,281557127,0.002623776664130384
2016-08-22,1.53311,1.53709,1.51505,1.53491,226651112,0.00418051448459944
2016-08-23,1.55048,1.55738,1.54288,1.54728,297019981,0.008059104442605713
2016-08-24,1.55278,1.55348,1.51635,1.52353,260271215,-0.01534951657101491
2016-08-25,1.52402,1.52462,1.49449,1.51345,332965850,-0.006616213661693626
2016-08-26,1.51734,1.53431,1.50525,1.52562,294469450,0.008041230301628843
2016-08-29,1.53181,1.53789,1.52213,1.52462,275452970,-0.0006554712182587075
2016-08-30,1.52273,1.53091,1.51175,1.51585,238979044,-0.0057522530204249245
2016-08-31,1.51884,1.52303,1.50425,1.50875,363306896,-0.004683840749414414
2016-09-01,1.50995,1.55888,1.50875,1.55328,394416538,0.02951449875724932
2016-09-02,1.55638,1.55808,1.52054,1.53789,297308691,-0.009908065512978959
2016-09-06,1.54328,1.55248,1.5354,1.55248,260426556,0.009487024429575719
2016-09-07,1.54758,1.55508,1.52084,1.52981,261691481,-0.01460244254354337
2016-09-08,1.52812,1.54308,1.51075,1.54069,267894045,0.007111994299945801
2016-09-09,1.52373,1.53231,1.45123,1.46401,683460442,-0.049769908287845
2016-09-12,1.44463,1.49707,1.40978,1.49449,512761264,0.020819529921243696
2016-09-13,1.49049,1.50775,1.46431,1.473,372071708,-0.014379487316743544
2016-09-14,1.476,1.49049,1.46381,1.4856,267614959,0.008553971486761736
2016-09-15,1.4881,1.54358,1.4846,1.54189,512970175,0.03789041464728049
2016-09-16,1.54728,1.55568,1.52792,1.54558,847120581,0.002393166827724391
2016-09-19,1.56177,1.6051,1.55468,1.56596,376918301,0.013185988431527296
2016-09-20,1.58393,1.58393,1.54308,1.55178,311956610,-0.009055148279649594
2016-09-21,1.55638,1.5983,1.55618,1.59532,311737133,0.02805810101947448
2016-09-22,1.6046,1.6096,1.59013,1.5993,275354793,0.002494797282049932
2016-09-23,1.6012,1.6058,1.59033,1.59751,259360087,-0.001119239667354388
2016-09-26,1.57925,1.58883,1.56247,1.58244,191718823,-0.009433430776646157
2016-09-27,1.57626,1.63915,1.57556,1.63666,369056835,0.0342635423775941
2016-09-28,1.63915,1.64384,1.62158,1.64255,287059887,0.003598792663106476
2016-09-29,1.63985,1.66292,1.62458,1.65773,315408935,0.009241727801284627
2016-09-30,1.66691,1.70184,1.65703,1.68548,346978853,0.01673975858553578
2016-10-03,1.68548,1.70964,1.68068,1.68368,210856924,-0.001067945036428819
2016-10-04,1.68618,1.71444,1.66741,1.67988,253980370,-0.002256960942697006
2016-10-05,1.69427,1.71144,1.673,1.67818,283279003,-0.0010119770459795507
2016-10-06,1.65803,1.66841,1.62968,1.65623,358465591,-0.013079645806766793
2016-10-07,1.66741,1.6718,1.63955,1.64434,267186410,-0.007178954613791699
2016-10-10,1.65283,1.66172,1.63496,1.65013,255607004,0.003521169587798356
2016-10-11,1.64504,1.64744,1.614,1.62648,301055334,-0.01433220412937175
2016-10-12,1.61989,1.64255,1.6063,1.63386,248045776,0.004537405931828387
2016-10-13,1.6147,1.61849,1.56666,1.6074,353077241,-0.01619477801035596
2016-10-14,1.62698,1.63815,1.6135,1.62308,242717615,0.009754883663058544
2016-10-17,1.62288,1.63815,1.6115,1.6138,179267277,-0.0057175247061144185
2016-10-18,1.63616,1.64774,1.62948,1.63835,209127857,0.015212541826744364
2016-10-19,1.62718,1.64255,1.61899,1.63496,171322897,-0.0020691549424726174
2016-10-20,1.65403,1.6713,1.63066,1.66591,290723407,0.018930126730929198
2016-10-21,1.66002,1.66421,1.64554,1.66122,160806445,-0.002815278136273913
2016-10-24,1.6725,1.7412,1.6723,1.7392,335179529,0.046941404509938556
2016-10-25,1.73631,1.77834,1.72793,1.76796,388890212,0.016536338546458085
2016-10-26,1.753,1.79443,1.7513,1.77495,325438943,0.003953709359940216
2016-10-27,1.78853,1.79193,1.73123,1.7385,321906178,-0.020535789740556143
2016-10-28,1.7469,1.77345,1.73232,1.73562,282587662,-0.0016566005176876786
2016-10-31,1.7412,1.76189,1.7402,1.7503,256524171,0.008458072619582646
2016-11-01,1.7568,1.76646,1.67968,1.69845,480978840,-0.02962349311546586
2016-11-02,1.71144,1.73462,1.68828,1.69127,300696720,-0.004227383791103656
2016-11-03,1.69905,1.70054,1.63915,1.6715,314737575,-0.011689440479639601
2016-11-04,1.66052,1.69057,1.63746,1.66192,334166599,-0.005731379000897374
2016-11-07,1.71064,1.76418,1.70944,1.753,454798293,0.054804082025608825
2016-11-08,1.75979,1.76547,1.73402,1.7503,427769964,-0.0015402167712492698
2016-11-09,1.70284,1.744,1.69037,1.72084,457811003,-0.01683140033137176
2016-11-10,1.7585,1.7588,1.64205,1.66691,691075621,-0.0313393459008392
2016-11-11,1.9559,2.18334,1.93102,2.16367,2198524482,0.2980124901764345
2016-11-14,2.16667,2.16915,2.05672,2.05712,1370896490,-0.04924503274528946
2016-11-15,2.07311,2.15088,2.06422,2.11994,636348753,0.030537839309325854
2016-11-16,2.14819,2.27659,2.12363,2.25382,994231356,0.06315273073766248
2016-11-17,2.27049,2.33162,2.22969,2.27249,838898187,0.00828371387244764
2016-11-18,2.27249,2.32025,2.25802,2.29636,580305574,0.01050389660680584
2016-11-21,2.31435,2.32075,2.27279,2.28707,424352611,-0.004045532930376794
2016-11-22,2.29496,2.30575,2.27229,2.30345,312012974,0.007162002037541582
2016-11-23,2.30875,2.3464,2.28527,2.31495,432850495,0.004992511233150143
2016-11-25,2.32593,2.3427,2.30096,2.31955,187280879,0.001987083954297031
2016-11-28,2.31235,2.33382,2.30575,2.31835,239073835,-0.0005173417257656743
2016-11-29,2.31565,2.32643,2.27929,2.29706,418399269,-0.00918325533245623
2016-11-30,2.30575,2.31955,2.26881,2.27119,417867236,-0.011262222144828749
2016-12-01,2.26881,2.27049,2.0881,2.15878,1030535790,-0.04949387765884827
2016-12-02,2.12453,2.18744,2.09678,2.17874,479673614,0.009245962997618928
2016-12-05,2.2167,2.28128,2.19234,2.26332,599554840,0.03882060273369037
2016-12-06,2.27149,2.30895,2.25572,2.30056,489312900,0.016453705176466382
2016-12-07,2.28697,2.3477,2.26881,2.342,461177039,0.018013005529088577
2016-12-08,2.3449,2.38015,2.29226,2.30246,373858100,-0.016883005977796794
2016-12-09,2.32055,2.32225,2.23449,2.26182,383642742,-0.017650686656879966
2016-12-12,2.2133,2.2157,2.15628,2.2069,596853565,-0.024281330963560332
2016-12-13,2.21919,2.27349,2.21819,2.24585,382229366,0.01764919117313868
2016-12-14,2.27958,2.39223,2.25572,2.37595,968331779,0.05792906917202845
2016-12-15,2.38703,2.46163,2.37965,2.43189,739067983,0.023544266503924716
2016-12-16,2.45923,2.48079,2.40729,2.47361,998513878,0.017155381205564257
2016-12-19,2.45593,2.52403,2.43877,2.50376,737892381,0.012188663532246569
2016-12-20,2.57634,2.61431,2.56486,2.59084,843930266,0.03477969134421821
2016-12-21,2.60233,2.60981,2.5546,2.60682,573319142,0.00616788377514621
2016-12-22,2.63147,2.68158,2.62428,2.63836,724500053,0.012099032537727927
2016-12-23,2.62049,2.70557,2.61781,2.70307,624914463,0.024526599857487064
2016-12-27,2.76047,2.89138,2.73952,2.89038,1198761432,0.06929528277107155
2016-12-28,2.94631,2.95429,2.67709,2.69107,2291816182,-0.06895633100146004
2016-12-29,2.58434,2.7462,2.53202,2.7448,2184423127,0.019966035814750427
2016-12-30,2.7428,2.75697,2.61849,2.62948,1230961268,-0.04201399009035267
2017-01-03,2.57186,2.62029,2.44814,2.51305,1490041739,-0.04427871670444361
2017-01-04,2.547,2.59913,2.50136,2.57156,1203497510,0.023282465529933738
2017-01-05,2.57514,2.60652,2.48958,2.50635,979410890,-0.02535814836130601
2017-01-06,2.53332,2.56816,2.49308,2.53951,721229128,0.013230394797214995
2017-01-09,2.5494,2.66034,2.5494,2.64235,919726504,0.04049600119708141
2017-01-10,2.65565,2.68957,2.60233,2.62278,780025180,-0.007406286071110935
2017-01-11,2.61111,2.61611,2.56556,2.59054,523254512,-0.012292300536072553
2017-01-12,2.56756,2.57934,2.50356,2.5479,631415411,-0.01645988867185988
2017-01-13,2.5519,2.58684,2.53851,2.5476,458732416,-0.00011774402449060695
2017-01-17,2.53702,2.542,2.47771,2.49108,555984028,-0.022185586434291027
2017-01-18,2.46922,2.5427,2.44146,2.53572,550737940,0.017919938339997055
2017-01-19,2.53871,2.62248,2.53652,2.59054,631082195,0.021619106210464922
2017-01-20,2.61311,2.63107,2.54,2.56216,486924200,-0.010955244852424495
2017-01-23,2.5569,2.60851,2.5544,2.58884,364398393,0.010413088956193084
2017-01-24,2.59913,2.64995,2.58434,2.64365,425813859,0.02117164444307118
2017-01-25,2.68607,2.69227,2.61929,2.65515,522487188,0.004350046337449953
2017-01-26,2.65794,2.70806,2.62848,2.70087,459376706,0.01721936613750641
2017-01-27,2.70756,2.75617,2.68108,2.75318,452048045,0.019367833327779582
2017-01-30,2.73203,2.73423,2.65814,2.70986,492263717,-0.015734532431588177
2017-01-31,2.68358,2.71056,2.66533,2.68927,356105424,-0.007598178503686492
2017-02-01,2.72354,2.8117,2.70607,2.80741,584684549,0.04393013717477223
2017-02-02,2.79114,2.85155,2.76047,2.84297,484353649,0.01266647906789542
2017-02-03,2.84457,2.85544,2.80612,2.8181,378286380,-0.008747893927829153
2017-02-06,2.80871,2.89058,2.80871,2.89038,489361692,0.025648486568965012
2017-02-07,2.92453,2.97865,2.90477,2.93503,750363306,0.015447795791556862
2017-02-08,2.91703,2.93953,2.86741,2.92233,449092811,-0.004327042653737734
2017-02-09,2.92853,2.93333,2.84827,2.86741,680524868,-0.018793223215721744
2017-02-10,2.95429,2.97327,2.77375,2.79912,1662367352,-0.02381591750046219
2017-02-13,2.79343,2.80811,2.66533,2.66932,1171844388,-0.046371716825287956
2017-02-14,2.66014,2.71306,2.6183,2.67928,854343585,0.003731287369067804
2017-02-15,2.68228,2.70457,2.65435,2.68488,374559435,0.002090113761906265
2017-02-16,2.69457,2.69507,2.60253,2.64135,619051005,-0.016213015106820494
2017-02-17,2.62848,2.64565,2.58154,2.64115,549700714,-7.571885588808502e-05
2017-02-21,2.66613,2.73981,2.66593,2.73583,541262218,0.035848020748537435
2017-02-22,2.74799,2.75747,2.71256,2.73153,414725925,-0.0015717350858789336
2017-02-23,2.60233,2.62408,2.45873,2.47891,1595512239,-0.09248296742118878
2017-02-24,2.39433,2.51604,2.3605,2.50136,997148283,0.009056399788616831
2017-02-27,2.52103,2.59034,2.50505,2.57534,669065770,0.02957591070457677
2017-02-28,2.58514,2.59484,2.48609,2.50336,614325793,-0.027949707611422347
2017-03-01,2.55986,2.57435,2.49408,2.53472,475502098,0.012527163492266569
2017-03-02,2.52273,2.53632,2.43907,2.44186,700819743,-0.03663521020073224
2017-03-03,2.43119,2.43618,2.37336,2.42779,866509956,-0.0057620010975241165
2017-03-06,2.39163,2.41969,2.3474,2.40899,887527518,-0.007743668109679858
2017-03-07,2.40899,2.45493,2.39622,2.43548,600678014,0.01099630965674403
2017-03-08,2.48409,2.49877,2.42869,2.43089,624105457,-0.0018846387570417011
2017-03-09,2.41489,2.45293,2.4023,2.43049,466612500,-0.0001645487866585027
2017-03-10,2.45703,2.46882,2.42649,2.44435,474531131,0.005702553806022692
2017-03-13,2.48239,2.52233,2.45443,2.51235,784653778,0.027819256653097924
2017-03-14,2.52533,2.53402,2.47841,2.51055,529108957,-0.0007164606842200438
2017-03-15,2.52233,2.54,2.47461,2.52952,623390121,0.007556113202286552
2017-03-16,2.53971,2.56086,2.52633,2.56036,530206833,0.012192036433789744
2017-03-17,2.57814,2.61731,2.56036,2.61611,997272679,0.021774281741629986
2017-03-20,2.63377,2.70327,2.61751,2.69927,758736334,0.031787654188852876
2017-03-21,2.68208,2.71186,2.60383,2.61211,925895036,-0.03229021179800462
2017-03-22,2.60133,2.66992,2.59734,2.66563,625143805,0.020489183074219763
2017-03-23,2.65764,2.67709,2.63177,2.64115,541195990,-0.0091835701128814
2017-03-24,2.68757,2.69557,2.62478,2.65065,436747973,0.0035969180092005892
2017-03-27,2.60383,2.6733,2.5546,2.66962,496579318,0.0071567351404371315
2017-03-28,2.67092,2.68557,2.64565,2.65614,411778112,-0.005049407780882698
2017-03-29,2.66363,2.67559,2.64515,2.64735,349109398,-0.003309313515100998
2017-03-30,2.65465,2.71286,2.64895,2.69807,527930130,0.01915878142293237
2017-03-31,2.68857,2.71006,2.6733,2.68657,439648756,-0.004262306018746664
2017-04-03,2.68707,2.70427,2.64935,2.6729,451281592,-0.005088272406823635
2017-04-04,2.5502,2.57554,2.47521,2.48609,1278125626,-0.06989038123386582
2017-04-05,2.46702,2.52533,2.45413,2.46732,745240902,-0.0075500082458800355
2017-04-06,2.47261,2.49757,2.42729,2.48559,637496464,0.007404795486601001
2017-04-07,2.49178,2.50935,2.45963,2.47491,434895403,-0.004296766562466137
2017-04-10,2.47561,2.48239,2.40729,2.41149,745397315,-0.02562517424876043
2017-04-11,2.38145,2.43937,2.37645,2.42019,626548278,0.0036077280021893365
2017-04-12,2.42019,2.43448,2.39502,2.40011,404859911,-0.008296869254066697
2017-04-13,2.37605,2.39771,2.3553,2.3553,503033126,-0.018669977626025513
2017-04-17,2.36817,2.44774,2.363,2.44754,492264478,0.03916273935379766
2017-04-18,2.43318,2.45513,2.40729,2.44904,371586535,0.0006128602596893185
2017-04-19,2.46652,2.49108,2.45193,2.45873,378795208,0.003956652402574035
2017-04-20,2.47341,2.50256,2.45193,2.49777,396348848,0.015878115937902892
2017-04-21,2.48758,2.51075,2.47561,2.50805,338004439,0.0041156711786913824
2017-04-24,2.53931,2.5522,2.51874,2.53901,376543853,0.012344251510137516
2017-04-25,2.5536,2.59813,2.53202,2.58354,393473002,0.01753833186950815
2017-04-26,2.59714,2.59953,2.56356,2.56556,331049624,-0.006959443244540453
2017-04-27,2.57315,2.61381,2.5549,2.60533,323755794,0.015501488953678644
2017-04-28,2.59883,2.60533,2.56686,2.57255,352977583,-0.01258189941389376
2017-05-01,2.58354,2.63547,2.57634,2.63027,311351528,0.022436881693261412
2017-05-02,2.60313,2.60413,2.52972,2.5522,633247892,-0.02968136351020989
2017-05-03,2.5453,2.58114,2.53032,2.57136,340629140,0.007507248648225051
2017-05-04,2.57754,2.58854,2.5534,2.56136,212417980,-0.0038889925953580207
2017-05-05,2.5496,2.56886,2.53402,2.56156,231532877,7.80835181308781e-05
2017-05-08,2.57355,2.57514,2.52373,2.53452,369479585,-0.010556067396430335
2017-05-09,2.5403,2.58814,2.53172,2.53871,781627118,0.0016531729873900947
2017-05-10,2.8194,3.00421,2.8127,2.99142,2154211163,0.17832284900599138
2017-05-11,2.96069,3.217,2.95729,3.12014,1961602424,0.04302973169932667
2017-05-12,3.12333,3.19654,3.10227,3.15427,974520041,0.010938611728960712
2017-05-15,3.19554,3.31546,3.19104,3.31286,1098468137,0.05027787729014954
2017-05-16,3.36437,3.39003,3.28919,3.37507,1134301839,0.01877833654304739
2017-05-17,3.30767,3.32665,3.14588,3.15007,1285802417,-0.06666528397929528
2017-05-18,3.19404,3.29089,3.13362,3.2819,1171736477,0.041849863653823594
2017-05-19,3.38334,3.41232,3.33911,3.35837,1024128141,0.02330052713367259
2017-05-22,3.40133,3.44367,3.39073,3.42928,845919581,0.021114409668976375
2017-05-23,3.44925,3.45145,3.35108,3.38353,689123352,-0.013340992861475276
2017-05-24,3.48059,3.48339,3.40873,3.421,826942590,0.011074233123394839
2017-05-25,3.45665,3.45744,3.36937,3.41331,614989602,-0.0022478807366266285
2017-05-26,3.40503,3.58723,3.38533,3.50217,787616544,0.02603338108756592
2017-05-30,3.54811,3.61202,3.53233,3.57706,1000154263,0.021383884848536816
2017-05-31,3.62197,3.62967,3.50757,3.56409,895067845,-0.003625882708145678
2017-06-01,3.58005,3.58104,3.51915,3.56429,506755494,5.6115305730131126e-05
2017-06-02,3.56129,3.58773,3.54082,3.54652,493008096,-0.004985565147617055
2017-06-05,3.53053,3.66764,3.51885,3.65465,826304880,0.03048904277996467
2017-06-06,3.64996,3.69639,3.62467,3.63817,767774463,-0.004509323738251303
2017-06-07,3.66264,3.70107,3.64697,3.68211,614223440,0.012077500501625815
2017-06-08,3.78946,3.95049,3.7482,3.9491,1165736526,0.07251005537585775
2017-06-09,4.06793,4.16037,3.52484,3.6941,3734732963,-0.06457167455876023
2017-06-12,3.60172,3.7459,3.50887,3.70327,1712957485,0.0024823366990605056
2017-06-13,3.81171,3.82099,3.59602,3.7385,1690689629,0.009513213997359271
2017-06-14,3.7415,3.80363,3.66694,3.7465,1195757776,0.002139895680085546
2017-06-15,3.62867,3.79266,3.61719,3.76248,972072163,0.0042653142933404276
2017-06-16,3.77217,3.81929,3.70996,3.7439,932419349,-0.004938232229805939
2017-06-19,3.78816,3.8892,3.78446,3.88391,783907105,0.03739683218034684
2017-06-20,3.92633,3.99323,3.87422,3.87842,1108032571,-0.0014135240002987048
2017-06-21,3.90589,3.94112,3.84397,3.93733,691197883,0.015189174973313957
2017-06-22,3.9455,3.95878,3.88591,3.90989,474455568,-0.0069691897808922265
2017-06-23,3.91755,3.93353,3.78346,3.79845,1100999920,-0.02850208062119397
2017-06-26,3.83068,3.86622,3.66264,3.75688,1076749721,-0.010943937658781766
2017-06-27,3.7395,3.7482,3.61341,3.61918,1010489826,-0.036652754413236566
2017-06-28,3.68711,3.75169,3.59842,3.7472,1005735551,0.03537265347399132
2017-06-29,3.71893,3.72193,3.5573,3.62168,1074401852,-0.03349701110162251
2017-06-30,3.63917,3.65265,3.54312,3.56927,739011509,-0.014471184643590873
2017-07-03,3.58144,3.59622,3.4213,3.43998,717950442,-0.036223093237552795
2017-07-05,3.50387,3.56079,3.48489,3.53233,829243479,0.026846086314455286
2017-07-06,3.50317,3.58973,3.45065,3.54282,754235407,0.0029697112104474233
2017-07-07,3.59922,3.64217,3.57646,3.62367,660330372,0.022820803766491204
2017-07-10,3.69769,3.80244,3.67124,3.79516,967503084,0.0473249495677035
2017-07-11,3.79865,3.85592,3.75688,3.84845,766316871,0.014041568734914911
2017-07-12,3.90819,4.0247,3.86522,4.01241,1154332851,0.04260416531330802
2017-07-13,4.0247,4.10587,3.91935,3.96527,1384565721,-0.011748550123242718
2017-07-14,3.98206,4.07433,3.97506,4.07433,952801284,0.02750380175877054
2017-07-17,4.10657,4.13584,3.99343,4.05564,937329437,-0.0045872572913827625
2017-07-18,3.99423,4.11207,3.98226,4.09728,785658706,0.010267183477823183
2017-07-19,4.10657,4.13325,4.06463,4.07663,693403951,-0.005039928928459836
2017-07-20,4.09658,4.13604,4.04715,4.13584,705280330,0.014524251649033593
2017-07-21,4.11507,4.18037,4.10058,4.15041,646309217,0.0035228635537158937
2017-07-24,4.15768,4.16737,4.09188,4.10208,657487115,-0.011644632698938229
2017-07-25,4.07962,4.09658,4.03897,4.08291,499851405,-0.004673238942195179
2017-07-26,4.14013,4.19584,4.09488,4.12985,646924965,0.01149670210707554
2017-07-27,4.15468,4.16637,3.8899,3.99323,772586114,-0.03308110464060443
2017-07-28,3.95748,4.08361,3.93253,4.05914,519294691,0.01650543544949823
2017-07-31,4.07263,4.10827,3.96577,4.01241,565430756,-0.011512290780805845
2017-08-01,4.00273,4.06334,3.97506,4.06164,435336200,0.012269434080764308
2017-08-02,4.09258,4.09608,3.98146,4.05914,471602606,-0.0006155149151573225
2017-08-03,4.05864,4.11407,4.04136,4.11027,447455791,0.012596264233310395
2017-08-04,4.13325,4.19933,4.11027,4.12855,595768638,0.004447396399749781
2017-08-07,4.15768,4.25566,4.14793,4.25516,723543187,0.03066694117789548
2017-08-08,4.29359,4.31007,4.16567,4.20481,761583988,-0.011832692542701029
2017-08-09,4.15868,4.25167,4.13993,4.24917,534384979,0.010549822703047163
2017-08-10,4.25047,4.26286,4.05764,4.06793,1299711084,-0.042653035769338654
2017-08-11,3.87962,3.92553,3.77587,3.85024,1514246691,-0.053513703529805
2017-08-14,3.94232,4.16167,3.93053,4.15788,1291525576,0.07990151263297873
2017-08-15,4.16307,4.18934,4.08889,4.12285,772804139,-0.008424966569501757
2017-08-16,4.13793,4.16137,4.04535,4.07793,602859595,-0.010895375771614146
2017-08-17,4.06963,4.0866,3.98425,3.98645,528448142,-0.0224329500506385
2017-08-18,4.04116,4.05834,3.94152,3.98725,607935980,0.00020067980283200448
2017-08-21,4.01201,4.0234,3.88521,3.92933,630566105,-0.014526302589503937
2017-08-22,3.96607,4.023,3.9468,4.01701,454494671,0.02231423677828026
2017-08-23,3.98326,4.10827,3.97476,4.09708,585211184,0.019932736039989907
2017-08-24,4.12955,4.13404,4.05594,4.08261,474435929,-0.003531783611743
2017-08-25,4.10627,4.11657,4.04166,4.04815,360627513,-0.008440678879442332
2017-08-28,4.06733,4.08032,4.01141,4.07713,390855030,0.007158825636401911
2017-08-29,4.018,4.09208,4.00971,4.07033,326856255,-0.0016678398775609171
2017-08-30,4.09008,4.10527,4.05964,4.09428,387146424,0.005884043799888605
2017-08-31,4.11457,4.19134,4.10707,4.18734,619186977,0.0227292710806295
2017-09-01,4.20003,4.24767,4.19134,4.2126,450354781,0.006032469300319532
2017-09-05,4.16107,4.16637,4.04196,4.09988,703864550,-0.02675782177277697
2017-09-06,4.13305,4.14673,4.06294,4.09728,400500615,-0.0006341649023874352
2017-09-07,4.11427,4.14892,4.07663,4.11657,356633130,0.004708001405810958
2017-09-08,4.10487,4.11986,4.021,4.04515,502388716,-0.0173493952489574
2017-09-11,4.09108,4.18734,4.0859,4.17667,573146675,0.03251300940632618
2017-09-12,4.20131,4.20131,4.12625,4.19164,415547038,0.0035841950644892595
2017-09-13,4.16637,4.23897,4.13404,4.2103,586915835,0.00445171818190504
2017-09-14,4.17137,4.26416,4.14673,4.18634,517623510,-0.005690805880816052
2017-09-15,4.27163,4.45125,4.26644,4.45125,1374108006,0.06327961895116019
2017-09-18,4.57587,4.72464,4.56898,4.63497,1695839845,0.04127379949452403
2017-09-19,4.58466,4.69149,4.56299,4.62997,882172838,-0.0010787556338012205
2017-09-20,4.63377,4.68092,4.55302,4.59233,704886343,-0.008129642308697616
2017-09-21,4.48891,4.51525,4.38944,4.46703,1087127457,-0.027284624580550476
2017-09-22,4.45604,4.50557,4.41382,4.4238,496233002,-0.00967757100355282
2017-09-25,4.39294,4.39423,4.20501,4.22559,883277705,-0.04480537094805359
2017-09-26,4.3607,4.41582,4.2098,4.24917,1136837829,0.005580285829907661
2017-09-27,4.34002,4.3563,4.26883,4.34272,718637987,0.022016064313736372
2017-09-28,4.35002,4.35401,4.29409,4.34152,439635246,-0.0002763245155109617
2017-09-29,4.4258,4.44207,4.38047,4.41811,625449761,0.017641286922552624
2017-10-02,4.46803,4.49729,4.37428,4.4238,508570338,0.00128788101699584
2017-10-03,4.43008,4.46274,4.38864,4.43308,394013778,0.00209774402097751
2017-10-04,4.43927,4.4921,4.40232,4.46973,432222149,0.00826738971550256
2017-10-05,4.49429,4.49789,4.43777,4.46723,441540215,-0.0005593179006339044
2017-10-06,4.44007,4.49389,4.4238,4.48042,321793820,0.0029526126928767216
2017-10-09,4.51755,4.61461,4.49859,4.58186,567554000,0.02264073457399096
2017-10-10,4.73044,4.76809,4.62778,4.66874,984228940,0.018961731698480477
2017-10-11,4.68521,4.71966,4.63977,4.71816,534468964,0.010585297103715474
2017-10-12,4.72165,4.77159,4.69349,4.72045,531391298,0.0004853586991537817
2017-10-13,4.78308,4.81861,4.73583,4.80852,634822168,0.018657119554279733
2017-10-16,4.83838,4.89429,4.77539,4.8915,580938236,0.017256869057423074
2017-10-17,4.87052,4.91506,4.85216,4.88711,470639391,-0.0008974752121025942
2017-10-18,4.89579,4.89649,4.77739,4.88281,572961519,-0.0008798656056442367
2017-10-19,4.80502,4.89309,4.7556,4.88831,573762543,0.0011264005767170904
2017-10-20,4.90478,4.93224,4.85685,4.86582,455615752,-0.004600772045962653
2017-10-23,4.88781,4.91376,4.83838,4.85884,432755964,-0.0014344961383693233
2017-10-24,4.86812,4.91128,4.84188,4.90948,408850999,0.010422240699426322
2017-10-25,4.87032,4.92306,4.72384,4.78577,836814632,-0.025198187995470023
2017-10-26,4.81321,4.84737,4.78937,4.83558,324498862,0.010407938534446881
2017-10-27,4.8903,4.98855,4.86213,4.98825,578039496,0.031572220912486015
2017-10-30,4.98825,5.09329,4.97268,5.03737,509918457,0.009847140780834929
2017-10-31,5.06963,5.13794,5.06383,5.11127,416698474,0.014670353775878997
2017-11-01,5.17388,5.18885,5.05636,5.12077,508422468,0.0018586378727791786
2017-11-02,5.09099,5.13595,5.03268,5.0896,346290307,-0.006086975200995215
2017-11-03,5.12077,5.15771,5.07482,5.15771,357753500,0.013382191134863275
2017-11-06,5.12077,5.18915,5.10857,5.18065,393798237,0.0044477103210534
2017-11-07,5.20343,5.26137,5.19115,5.23878,431836834,0.01122059973169387
2017-11-08,5.23508,5.23878,5.12177,5.16919,527419058,-0.013283627104020312
2017-11-09,5.07302,5.09927,4.95141,5.07432,966915568,-0.0183529721290957
2017-11-10,5.26575,5.40414,5.22958,5.34152,1266594482,0.052657301865077555
2017-11-13,5.34152,5.36729,5.23908,5.25457,588000882,-0.01627813805808087
2017-11-14,5.26375,5.30857,5.2198,5.2933,534184130,0.007370726814943884
2017-11-15,5.23758,5.23878,5.13575,5.18915,506454555,-0.01967581659834139
2017-11-16,5.26336,5.2937,5.2204,5.22938,444699884,0.007752714799148297
2017-11-17,5.28672,5.32235,5.20812,5.22309,520878711,-0.0012028194546963578
2017-11-20,5.23858,5.30287,5.20213,5.29071,399523118,0.012946359339012004
2017-11-21,5.33053,5.35112,5.29867,5.33932,403003074,0.009187802771272624
2017-11-22,5.36679,5.36679,5.28272,5.31556,360298002,-0.004450004869533952
2017-11-24,5.33182,5.36679,5.30737,5.36579,182727003,0.00944961584480275
2017-11-27,5.37448,5.37548,5.2927,5.29599,427029881,-0.013008336144351484
2017-11-28,5.30117,5.31057,5.15023,5.21062,517561938,-0.01611974342851863
2017-11-29,5.19365,5.19644,4.72864,4.85585,1410361063,-0.0680859475455895
2017-11-30,4.92605,5.01192,4.86312,4.9634,831998174,0.022148542479689448
2017-12-01,4.92875,4.94901,4.75939,4.88881,818917641,-0.015028004996574862
2017-12-04,4.94702,4.95321,4.56319,4.61601,1252523021,-0.055800900423620514
2017-12-05,4.51107,4.76509,4.46573,4.64277,991321780,0.005797214477438084
2017-12-06,4.59233,4.70148,4.57177,4.67992,469286785,0.008001688647079286
2017-12-07,4.74681,4.78757,4.70088,4.74761,541633221,0.014463922460212997
2017-12-08,4.79752,4.81661,4.72664,4.73513,466386763,-0.002628691067716238
2017-12-11,4.7494,4.81661,4.73344,4.81361,374959021,0.0165739905768163
2017-12-12,4.77009,4.79334,4.69569,4.71886,458588422,-0.019683771639164682
2017-12-13,4.76009,4.76139,4.59683,4.60433,559201443,-0.024270692497764368
2017-12-14,4.59783,4.68192,4.56579,4.61131,441748385,0.001515964320541574
2017-12-15,4.65496,4.7571,4.59033,4.73782,676051151,0.027434720285558933
2017-12-18,4.77759,4.89709,4.74781,4.89409,480920513,0.0329835240680314
2017-12-19,4.88481,4.8901,4.82121,4.84957,375645123,-0.0090966860029138
2017-12-20,4.88931,4.89829,4.81101,4.86552,291693142,0.003288951391566597
2017-12-21,4.87032,4.89529,4.83558,4.84417,303759975,-0.004388020191058661
2017-12-22,4.80732,4.83818,4.72914,4.82889,470923925,-0.003154307136207013
2017-12-26,4.77339,4.8905,4.74342,4.88281,358243630,0.011166127205216814
2017-12-27,4.86932,4.94502,4.85455,4.87482,332430151,-0.0016363528378127157
2017-12-28,4.89949,4.93045,4.87552,4.88181,242598718,0.0014338990978128852
2017-12-29,4.90748,4.90748,4.78507,4.78507,282327765,-0.01981642054893562
2018-01-02,4.84138,4.93344,4.80971,4.92975,356569996,0.03023571233022726
2018-01-03,5.04737,5.28502,5.03867,5.25437,920382381,0.0658491809929509
2018-01-04,5.33582,5.39267,5.25977,5.28232,588501458,0.0053193817717442915
2018-01-05,5.29727,5.36449,5.2198,5.32734,583555647,0.008522770297899385
2018-01-08,5.44995,5.56428,5.40534,5.48971,880552013,0.030478625355242706
2018-01-09,5.49511,5.53504,5.40694,5.48811,501903974,-0.0002914543755498933
2018-01-10,5.39636,5.53504,5.34182,5.53164,588085077,0.007931692331239804
2018-01-11,5.56428,5.59546,5.51986,5.54163,409798752,0.0018059743584180055
2018-01-12,5.52965,5.56399,5.47342,5.51408,363403750,-0.004971461465308913
2018-01-16,5.54083,5.62612,5.35912,5.44287,697770829,-0.012914212343672848
2018-01-17,5.45743,5.56687,5.36429,5.5573,543235209,0.021023834851833678
2018-01-18,5.53804,5.60464,5.50668,5.55063,411823099,-0.0012002231299371724
2018-01-19,5.6406,5.71468,5.61363,5.6903,596494550,0.025162909435505476
2018-01-22,5.69829,5.78058,5.6408,5.77888,555444994,0.015566841818533295
2018-01-23,5.83232,5.93084,5.81382,5.90787,477741124,0.022320934160252603
2018-01-24,5.91107,5.94712,5.77538,5.83112,586282160,-0.012991145709028706
2018-01-25,5.8859,5.92885,5.82982,5.84478,413374210,0.002342603136275656
2018-01-26,5.8889,6.01804,5.87604,6.01784,520763019,0.029609326612806575
2018-01-29,6.00305,6.13634,5.95012,6.10519,459399601,0.014515174880023407
2018-01-30,5.96271,6.0945,5.8961,6.00265,575762313,-0.01679554608456091
2018-01-31,6.07822,6.1644,6.04556,6.07892,481926672,0.012706054825785351
2018-02-01,5.8989,6.10649,5.8873,5.94742,521676049,-0.02163213202345149
2018-02-02,5.86105,5.8851,5.71668,5.77458,723636926,-0.029061340883946296
2018-02-05,5.61363,5.76788,5.06983,5.28502,1172541327,-0.08477846007848189
2018-02-06,5.05486,5.58117,5.04487,5.57817,1126982592,0.055468096620258756
2018-02-07,5.67702,5.81052,5.60613,5.65835,810111898,0.014373889644811788
2018-02-08,5.78358,5.81682,5.37918,5.37938,1113687989,-0.04930235846138897
2018-02-09,5.8921,5.90727,5.37938,5.73924,1691027393,0.06689618506221895
2018-02-12,5.82032,5.82332,5.56498,5.6396,1102191657,-0.01736118371073525
2018-02-13,5.60264,5.79914,5.57017,5.75291,631597933,0.02009185048585005
2018-02-14,5.71248,5.99936,5.70128,5.9704,751335265,0.037805215099836476
2018-02-15,6.05376,6.14273,5.97288,6.0965,704779223,0.021120862923757144
2018-02-16,6.06925,6.18237,6.02133,6.0306,644030681,-0.010809480849667819
2018-02-20,6.05296,6.22852,6.04926,6.1594,692872639,0.02135774218154074
2018-02-21,6.22412,6.2305,5.9689,5.97268,853852814,-0.03031464103646453
2018-02-22,6.00664,6.07852,5.92625,5.99207,538907860,0.0032464488303407535
2018-02-23,6.05226,6.08591,6.00135,6.08591,418281253,0.015660698222817793
2018-02-26,6.13236,6.13674,6.03956,6.10219,471990985,0.002675031342888712
2018-02-27,6.07522,6.1592,6.06626,6.08921,460126544,-0.002127105186826461
2018-02-28,6.1002,6.13973,5.97687,5.98837,528502663,-0.0165604405169143
2018-03-01,5.98637,6.04026,5.64478,5.74592,1050831105,-0.04048681026723466
2018-03-02,5.6384,5.85975,5.48941,5.85328,922834786,0.018684562263310278
2018-03-05,5.80312,5.87104,5.67901,5.83112,627169884,-0.003785911488942917
2018-03-06,5.91626,6.01184,5.87374,5.99237,643368314,0.027653349613796285
2018-03-07,5.8896,6.03696,5.8883,5.98467,587194921,-0.0012849673835226838
2018-03-08,6.01204,6.01204,5.92355,5.9681,416152771,-0.0027687407994092528
2018-03-09,6.01584,6.08392,5.99966,6.07124,510732360,0.017281882005998783
2018-03-12,6.11269,6.26026,6.10449,6.18037,611293234,0.017974911220771883
2018-03-13,6.22312,6.29741,6.08871,6.13006,626155382,-0.008140289335428097
2018-03-14,6.17257,6.20015,6.0932,6.1552,510700523,0.004101101783669181
2018-03-15,6.16858,6.25078,6.12836,6.16987,406093169,0.0023833506628543333
2018-03-16,6.18637,6.21712,6.14873,6.19836,403571321,0.004617601343302136
2018-03-19,6.14173,6.17017,5.86475,5.96371,721124743,-0.03785678792454783
2018-03-20,5.96671,6.21452,5.96671,6.17587,560409142,0.035575170489510644
2018-03-21,6.16937,6.2358,6.12057,6.15071,443206699,-0.004073919949739824
2018-03-22,6.08771,6.13435,5.94712,5.98487,556873563,-0.026962740886824488
2018-03-23,5.99836,6.00505,5.75361,5.76489,743194593,-0.036756019763169445
2018-03-26,5.8896,6.05126,5.8373,6.04996,617722685,0.0494493390160089
2018-03-27,6.13106,6.18637,5.43988,5.58017,1423511791,-0.07765175306944172
2018-03-28,5.54633,5.67572,5.37009,5.47712,955647826,-0.018467179315325488
2018-03-29,5.54583,5.82732,5.46093,5.73067,926068064,0.046292577120822465
2018-04-02,5.66005,5.80632,5.38238,5.46972,931589292,-0.04553568779915795
2018-04-03,5.6368,5.69968,5.47712,5.57617,674304297,0.019461690909224005
2018-04-04,5.32085,5.60863,5.29569,5.59815,797294076,0.003941773654676961
2018-04-05,5.65655,5.66932,5.40664,5.47792,708461040,-0.02147673785089721
2018-04-06,5.37578,5.48342,5.27253,5.30187,669816960,-0.032138110815784104
2018-04-09,5.36509,5.49241,5.31057,5.33053,504669465,0.00540563989686671
2018-04-10,5.56079,5.66603,5.50339,5.6396,772628557,0.057981101316379346
2018-04-11,5.62462,5.66533,5.56597,5.59815,463846117,-0.007349812043407233
2018-04-12,5.691,5.82312,5.64706,5.80532,600034765,0.037006868340433874
2018-04-13,5.86904,5.87744,5.67971,5.72847,508216451,-0.013237857689154087
2018-04-16,5.73495,5.7616,5.6338,5.72827,354403898,-3.491333637073435e-05
2018-04-17,5.78038,5.8996,5.72467,5.87823,451831452,0.026178933604735777
2018-04-18,5.82732,5.92005,5.75991,5.84908,395393003,-0.004958975746100491
2018-04-19,5.73425,5.76818,5.61213,5.66703,476858349,-0.031124552921143245
2018-04-20,5.65875,5.74323,5.62812,5.65935,390176069,-0.0013552072249484182
2018-04-23,5.67672,5.72847,5.51388,5.54004,431911866,-0.021081926369636017
2018-04-24,5.56578,5.66105,5.40834,5.47342,418865664,-0.01202518393369012
2018-04-25,5.44346,5.48292,5.20413,5.36151,594554669,-0.020446083070548182
2018-04-26,5.52306,5.58087,5.45674,5.57287,379693537,0.039421730072311645
2018-04-27,5.67851,5.69849,5.5583,5.60044,404978198,0.004947181613782492
2018-04-30,5.61683,5.66603,5.54603,5.56528,331219117,-0.006278078151002453
2018-05-01,5.557,5.62312,5.4981,5.62062,256402950,0.009943794382313298
2018-05-02,5.61713,5.66105,5.57367,5.59984,271010149,-0.003697101031558736
2018-05-03,5.6318,5.79155,5.58647,5.76539,447709539,0.02956334466699051
2018-05-04,5.73645,5.91855,5.71928,5.91526,404787904,0.025994772253048026
2018-05-07,6.02063,6.21053,6.01064,6.1536,694696948,0.04029239627674852
2018-05-08,6.1539,6.19915,6.10549,6.19636,511832530,0.006948777951118146
2018-05-09,6.21612,6.33104,6.18917,6.32904,602905293,0.02141257125150897
2018-05-10,6.38218,6.44588,6.36421,6.4366,1004319290,0.016994678497844973
2018-05-11,6.25477,6.4281,6.19985,6.29821,1226963961,-0.021500481620731482
2018-05-14,6.33604,6.39625,6.29501,6.31886,528526929,0.0032787093475765694
2018-05-15,6.25507,6.25777,5.97608,6.07672,973451819,-0.038320203327815494
2018-05-16,6.03826,6.14971,6.00106,6.08791,559532175,0.0018414539422584308
2018-05-17,6.08971,6.22332,6.07353,6.13006,525137468,0.0069235583311844096
2018-05-18,6.18157,6.24479,6.08122,6.08621,488699525,-0.007153274193074766
2018-05-21,6.18337,6.18717,5.95092,6.04396,647222658,-0.006941922805818401
2018-05-22,6.05756,6.08272,5.94492,6.00584,523603111,-0.006307123144428495
2018-05-23,5.94942,6.13076,5.94872,6.12956,447242453,0.02059994938260079
2018-05-24,6.12577,6.17517,6.07253,6.13335,441603159,0.0006183151808614173
2018-05-25,6.14553,6.18857,6.11049,6.17217,294937397,0.006329330626819063
2018-05-29,6.1542,6.22332,6.10889,6.1552,356095439,-0.0027494382040677
2018-05-30,6.18887,6.27272,6.1642,6.26406,394777376,0.017685859110995628
2018-05-31,6.2323,6.31886,6.22152,6.24429,498646319,-0.003156100037355891
2018-06-01,6.28901,6.38477,6.28042,6.37878,426052374,0.021538077187318372
2018-06-04,6.41273,6.57959,6.38078,6.55811,648236910,0.028113526411006617
2018-06-05,6.5614,6.60077,6.51616,6.5636,395501795,0.0008371314296344856
2018-06-06,6.47284,6.5684,6.45637,6.5656,374946963,0.00030471082942273853
2018-06-07,6.5618,6.57339,6.41893,6.50957,373022916,-0.008533873522602597
2018-06-08,6.4364,6.53685,6.41763,6.49402,363944977,-0.0023887906574474593
2018-06-11,6.48134,6.52315,6.43989,6.45287,267937480,-0.006336598901758861
2018-06-12,6.47934,6.51367,6.4289,6.5016,322247156,0.007551678555433483
2018-06-13,6.50299,6.57809,6.48783,6.49701,341478426,-0.0007059800664450666
2018-06-14,6.54242,6.66525,6.52745,6.60874,434176621,0.017197141454299736
2018-06-15,6.55181,6.623,6.52045,6.5681,436441387,-0.0061494324182824744
2018-06-18,6.52385,6.58109,6.49661,6.5641,359713721,-0.0006090041260030654
2018-06-19,6.46016,6.52785,6.31426,6.44169,600688720,-0.018648405722033412
2018-06-20,6.48284,6.54811,6.44438,6.49482,373357284,0.008247835583519159
2018-06-21,6.52685,6.54541,6.35821,6.36601,362994320,-0.019832728235732455
2018-06-22,6.38666,6.40015,6.19836,6.21352,438358504,-0.023953779525951124
2018-06-25,6.10769,6.11149,5.83212,5.92055,672258789,-0.04715040749848709
2018-06-26,6.03459,6.08272,5.94022,5.99187,483518544,0.012046178142233188
2018-06-27,6.03577,6.10219,5.83112,5.8365,458283357,-0.025930135333376625
2018-06-28,5.82652,5.97588,5.81912,5.96391,341282043,0.021829863788229265
2018-06-29,6.0293,6.04176,5.86475,5.86605,396094419,-0.016408698320397153
2018-07-02,5.79614,6.00185,5.77558,5.99806,361033318,0.022504070030088252
2018-07-03,6.03299,6.03876,5.85607,5.86445,224887894,-0.02227553575656127
2018-07-05,5.91925,6.01534,5.88092,6.01034,309180433,0.02487701318964275
2018-07-06,5.98587,6.13276,5.96441,6.12437,299219999,0.018972304395425077
2018-07-09,6.19836,6.20784,6.0932,6.17137,306820877,0.007674258740082651
2018-07-10,6.18387,6.29241,6.14353,6.27043,363498552,0.016051541229905375
2018-07-11,6.17757,6.21233,6.11857,6.12936,371061943,-0.022497659650135615
2018-07-12,6.17417,6.26845,6.1642,6.22052,348849591,0.014872678387302996
2018-07-13,6.23929,6.23929,6.13156,6.17317,249554374,-0.007611903827975719
2018-07-16,6.14553,6.19855,6.13355,6.14553,198943229,-0.0044774402778474665
2018-07-17,6.0967,6.29641,6.07124,6.28122,365639322,0.02207946263381677
2018-07-18,6.27402,6.28771,6.18117,6.2323,280327714,-0.007788295904298859
2018-07-19,6.21332,6.27402,6.19836,6.24049,238032163,0.0013141215923495597
2018-07-20,6.23809,6.27672,6.20135,6.21213,224638863,-0.004544514933923494
2018-07-23,6.18557,6.18737,6.02401,6.17537,304502512,-0.005917455043600195
2018-07-24,6.22352,6.31018,6.14103,6.1579,358052596,-0.002828980287820859
2018-07-25,6.16739,6.24908,6.11019,6.23649,323279625,0.012762467724386495
2018-07-26,6.21632,6.34653,6.19955,6.30998,328270623,0.01178387201775366
2018-07-27,6.34623,6.35322,6.18617,6.24029,298279538,-0.011044409015559586
2018-07-30,6.25407,6.26006,6.01004,6.04496,343634269,-0.03130142990149498
2018-07-31,6.03477,6.13803,5.99566,6.06326,286735283,0.0030273153172228895
2018-08-01,6.0947,6.14951,6.03876,6.10319,286298863,0.006585566180569602
2018-08-02,6.03179,6.20933,5.97268,6.20554,272276516,0.016769918681869722
2018-08-03,6.2301,6.26576,6.21312,6.24209,216361207,0.00588989838112397
2018-08-06,6.22951,6.29321,6.18287,6.28971,209514133,0.007628855078988028
2018-08-07,6.33823,6.38078,6.31198,6.36201,260627706,0.011494965586648531
2018-08-08,6.36321,6.44338,6.32824,6.39845,264634187,0.005727749563424256
2018-08-09,6.41613,6.41893,6.34203,6.34982,206254786,-0.007600278192374743
2018-08-10,6.26805,6.34083,6.25677,6.30868,259109463,-0.006478923812013648
2018-08-13,6.31726,6.46206,6.31556,6.34123,378836339,0.005159557942390647
2018-08-14,6.44688,6.48704,6.36381,6.47284,470729936,0.020754648546102095
2018-08-15,6.49382,6.52765,6.33584,6.41463,596854766,-0.00899296135853811
2018-08-16,6.48464,6.48704,6.31416,6.37418,809010897,-0.006305897612177147
2018-08-17,6.26276,6.26346,6.03527,6.06226,1154247674,-0.04893492182523862
2018-08-20,6.02163,6.26924,5.91057,6.13703,862652077,0.012333684137598944
2018-08-21,6.1529,6.27672,6.13355,6.27222,680509064,0.022028570823346083
2018-08-22,6.23979,6.51247,6.2363,6.50757,757111413,0.037522599653711186
2018-08-23,6.46865,6.67225,6.45487,6.60704,727656947,0.015285275456122571
2018-08-24,6.61553,6.75511,6.61104,6.74043,536652689,0.020189071051484486
2018-08-27,6.77029,6.90569,6.73873,6.83181,510670618,0.013556998589110858
2018-08-28,6.82602,6.84879,6.67345,6.79426,479983025,-0.005496347234481003
2018-08-29,6.78656,6.92385,6.7656,6.8991,423942159,0.01543067236166995
2018-08-30,6.86796,6.97917,6.84599,6.88212,349771224,-0.0024611905900769893
2018-08-31,6.86276,6.96622,6.85299,6.95323,309386871,0.01033257194004178
2018-09-04,6.93994,7.06636,6.91168,7.02861,395294587,0.010841004827972123
2018-09-05,7.01083,7.04658,6.81702,6.8974,396743396,-0.01866798698462413
2018-09-06,6.88092,6.88342,6.72357,6.75661,325740332,-0.02041203931916369
2018-09-07,6.66395,6.86096,6.61952,6.73535,298113741,-0.0031465483430299646
2018-09-10,6.7579,6.83621,6.71388,6.80685,222146539,0.010615632446717704
2018-09-11,6.7601,6.84799,6.73923,6.7586,245330529,-0.007088447666688591
2018-09-12,6.71858,6.73833,6.48863,6.64427,422913546,-0.016916225253750916
2018-09-13,6.7104,6.81353,6.69292,6.72237,308322825,0.011754489206489138
2018-09-14,6.81323,6.91407,6.77608,6.84879,390465139,0.018805867573489676
2018-09-17,6.82352,6.87146,6.76729,6.78686,207402526,-0.009042473195995271
2018-09-18,6.79086,6.89292,6.7076,6.71438,302253350,-0.010679460015382669
2018-09-19,6.69562,6.75611,6.64547,6.73833,226909867,0.0035669711872130527
2018-09-20,6.61602,6.65826,6.54282,6.59677,434510839,-0.02100817264811905
2018-09-21,6.60874,6.65426,6.49332,6.52665,439095742,-0.010629444409915756
2018-09-24,6.49562,6.58578,6.40843,6.58238,296594306,0.008538836922463933
2018-09-25,6.64847,6.67444,6.5631,6.64947,282947739,0.010192362033185631
2018-09-26,6.65446,6.69492,6.59677,6.61273,270997380,-0.005525252388536184
2018-09-27,6.64767,6.66895,6.59307,6.6245,216384802,0.0017799002832417088
2018-09-28,6.75691,6.98387,6.72887,6.96172,715868179,0.050904973960298694
2018-10-01,7.04009,7.2356,7.00116,7.1685,627732943,0.029702429859287616
2018-10-02,7.14114,7.25306,7.07535,7.09721,387467542,-0.009944897816837606
2018-10-03,7.1675,7.1751,6.99946,7.1034,323475006,0.0008721737133323693
2018-10-04,7.06756,7.09142,6.84249,6.91867,394788512,-0.026005856350480028
2018-10-05,6.8941,6.95622,6.628,6.68542,430526482,-0.03371312694491857
2018-10-08,6.60237,6.71788,6.44289,6.58408,412338186,-0.015158359534629073
2018-10-09,6.5638,6.65826,6.51047,6.57859,275994757,-0.0008338294795932066
2018-10-10,6.47204,6.51816,6.08471,6.08691,691186617,-0.07473941984528609
2018-10-11,5.99966,6.13355,5.80352,5.82512,732055092,-0.04300868585209894
2018-10-12,6.08252,6.18217,5.93703,6.10819,613785358,0.04859470706182867
2018-10-15,6.0947,6.0947,5.83032,5.83132,453864251,-0.04532766662464649
2018-10-16,5.94402,6.1017,5.8951,6.0905,412440328,0.044446197430427326
2018-10-17,6.1525,6.19057,5.97268,6.02183,332675467,-0.011274936376323819
2018-10-18,6.0912,6.12976,5.87404,5.93403,528802400,-0.014580285394971249
2018-10-19,5.98937,6.00904,5.6408,5.67702,619207688,-0.04331120671786293
2018-10-22,5.72967,5.82982,5.62512,5.72827,372208492,0.00902762364761811
2018-10-23,5.46073,5.554,5.36909,5.47642,632152580,-0.043966153830039434
2018-10-24,5.43788,5.48472,4.92605,4.93973,892354962,-0.09800015338487555
2018-10-25,4.84238,5.19644,4.79802,5.14953,960403794,0.04247195696930817
2018-10-26,4.91248,5.07502,4.78438,4.91208,670849699,-0.046111004305247394
2018-10-29,5.05386,5.05736,4.3607,4.59863,764932759,-0.06381207146463408
2018-10-30,4.62179,5.03907,4.59863,5.0291,814554428,0.09360831378040846
2018-10-31,5.19385,5.26674,5.05436,5.22309,752575573,0.038573502217096545
2018-11-01,5.25957,5.41312,5.13325,5.40364,571696544,0.034567660139879
2018-11-02,5.39437,5.4997,5.20762,5.32485,457092222,-0.014580912125900403
2018-11-05,5.31157,5.33482,5.0858,5.24638,382790913,-0.014736565349258601
2018-11-06,5.23838,5.32315,5.19185,5.22878,301738142,-0.0033546940938322667
2018-11-07,5.29569,5.38637,5.23158,5.29668,488225689,0.012985820784198188
2018-11-08,5.23708,5.23778,5.04987,5.10357,516017757,-0.036458687328666195
2018-11-09,5.01412,5.18585,4.98036,5.09558,417011831,-0.0015655707671297092
2018-11-12,5.00384,5.02591,4.67373,4.69549,622747654,-0.07851706773321188
2018-11-13,4.79334,5.05935,4.78707,4.93743,650592510,0.05152603881597018
2018-11-14,5.11127,5.12557,4.77709,4.88531,531382645,-0.010556099023176113
2018-11-15,4.87931,5.0863,4.84317,5.01392,848378165,0.026325862637171404
2018-11-16,4.04595,4.22779,4.00343,4.07363,1981431554,-0.18753590005424903
2018-11-19,4.00802,4.00871,3.58323,3.58503,1713308778,-0.11994216460503271
2018-11-20,3.32116,3.82148,3.30247,3.6934,1707469035,0.03022847786489935
2018-11-21,3.83048,3.84726,3.5578,3.58523,1034849268,-0.02928737748416088
2018-11-23,3.55031,3.70597,3.53812,3.59242,415726716,0.0020054501384847434
2018-11-26,3.71356,3.80214,3.63097,3.79186,822265650,0.05551689390438752
2018-11-27,3.76568,3.8896,3.72992,3.80862,744793275,0.0044199944090763665
2018-11-28,3.92613,3.97077,3.79366,3.96547,811864900,0.04118289564199107
2018-11-29,3.96777,4.00472,3.87222,3.90219,553629589,-0.015957755322824174
2018-11-30,3.91188,4.06334,3.86162,4.05264,735484182,0.03855527280834603
2018-12-03,4.28011,4.33202,4.14971,4.2168,898032253,0.040506928816771204
2018-12-04,4.17207,4.17707,3.88092,3.8959,818700888,-0.07610036046291024
2018-12-06,3.75549,3.93033,3.7399,3.92534,697927012,0.007556662131984915
2018-12-07,3.92953,3.93983,3.61122,3.66065,687209149,-0.06743110150967813
2018-12-10,3.61569,3.79086,3.61202,3.76588,634580929,0.028746260909947807
2018-12-11,3.85762,3.86592,3.59572,3.67504,677365189,-0.02412185199740835
2018-12-12,3.68073,3.78886,3.59143,3.6927,659443601,0.004805389873307364
2018-12-13,3.7395,3.80363,3.65635,3.6924,475209782,-8.124136810461202e-05
2018-12-14,3.65066,3.73451,3.60822,3.63197,475649537,-0.016366049182103826
2018-12-17,3.60172,3.67404,3.50287,3.56049,668245728,-0.019680779301591067
2018-12-18,3.60442,3.72822,3.57726,3.64417,568949330,0.02350238309895536
2018-12-19,3.61022,3.66394,3.38334,3.43498,751413751,-0.057404017924520545
2018-12-20,3.42649,3.51685,3.29019,3.35038,755669984,-0.024628964360782324
2018-12-21,3.37677,3.40973,3.18555,3.21302,870749374,-0.04099833451727852
2018-12-24,3.13692,3.22319,3.08752,3.15127,467602655,-0.01921867899981966
2018-12-26,3.19754,3.30148,3.08652,3.30049,700739433,0.04735233731162358
2018-12-27,3.24834,3.2825,3.10447,3.25234,642212101,-0.014588742883632433
2018-12-28,3.27291,3.40703,3.23138,3.31416,633592285,0.019007852807517267
2018-12-31,3.35777,3.39033,3.2795,3.31047,468914200,-0.0011134043015424977
2019-01-02,3.23966,3.43428,3.22489,3.37806,512881613,0.020417040480656734
2019-01-03,3.31766,3.35178,3.16627,3.17387,711276216,-0.060445936425048696
2019-01-04,3.24704,3.41551,3.2162,3.37737,590370994,0.06411730789225767
2019-01-07,3.43468,3.59302,3.38334,3.5561,714913286,0.052919875524446436
2019-01-08,3.63797,3.64017,3.39473,3.46793,792394875,-0.024794015916312806
2019-01-09,3.51935,3.58323,3.46863,3.53632,622267388,0.01972069793796294
2019-01-10,3.51685,3.61022,3.45625,3.60142,527401091,0.01840896751425225
2019-01-11,3.57925,3.71375,3.55131,3.69091,881860443,0.024848531967945897
2019-01-14,3.63867,3.75589,3.61499,3.73091,736094532,0.010837435754326163
2019-01-15,3.76348,3.80284,3.69839,3.71674,622016494,-0.0037980010238789497
2019-01-16,3.7439,3.77687,3.68541,3.6911,473918037,-0.006898518594251946
2019-01-17,3.65815,3.80244,3.63097,3.76248,497439921,0.019338408604480994
2019-01-18,3.81201,3.91755,3.76068,3.8916,656621866,0.03431779039357008
2019-01-22,3.86142,3.87322,3.65915,3.68941,666918811,-0.05195549388426346
2019-01-23,3.7447,3.83328,3.67104,3.70227,595817340,0.0034856521774484506
2019-01-24,3.78686,3.93183,3.78217,3.91417,714723062,0.05723515572878268
2019-01-25,3.85462,3.98925,3.75189,3.97147,1164595355,0.014639118893660763
2019-01-28,3.38633,3.51287,3.24854,3.4225,2531905241,-0.13822841416402498
2019-01-29,3.37637,3.4247,3.24884,3.26303,1163296870,-0.046594594594594585
2019-01-30,3.3396,3.4215,3.25954,3.40703,982134418,0.044130761899216164
2019-01-31,3.40373,3.60042,3.38204,3.56479,849692353,0.04630425913478908
2019-02-01,3.58343,3.64037,3.53632,3.58923,630118569,0.006855943828388167
2019-02-04,3.60502,3.7367,3.58303,3.69969,532889691,0.030775403080883557
2019-02-05,3.71156,3.75519,3.67783,3.71873,546826230,0.0051463771288946525
2019-02-06,3.75169,3.85862,3.7465,3.79446,708165650,0.02036447927114904
2019-02-07,3.7479,3.74989,3.61301,3.65595,642289587,-0.0365032178491802
2019-02-08,3.58873,3.68511,3.57426,3.67454,465350940,0.005084861663863016
2019-02-11,3.63037,3.68471,3.58343,3.63197,499198492,-0.011585123580094336
2019-02-12,3.67024,3.76448,3.65595,3.74889,595856338,0.032191895858170616
2019-02-13,3.77847,3.86442,3.76468,3.79146,610284010,0.011355361186911272
2019-02-14,3.79046,3.86022,3.7472,3.83198,833975341,0.010687175916401781
2019-02-15,4.04066,4.06364,3.87922,3.90159,1529056282,0.01816554366150136
2019-02-19,3.8912,3.96507,3.87222,3.88441,556370654,-0.004403333000135845
2019-02-20,3.91357,3.99873,3.90239,3.93183,545379053,0.012207774153603745
2019-02-21,3.94451,3.96907,3.84825,3.86292,452186181,-0.01752619009468881
2019-02-22,3.91457,3.96647,3.90089,3.9478,405000982,0.02197301523200057
2019-02-25,4.03099,4.09858,3.92653,3.93533,661342140,-0.0031587213131364367
2019-02-26,3.93053,3.98625,3.86242,3.8956,492426189,-0.010095722595055534
2019-02-27,3.88142,3.90789,3.79715,3.85393,504314276,-0.010696683437724563
2019-02-28,3.84765,3.87022,3.80713,3.82928,327241929,-0.006396068428850654
2019-03-01,3.87942,3.92583,3.82069,3.88361,359714603,0.01418804579450983
2019-03-04,3.92215,3.9451,3.83528,3.8919,412891140,0.0021346118688541083
2019-03-05,3.87642,3.92355,3.82168,3.88541,365492874,-0.0016675659703487833
2019-03-06,3.87662,3.88491,3.77187,3.77467,406381429,-0.028501496624551814
2019-03-07,3.75089,3.76068,3.65915,3.70527,453290316,-0.018385713188172725
2019-03-08,3.61599,3.75019,3.59442,3.7397,425403878,0.009292170341162809
2019-03-11,3.76318,4.023,3.71594,4.00003,865809452,0.0696125357649009
2019-03-12,4.028,4.08092,3.95179,4.03418,583675866,0.00853743596923029
2019-03-13,4.07193,4.2153,4.06433,4.18584,774341510,0.03759376130960934
2019-03-14,4.19504,4.20701,4.10208,4.10987,523060443,-0.018149284253578757
2019-03-15,4.15289,4.25786,4.14942,4.2156,666139840,0.025725874541044025
2019-03-18,4.24667,4.30078,4.16687,4.19404,490439178,-0.005114337223645515
2019-03-19,4.28859,4.40632,4.27163,4.3623,861022298,0.040118835299615574
2019-03-20,4.39124,4.44445,4.29459,4.32952,724237391,-0.0075143846136214165
2019-03-21,4.35272,4.59263,4.34772,4.56648,830143520,0.05473124041464206
2019-03-22,4.54024,4.58765,4.39264,4.40632,752933887,-0.03507296648622138
2019-03-25,4.366,4.43008,4.24747,4.31407,528928478,-0.020935837615062014
2019-03-26,4.45574,4.51205,4.33452,4.39094,708485176,0.01781844059090365
2019-03-27,4.41632,4.46304,4.31207,4.38167,477728446,-0.0021111652630187994
2019-03-28,4.40752,4.46603,4.34732,4.40012,483662429,0.004210723308692987
2019-03-29,4.46703,4.48202,4.41652,4.45774,460128186,0.01309509740643433
2019-04-01,4.54983,4.55551,4.47802,4.52524,487248112,0.015142202102410574
2019-04-02,4.54953,4.58736,4.50627,4.54324,444039890,0.003977689581105004
2019-04-03,4.59263,4.74112,4.58765,4.68192,794360213,0.030524471522525687
2019-04-04,4.66675,4.71547,4.61081,4.67323,460613129,-0.0018560761397032888
2019-04-05,4.71617,4.75739,4.67992,4.73982,485154853,0.014249245168759028
2019-04-08,4.70917,4.78607,4.68521,4.76079,427195558,0.004424218641214228
2019-04-09,4.72714,4.73842,4.65576,4.69789,443086119,-0.01321209295095982
2019-04-10,4.69719,4.79434,4.69269,4.76859,447919522,0.015049309370802622
2019-04-11,4.77109,4.80252,4.70488,4.7546,377252188,-0.0029337812644827377
2019-04-12,4.79334,4.79732,4.70767,4.71647,475044386,-0.008019602069574638
2019-04-15,4.70867,4.71367,4.54584,4.58506,443207941,-0.02786193911972301
2019-04-16,4.62458,4.69069,4.59163,4.67193,397758408,0.01894631695114124
2019-04-17,4.70667,4.72764,4.62728,4.64927,353486461,-0.004850243903483209
2019-04-18,4.65576,4.6897,4.59703,4.62498,383684094,-0.0052244761005491025
2019-04-22,4.60133,4.69389,4.56998,4.67852,281916342,0.01157626627574615
2019-04-23,4.69149,4.76439,4.68172,4.73284,349309566,0.011610509306361871
2019-04-24,4.74342,4.78637,4.68252,4.74542,320456407,0.002658023512309704
2019-04-25,4.70488,4.72744,4.56049,4.64027,502830545,-0.02215820728196871
2019-04-26,4.48612,4.49061,4.30208,4.4211,875138175,-0.04723216536968755
2019-04-29,4.42908,4.47972,4.357,4.45205,394692629,0.007000520232521179
2019-04-30,4.41951,4.51905,4.40032,4.49329,365489709,0.009263148437236746
2019-05-01,4.54604,4.58785,4.48002,4.48022,356788151,-0.0029087817612484246
2019-05-02,4.48991,4.58934,4.44645,4.54804,397478201,0.015137649490426952
2019-05-03,4.55621,4.56618,4.48172,4.54354,339206860,-0.0009894372081160618
2019-05-06,4.357,4.47702,4.31956,4.46473,425165112,-0.017345505927096494
2019-05-07,4.41632,4.41632,4.24887,4.29739,559147052,-0.03748042994761169
2019-05-08,4.26963,4.39782,4.25766,4.31756,422132252,0.004693546548021121
2019-05-09,4.24817,4.25786,4.10587,4.22479,664918490,-0.021486673028284664
2019-05-10,4.19404,4.25946,4.07113,4.19084,573527873,-0.008035902376212767
2019-05-13,4.05864,4.08191,3.91735,3.93333,661561147,-0.06144591537734667
2019-05-14,3.97306,4.05764,3.93433,4.0224,528592988,0.0226449344448596
2019-05-15,3.96677,3.99773,3.90739,3.96128,505874531,-0.015194908512330962
2019-05-16,3.95609,4.019,3.91337,3.97626,786615191,0.0037816059455528794
2019-05-17,3.93453,4.06394,3.84626,3.88561,1029300138,-0.022797804972511937
2019-05-20,3.78716,3.84197,3.7425,3.76718,576113366,-0.03047912682950671
2019-05-21,3.82768,3.86522,3.78946,3.84925,364410351,0.021785526574254366
2019-05-22,3.81031,3.83647,3.76748,3.77847,328175541,-0.01838799766188215
2019-05-23,3.71594,3.71594,3.59742,3.65715,596032291,-0.03210823428530596
2019-05-24,3.67604,3.71126,3.59642,3.60322,360115590,-0.014746455573328987
2019-05-28,3.62098,3.65365,3.5561,3.5581,431385161,-0.012522132981055756
2019-05-29,3.51087,3.54552,3.44925,3.48419,563762710,-0.020772322306849222
2019-05-30,3.48739,3.52334,3.419,3.45744,396636957,-0.007677537677336699
2019-05-31,3.40833,3.44098,3.36477,3.36657,392029871,-0.0262824517562128
2019-06-03,3.37777,3.41651,3.29519,3.32465,481480577,-0.012451842676670877
2019-06-04,3.38903,3.5591,3.36657,3.55381,645640160,0.06892755628412006
2019-06-05,3.62797,3.63337,3.4752,3.51157,514648196,-0.011885835202219641
2019-06-06,3.51585,3.59802,3.51336,3.57327,410557923,0.017570488414014207
2019-06-07,3.57925,3.65036,3.56009,3.61619,350925494,0.012011406918592815
2019-06-10,3.67224,3.75748,3.67224,3.68891,405168551,0.020109562827174354
2019-06-11,3.74889,3.78666,3.70697,3.7467,386145572,0.015665874201322483
2019-06-12,3.70297,3.70926,3.61839,3.63367,361019417,-0.030167881068673852
2019-06-13,3.65565,3.70297,3.63817,3.68471,309907366,0.014046404874410667
2019-06-14,3.59143,3.61599,3.54981,3.59472,396764357,-0.024422546143387125
2019-06-17,3.59302,3.64167,3.57007,3.60442,277677845,0.002698402100859143
2019-06-18,3.66594,3.85492,3.65495,3.79944,585367537,0.05410579233274704
2019-06-19,3.83468,3.84596,3.77947,3.80543,333609899,0.0015765481228811051
2019-06-20,3.8959,3.90989,3.8153,3.82968,352243018,0.006372473018817937
2019-06-21,3.81471,3.86422,3.76518,3.77167,437002142,-0.015147479684986864
2019-06-24,3.79316,3.82348,3.7459,3.79416,284625990,0.00596287586135591
2019-06-25,3.79885,3.87422,3.76188,3.76468,313715181,-0.007769835747570064
2019-06-26,3.8922,4.019,3.87942,3.95778,587535378,0.05129254013621343
2019-06-27,4.04365,4.07593,4.00742,4.05664,448082124,0.024978649647024342
2019-06-28,4.10058,4.10987,4.03468,4.08162,400023684,0.006157805474481304
2019-07-01,4.28879,4.32333,4.09228,4.12985,715750954,0.011816386630798537
2019-07-02,4.11307,4.13404,4.0184,4.03169,402600034,-0.023768417739143066
2019-07-03,4.05514,4.06094,3.98445,4.04465,248096261,0.0032145328633896852
2019-07-05,3.98605,3.99045,3.91855,3.98176,398904586,-0.015548935012918319
2019-07-08,3.92235,3.94132,3.87722,3.90689,331741685,-0.01880324278710921
2019-07-09,3.86492,3.93753,3.85223,3.90939,344892944,0.0006398951595769642
2019-07-10,3.95309,4.03518,3.93913,3.97746,454755850,0.017411923599333967
2019-07-11,4.05095,4.17307,4.01341,4.13255,686604688,0.03899222116627188
2019-07-12,4.16007,4.23658,4.16007,4.16537,509394507,0.007941827685085556
2019-07-15,4.18664,4.20281,4.12885,4.15688,291557840,-0.002038234298513686
2019-07-16,4.14213,4.17937,4.09658,4.15209,343467951,-0.00115230653759546
2019-07-17,4.15389,4.22459,4.12485,4.2176,350268495,0.01577759634304643
2019-07-18,4.22799,4.29239,4.17137,4.22928,445806103,0.002769347496206498
2019-07-19,4.26763,4.27413,4.18007,4.18604,346940335,-0.010223962471153425
2019-07-22,4.2076,4.27063,4.20003,4.25766,317812787,0.017109248836609137
2019-07-23,4.29709,4.36799,4.2814,4.366,430714742,0.02544590220919485
2019-07-24,4.44027,4.44605,4.33302,4.44027,368408539,0.01701099404489237
2019-07-25,4.39852,4.41132,4.2856,4.30907,395025956,-0.02954775272674859
2019-07-26,4.33632,4.39782,4.33632,4.35132,275785065,0.009804899897193575
2019-07-29,4.34402,4.3613,4.25646,4.34502,249633021,-0.0014478365185737196
2019-07-30,4.29838,4.37298,4.2838,4.3607,198942789,0.003608729073744099
2019-07-31,4.32902,4.32972,4.15071,4.19304,361546282,-0.03844795560345804
2019-08-01,4.20361,4.29409,4.04635,4.09858,423709493,-0.02252780798656817
2019-08-02,4.00572,4.07533,3.95828,4.00572,430888521,-0.022656627417300568
2019-08-05,3.82228,3.82348,3.70068,3.7477,592649890,-0.06441288956791791
2019-08-06,3.82228,3.86792,3.7387,3.78646,363412293,0.010342343303892942
2019-08-07,3.72553,3.83647,3.70797,3.82448,374770330,0.010041040972306625
2019-08-08,3.88222,3.93433,3.82468,3.93313,311132372,0.02840909090909083
2019-08-09,3.8922,3.8954,3.78147,3.83168,343843000,-0.025793706284816365
2019-08-12,3.77967,3.83168,3.7422,3.76388,280855511,-0.017694588274595024
2019-08-13,3.75269,3.92414,3.72353,3.87842,362649496,0.03043136338034169
2019-08-14,3.79016,3.80114,3.68591,3.72972,422370327,-0.038340355093053446
2019-08-15,3.75519,3.76848,3.66334,3.69739,557748798,-0.008668211018521443
2019-08-16,3.96008,4.01441,3.89859,3.96527,1021404231,0.0724511074027896
2019-08-19,4.07893,4.26016,4.06264,4.24427,821161515,0.0703609085888226
2019-08-20,4.23877,4.23927,4.15071,4.17187,466269258,-0.017058292709935974
2019-08-21,4.23797,4.31077,4.2166,4.25546,430447514,0.020036578320992815
2019-08-22,4.26515,4.30777,4.22259,4.26166,305557344,0.0014569517748961314
2019-08-23,4.18506,4.23957,4.01701,4.03698,572873277,-0.05272124008015666
2019-08-26,4.11587,4.13993,4.07363,4.11187,320482706,0.01855099604159549
2019-08-27,4.14991,4.15269,3.99144,4.021,293277834,-0.022099434077439195
2019-08-28,3.99443,4.06334,3.95549,4.01041,257090134,-0.0026336732156179155
2019-08-29,4.10208,4.18684,4.09858,4.15438,360140968,0.03589907266339343
2019-08-30,4.20082,4.25047,4.14892,4.16707,292343561,0.0030546074263788636
2019-09-03,4.09428,4.12725,4.06114,4.08411,297973552,-0.01990847285982711
2019-09-04,4.14473,4.20581,4.14473,4.19834,229245718,0.02796937398845767
2019-09-05,4.30058,4.47802,4.29878,4.47173,699920843,0.06511859449210888
2019-09-06,4.44825,4.50527,4.40632,4.44445,378836459,-0.006100547215507235
2019-09-09,4.47572,4.57707,4.47422,4.49061,419585026,0.010385987017516252
2019-09-10,4.45774,4.58366,4.44805,4.55721,354552670,0.014830947243247516
2019-09-11,4.57197,4.63397,4.54304,4.58566,363294718,0.006242854729099578
2019-09-12,4.63227,4.68671,4.57637,4.58406,329458292,-0.000348913787764471
2019-09-13,4.51785,4.55502,4.48272,4.52654,326192716,-0.012547828780600678
2019-09-16,4.45125,4.51805,4.44077,4.48342,232975507,-0.009526039756635352
2019-09-17,4.49011,4.50887,4.44346,4.50487,229600247,0.004784294132604172
2019-09-18,4.49789,4.51355,4.39094,4.47772,265340219,-0.0060268109845568185
2019-09-19,4.48372,4.50207,4.39124,4.40182,257607345,-0.016950590925738918
2019-09-20,4.40082,4.4245,4.2858,4.29609,359014189,-0.024019610070379893
2019-09-23,4.29639,4.39512,4.29259,4.34972,257087881,0.012483444248141629
2019-09-24,4.38097,4.41052,4.25646,4.29209,322826549,-0.013249128679547084
2019-09-25,4.29159,4.45375,4.24667,4.43407,314651516,0.03307945546342239
2019-09-26,4.4243,4.43308,4.361,4.41182,238999164,-0.005017963180554363
2019-09-27,4.37028,4.42081,4.2123,4.27283,367764319,-0.03150400514980212
2019-09-30,4.29878,4.34072,4.26743,4.33052,194152189,0.013501590280914577
2019-10-01,4.35372,4.50307,4.32403,4.32872,369379256,-0.0004156544710566257
2019-10-02,4.30677,4.31876,4.23228,4.30478,297120330,-0.005530503243452944
2019-10-03,4.30937,4.51705,4.27881,4.51087,465013357,0.047874688137372834
2019-10-04,4.51305,4.55651,4.44775,4.52724,269282113,0.0036290116984085685
2019-10-07,4.59183,4.68521,4.58306,4.58566,490722540,0.012904109346975279
2019-10-08,4.49409,4.49409,4.39094,4.40912,451559296,-0.03849827505746173
2019-10-09,4.48612,4.54554,4.45724,4.49589,309402113,0.0196796639692276
2019-10-10,4.49359,4.60433,4.48831,4.55382,329131255,0.012885101726243242
2019-10-11,4.63757,4.70987,4.6186,4.62698,453090959,0.01606563280937756
2019-10-14,4.61561,4.66095,4.58706,4.64057,211373414,0.0029371209730755243
2019-10-15,4.73044,4.95771,4.71647,4.88511,671280641,0.052696112762009806
2019-10-16,4.85087,4.95601,4.81961,4.83119,434887992,-0.011037622489565191
2019-10-17,4.87582,4.92106,4.77879,4.83319,265620827,0.00041397668069342863
2019-10-18,4.83359,4.86632,4.66425,4.73862,309141825,-0.01956678715299831
2019-10-21,4.80002,4.88951,4.78138,4.87612,268284256,0.02901688677294234
2019-10-22,4.93304,5.03837,4.85834,4.86612,339033442,-0.002050810890626309
2019-10-23,4.78408,4.86732,4.7521,4.85316,287179826,-0.0026633128652806537
2019-10-24,4.89429,4.93075,4.86034,4.89709,240216548,0.009051834268806402
2019-10-25,4.97797,5.10957,4.97019,5.0886,425178702,0.039106898178305816
2019-10-28,5.13255,5.19714,5.10297,5.14474,332423461,0.011032504028613
2019-10-29,5.13075,5.13724,5.0287,5.04807,212278873,-0.0187900651927988
2019-10-30,5.07502,5.08081,4.98186,5.05007,206977513,0.00039619101953802804
2019-10-31,5.0291,5.05007,4.92076,5.00084,210767250,-0.009748379725429523
2019-11-01,4.9654,5.07232,4.94043,5.03987,285037443,0.007804688812279359
2019-11-04,5.12127,5.24908,5.09797,5.23658,378574619,0.0390307686507787
2019-11-05,5.23638,5.26256,5.1669,5.21461,302352688,-0.004195486367056245
2019-11-06,5.19065,5.21611,5.07782,5.1657,270340511,-0.009379416677373853
2019-11-07,5.25178,5.26654,5.13854,5.18345,281722854,0.00343612675920002
2019-11-08,5.1665,5.20084,5.12875,5.16949,190341851,-0.002693186970068151
2019-11-11,5.16869,5.20243,5.08201,5.17945,244992115,0.0019266890931215475
2019-11-12,5.21741,5.27053,5.18265,5.21461,285239104,0.006788365560049803
2019-11-13,5.18365,5.21082,5.12257,5.18885,303856579,-0.004939966747273483
2019-11-14,5.19784,5.22139,5.13774,5.21911,529606678,0.005831735355618095
2019-11-15,5.21681,5.26853,4.99125,5.07981,1059417001,-0.026690374412495554
2019-11-18,5.07232,5.30757,5.06933,5.28102,578156721,0.03960974918353233
2019-11-19,5.25008,5.27353,5.11627,5.17468,417429353,-0.02013626155553272
2019-11-20,5.15173,5.33752,5.13894,5.25357,475351053,0.015245387154374734
2019-11-21,5.24908,5.30487,5.20713,5.22878,289811858,-0.004718696048591653
2019-11-22,5.25138,5.29827,5.22279,5.24638,225204295,0.003365985947008543
2019-11-25,5.37478,5.50788,5.36181,5.50289,509850276,0.04889276034141621
2019-11-26,5.48542,5.48991,5.39217,5.39865,387583595,-0.018942773706179805
2019-11-27,5.44376,5.47812,5.40714,5.43309,216320116,0.0063793726209329105
2019-11-29,5.40264,5.4306,5.37228,5.39616,142150402,-0.006797236931469941
2019-12-02,5.38917,5.40264,5.19444,5.20942,375437023,-0.0346060902567753
2019-12-03,5.02571,5.17418,4.98825,5.17019,476133789,-0.007530588817948991
2019-12-04,5.25357,5.27603,5.18545,5.21362,274765425,0.00840007814026178
2019-12-05,5.23558,5.25138,5.1662,5.19684,185913892,-0.0032184931007629425
2019-12-06,5.26605,5.31516,5.25607,5.28232,233392648,0.016448457139338624
2019-12-09,5.25937,5.33712,5.25058,5.28232,216034680,0.0
2019-12-10,5.31237,5.37918,5.25957,5.32734,257765200,0.008522770297899385
2019-12-11,5.33782,5.41662,5.33532,5.41112,234990920,0.01572642256736012
2019-12-12,5.38218,5.59646,5.37328,5.57817,407785782,0.03087161253123183
2019-12-13,5.58117,5.70048,5.52206,5.57617,456874688,-0.0003585405249391105
2019-12-16,5.62362,5.67772,5.59566,5.60513,322654373,0.005193528891694443
2019-12-17,5.62362,5.70598,5.61443,5.6833,324619121,0.013946152899219078
2019-12-18,5.71828,5.77418,5.70968,5.71368,345722070,0.005345485897277902
2019-12-19,5.74821,5.87544,5.74323,5.86205,455006474,0.025967502555270805
2019-12-20,5.92855,5.98487,5.90907,5.95941,605913817,0.01660852432169646
2019-12-23,5.98807,6.02033,5.93503,5.94572,356882472,-0.002297207273874502
2019-12-24,5.93024,5.95791,5.8959,5.94082,139446042,-0.0008241222257353575
2019-12-26,5.94412,5.98307,5.92525,5.95492,183986159,0.0023734097313166114
2019-12-27,5.9701,5.98367,5.87074,5.8971,255878238,-0.009709618265232867
2019-12-30,5.87524,5.88032,5.75221,5.78358,259329792,-0.0192501398992726
2019-12-31,5.74821,5.86724,5.72927,5.85806,232180562,0.012877836910702323
2020-01-02,5.94402,5.97288,5.8933,5.97288,238675161,0.019600345506874284
2020-01-03,5.85308,5.92105,5.82812,5.87724,206634962,-0.016012375939245427
2020-01-06,5.78358,5.90707,5.75741,5.90189,264014644,0.004194145551313255
2020-01-07,5.93024,6.01934,5.8851,5.97338,320543948,0.012113068864380683
2020-01-08,5.9691,6.02601,5.92905,5.98467,278402946,0.0018900521982530005
2020-01-09,6.07094,6.12277,5.99636,6.05026,256513024,0.010959668619990648
2020-01-10,6.1574,6.18787,6.06855,6.08272,317789012,0.005365058691692681
2020-01-13,6.16559,6.29821,6.14333,6.27322,321680962,0.031318226056764153
2020-01-14,6.2305,6.25577,6.14333,6.1562,361086768,-0.01865389704171061
2020-01-15,6.16888,6.19136,6.08791,6.11388,264208422,-0.006874370553263454
2020-01-16,6.16719,6.20334,6.14373,6.19736,285383048,0.013654177052869754
2020-01-17,6.21652,6.22412,6.1584,6.20614,254854482,0.0014167322860056952
2020-01-21,6.16937,6.20634,6.13873,6.17257,218830597,-0.005409159316418943
2020-01-22,6.21812,6.31316,6.19915,6.22532,240241635,0.008545873112820068
2020-01-23,6.26675,6.30341,6.17787,6.29501,245539460,0.01119460525723981
2020-01-24,6.41043,6.46016,6.18157,6.2361,375079410,-0.009358205944073217
2020-01-27,5.93124,6.0313,5.78138,5.98007,472506764,-0.041056108785939904
2020-01-28,6.04596,6.20584,5.99287,6.17337,312279722,0.03232403634071179
2020-01-29,6.1589,6.19516,6.07323,6.11318,260538864,-0.009749942089976815
2020-01-30,6.01534,6.13335,5.96011,6.11977,291721434,0.0010779986848088452
2020-01-31,6.07392,6.08591,5.84428,5.8861,371972560,-0.0381828075238122
2020-02-03,5.86804,6.00285,5.86175,5.98337,257001091,0.01652537333718418
2020-02-04,6.12537,6.17157,6.07522,6.1525,272681950,0.028266679145698914
2020-02-05,6.27342,6.28342,6.1594,6.24309,209093025,0.014724095895977118
2020-02-06,6.27722,6.32954,6.19616,6.32924,219197133,0.013799256457940112
2020-02-07,6.28941,6.31168,6.23829,6.26346,190547628,-0.0103930329707832
2020-02-10,6.28601,6.54741,6.28102,6.54661,531828029,0.045206642973691924
2020-02-11,6.65526,6.78426,6.59307,6.66945,641233843,0.018763909870910256
2020-02-12,6.72237,6.79186,6.68343,6.78526,376215333,0.017364250425447425
2020-02-13,6.72737,6.80884,6.69991,6.74142,530228936,-0.006461064130188099
2020-02-14,7.15152,7.34334,7.12017,7.21432,1046291700,0.07014842570259683
2020-02-18,7.11117,7.40155,7.09162,7.38298,624488088,0.02337850275563058
2020-02-19,7.50579,7.85259,7.50579,7.8348,697242031,0.06119751103213078
2020-02-20,7.78667,7.87524,7.37759,7.68531,813446277,-0.01908025731352425
2020-02-21,7.5733,7.59825,7.2361,7.32099,772518323,-0.0474047240774933
2020-02-24,6.72687,7.01741,6.67225,6.80385,860507291,-0.07063798748529915
2020-02-25,6.87874,6.94054,6.42193,6.52365,1059922634,-0.04118256575321322
2020-02-26,6.52385,6.85776,6.52245,6.66345,752804204,0.021429721091720255
2020-02-27,6.34922,6.65127,6.20015,6.29221,909670668,-0.05571288146530706
2020-02-28,6.0286,6.78726,6.02332,6.72787,1138750940,0.06923799428181843
2020-03-02,6.8977,6.91487,6.5016,6.88592,893945032,0.023491833225077086
2020-03-03,6.94174,7.00165,6.53785,6.6235,655137934,-0.038109649836187365
2020-03-04,6.73117,7.09662,6.65626,7.08724,599553158,0.0700143428700839
2020-03-05,6.88772,7.05477,6.7633,6.80804,542268247,-0.039394743228675755
2020-03-06,6.6283,6.68592,6.4267,6.6273,517263604,-0.02654802263206446
2020-03-09,5.97608,6.46156,5.93324,6.11448,616364401,-0.07737992847766051
2020-03-10,6.39026,6.50348,6.12806,6.50348,582734373,0.06361947377373034
2020-03-11,6.36321,6.39176,6.04276,6.14003,503871155,-0.05588546439752251
2020-03-12,5.61613,5.88192,5.37608,5.38867,819474340,-0.12237073760225925
2020-03-13,5.74163,6.00405,5.47042,5.99966,637118000,0.11338419313114367
2020-03-16,5.29151,5.6321,4.83239,4.89229,729583368,-0.18457212575379278
2020-03-17,5.00484,5.5014,4.75759,5.41262,836626291,0.10635714563118714
2020-03-18,4.98426,5.22978,4.50108,5.05237,877406625,-0.06655741581710906
2020-03-19,5.0309,5.39915,4.81721,5.30537,768263532,0.05007550911750336
2020-03-20,5.45515,5.73724,5.10997,5.12557,807524372,-0.03389019050509201
2020-03-23,5.12457,5.39297,4.94522,5.29847,646187425,0.03373283361655388
2020-03-24,5.70448,6.29371,5.68071,6.20734,1105600837,0.1715344240884633
2020-03-25,6.32206,6.52185,6.06995,6.11877,796280615,-0.01426859169950423
2020-03-26,6.32555,6.53195,6.22782,6.40773,700093380,0.0472251776092254
2020-03-27,6.22782,6.55441,6.19486,6.29541,641124360,-0.017528828461873314
2020-03-30,6.36081,6.6253,6.31686,6.61602,604413351,0.0509275805706062
2020-03-31,6.65626,6.86046,6.42043,6.5664,953372726,-0.007499977327758978
2020-04-01,6.36801,6.51466,6.01064,6.05526,659272666,-0.07784173976608189
2020-04-02,6.08452,6.37678,6.03627,6.36351,678191761,0.050906154318724584
2020-04-03,6.32605,6.36751,5.93853,6.07622,665596080,-0.04514646790843413
2020-04-06,6.35781,6.72317,6.30041,6.68622,730496960,0.10039136173476271
2020-04-07,6.90769,6.93125,6.40913,6.45237,787339811,-0.03497491856385215
2020-04-08,6.5616,6.67494,6.49162,6.64997,544392944,0.030624406225929324
2020-04-09,6.77588,6.79885,6.48704,6.55011,528138070,-0.01501660909748459
2020-04-13,6.49033,6.73117,6.40174,6.72237,399838318,0.026298794982068996
2020-04-14,6.85049,7.1074,6.82282,7.07355,532853787,0.052240504464943216
2020-04-15,6.9051,7.07894,6.85996,6.99586,367464031,-0.010983169695555905
2020-04-16,7.15132,7.44818,7.13814,7.34104,748298579,0.04934061001792478
2020-04-17,7.42322,7.44469,7.14783,7.28184,541058445,-0.008064252476488343
2020-04-20,7.15532,7.3112,7.1062,7.15052,451002396,-0.01803390351889078
2020-04-21,7.0326,7.09362,6.65396,6.71388,737800464,-0.061064090443772034
2020-04-22,6.90589,7.1711,6.86046,7.12816,486470243,0.06170500515350308
2020-04-23,7.1703,7.30201,7.04978,7.07505,425683094,-0.00745073062333057
2020-04-24,7.06476,7.21562,6.98987,7.21362,353912145,0.0195857273093476
2020-04-27,7.34832,7.56053,7.32378,7.40025,481109885,0.025871892336995828
2020-04-28,7.54804,7.578,7.25226,7.25786,444494999,-0.019241241849937474
2020-04-29,7.39256,7.48762,7.31749,7.43472,380523794,0.024368064415681845
2020-04-30,7.38078,7.43472,7.26686,7.28084,377268002,-0.020697484236124608
2020-05-01,7.08324,7.19636,6.99616,7.04438,343326590,-0.03247702188209056
2020-05-04,6.99686,7.26985,6.99686,7.25586,318695843,0.030021094830205097
2020-05-05,7.36031,7.47984,7.25606,7.31719,370220609,0.008452478410553743
2020-05-06,7.39655,7.52307,7.35881,7.41793,324627413,0.013767580177636463
2020-05-07,7.55754,7.65767,7.50639,7.59446,375072911,0.023797744114598007
2020-05-08,7.66617,7.79086,7.6323,7.78467,341128024,0.025045888713614906
2020-05-11,7.77968,8.08324,7.75094,8.0364,470745018,0.03233663083984295
2020-05-12,8.09422,8.14316,7.76492,7.7747,494830292,-0.03256433228808919
2020-05-13,7.88953,8.0494,7.5677,7.75214,628098117,-0.002901719680502235
2020-05-14,7.81364,8.00725,7.65997,8.00166,604475834,0.03218724120049421
2020-05-15,7.86177,8.47006,7.846,8.46057,991209343,0.05735184949123062
2020-05-18,8.72937,8.88455,8.64949,8.71908,779192159,0.030554678940071245
2020-05-19,8.75883,9.05468,8.73166,8.77401,719898505,0.0062999766030362725
2020-05-20,8.95882,9.01076,8.85707,8.93785,589646554,0.018673331806095428
2020-05-21,9.01906,9.02006,8.7064,8.74404,763803365,-0.02168418579412268
2020-05-22,8.79369,9.06017,8.68214,8.99408,1042496194,0.028595477605317443
2020-05-26,9.12379,9.14876,8.641,8.68674,773547617,-0.03417136605411564
2020-05-27,8.59406,8.60186,7.96801,8.49461,1180115975,-0.022117618347043955
2020-05-28,8.38219,8.72937,8.34924,8.45677,738772272,-0.004454589439656376
2020-05-29,8.52378,8.84379,8.45479,8.84379,748599047,0.04576451765863321
2020-06-01,8.80167,8.80916,8.65847,8.77471,391913668,-0.0078111307482424674
2020-06-02,8.76482,8.80567,8.62702,8.79369,392726129,0.0021630344478620334
2020-06-03,8.7907,8.83461,8.66897,8.73835,366751500,-0.006293148837404949
2020-06-04,8.70091,8.91531,8.65049,8.73935,425608122,0.00011443808041566861
2020-06-05,8.76702,8.9688,8.68094,8.89204,483255893,0.017471551087895554
2020-06-08,8.84958,8.86205,8.65877,8.77751,388952465,-0.012880059019077739
2020-06-09,8.77261,9.08114,8.72408,9.01776,469957164,0.02737108815598055
2020-06-10,9.13897,9.47038,9.12479,9.33765,634162816,0.03547333262362251
2020-06-11,9.12119,9.23232,8.75863,8.76881,585479494,-0.06091896783451933
2020-06-12,9.13377,9.15844,8.67615,8.90453,572697495,0.015477584757794816
2020-06-15,8.7877,9.15345,8.71668,9.14496,401255860,0.027000863605378456
2020-06-16,9.19607,9.2378,8.81115,9.04002,537394034,-0.01147517321016156
2020-06-17,9.08503,9.26996,9.04172,9.20706,409585324,0.018477835226028194
2020-06-18,9.19807,9.2536,9.08583,9.18909,255206888,-0.001951763103531401
2020-06-19,9.21365,9.41545,9.19837,9.23232,525803320,0.004704491957310264
2020-06-22,9.27096,9.50163,9.2443,9.49714,399715335,0.028684014418910886
2020-06-23,9.52128,9.61246,9.37811,9.42044,376283044,-0.00807611554636456
2020-06-24,9.44669,9.52657,9.1158,9.20666,450779304,-0.02269320753595372
2020-06-25,9.32667,9.47536,9.15345,9.46039,377250666,0.027559397218969828
2020-06-26,9.47038,9.47038,9.0962,9.12619,593941445,-0.03532623919309885
2020-06-29,9.14097,9.17571,8.87205,9.17111,343320781,0.004922097830529548
2020-06-30,9.28493,9.49665,9.2376,9.46818,369045048,0.03239193510927252
2020-07-01,9.49115,9.54585,9.3835,9.50033,327670548,0.003395583945383418
2020-07-02,9.60898,9.7072,9.54855,9.5825,365195060,0.0086491732392453
2020-07-06,9.71119,9.87756,9.68224,9.80824,316883803,0.023557526741455836
2020-07-07,9.91499,10.038,9.81964,9.84061,358921100,0.0033002862898949825
2020-07-08,9.96213,10.1938,9.93448,10.1838,366625952,0.034874870561885984
2020-07-09,10.3485,10.5373,10.2018,10.4763,496097190,0.028722088022152814
2020-07-10,10.5553,10.6222,10.3465,10.4473,499234566,-0.0027681528784017084
2020-07-13,10.5623,10.759,9.99404,10.021,458507511,-0.04080480124051189
2020-07-14,10.044,10.3703,9.75485,10.3455,544375017,0.03238199780461026
2020-07-15,10.3823,10.4013,10.024,10.1958,405251044,-0.014470059446135886
2020-07-16,9.9841,10.1748,9.86438,10.103,346045862,-0.009101787010337592
2020-07-17,10.1938,10.2168,10.056,10.1698,267119220,0.006611897456201277
2020-07-20,10.2428,10.4983,10.125,10.4783,285743566,0.030334913174300482
2020-07-21,10.4803,10.5273,10.2547,10.2967,278537086,-0.017331055610165902
2020-07-22,10.3355,10.5693,10.2597,10.4063,368441969,0.010644186972525116
2020-07-23,10.4173,10.5143,10.0,10.098,412951490,-0.029626284077914233
2020-07-24,9.84391,10.3325,9.74645,10.1628,474775345,0.0064171122994651775
2020-07-27,10.2008,10.4093,10.1858,10.3893,293045768,0.022287164954539973
2020-07-28,10.3425,10.3495,10.1778,10.1838,272487410,-0.019779965926482124
2020-07-29,10.3583,10.4833,10.3155,10.4333,285399373,0.024499695594964566
2020-07-30,10.3435,10.5902,10.2637,10.5813,309848248,0.01418534883498035
2020-07-31,10.5303,10.7331,10.4013,10.5813,387496686,0.0
2020-08-03,10.6991,11.0636,10.6821,10.9756,414312709,0.03726385226767981
2020-08-04,11.0156,11.1932,10.8729,11.1932,311308244,0.019825795400706836
2020-08-05,11.2092,11.3361,11.1313,11.2512,251284873,0.0051817174713220115
2020-08-06,11.3141,11.3221,11.1432,11.3001,245081378,0.004346203071672328
2020-08-07,11.2771,11.4691,11.0026,11.1642,343589442,-0.012026442243874058
2020-08-10,11.2991,11.3731,10.8229,11.1303,429136731,-0.0030364916429299615
2020-08-11,11.0396,11.1016,10.763,10.8169,355621613,-0.028157372218179155
2020-08-12,10.9556,11.4311,10.9237,11.4041,466400113,0.05428542373508116
2020-08-13,11.51,11.6855,11.3201,11.4071,375633176,0.00026306328425751424
2020-08-14,11.494,11.6685,11.4051,11.5278,367584651,0.010581129296665992
2020-08-17,11.8144,12.3704,11.7804,12.2976,623248190,0.06677770259719984
2020-08-18,12.4104,12.4564,12.049,12.2228,505024073,-0.006082487639864631
2020-08-19,12.2578,12.2756,12.061,12.1008,624573765,-0.009981346336354946
2020-08-20,11.9382,12.3355,11.8424,12.1038,924274011,0.0002479174930583028
2020-08-21,12.1638,12.7679,12.1578,12.6442,1003003259,0.0446471356103042
2020-08-24,12.8438,12.8718,12.4684,12.6801,492101696,0.0028392464529192196
2020-08-25,12.5913,12.721,12.5343,12.71,289982823,0.0023580255676218798
2020-08-26,12.7589,12.8278,12.6382,12.733,322249760,0.0018095987411486103
2020-08-27,12.7419,12.8098,12.5273,12.5883,318598308,-0.011364171836959147
2020-08-28,12.6352,13.1063,12.6033,13.1063,538842042,0.04114932119507797
2020-08-31,13.1413,13.5328,12.9976,13.3331,502410909,0.01730465501323808
2020-09-01,13.4421,13.955,13.3991,13.7827,513926390,0.03372059011032702
2020-09-02,14.661,14.685,13.8614,14.3055,876489969,0.037931609916779685
2020-09-03,13.7906,13.8465,12.8428,12.9787,947804678,-0.09274754465065882
2020-09-04,12.7479,13.1373,11.6715,12.5863,1467831119,-0.030234152881259302
2020-09-08,11.7015,12.5144,11.6715,11.8804,797984705,-0.05608479060565852
2020-09-09,12.3644,12.7729,12.1978,12.6791,738284766,0.06722837614895116
2020-09-10,12.9527,13.0286,12.1328,12.2766,700664631,-0.03174515541323908
2020-09-11,12.4504,12.6162,11.8624,12.1308,638732005,-0.011876252382581498
2020-09-14,13.0445,13.2772,12.5953,12.8358,1205150884,0.05811652982490845
2020-09-15,13.2432,13.2612,12.7918,12.9547,729618571,0.009263154614437719
2020-09-16,12.9208,13.0555,12.4784,12.4784,559179730,-0.03676657892502333
2020-09-17,12.0978,12.5543,12.0011,12.4284,794757846,-0.004006923964610887
2020-09-18,12.5583,12.5963,11.9551,12.1558,700441459,-0.021933635866241863
2020-09-21,11.8924,12.4864,11.8714,12.4814,723085965,0.026785567383471376
2020-09-22,12.5393,12.6122,12.1218,12.6023,648284220,0.009686413383114045
2020-09-23,12.5403,12.6911,12.0461,12.0898,648846058,-0.0406671798005126
2020-09-24,12.0381,12.5343,11.9801,12.3125,733312776,0.018420486691260285
2020-09-25,12.4194,12.8468,12.2118,12.8378,589682808,0.04266395939086287
2020-09-28,13.0036,13.0156,12.714,12.9986,575435396,0.012525510601504974
2020-09-29,12.9008,13.4051,12.8968,13.1883,624770629,0.014593879340852212
2020-09-30,13.1203,13.5848,13.1133,13.4928,691137383,0.02308864675507838
2020-10-01,13.7197,13.7247,13.4231,13.5768,526490264,0.006225542511561599
2020-10-02,13.1873,13.4818,13.0146,13.0256,554061733,-0.04059866831653991
2020-10-05,13.1993,13.6058,13.1853,13.6048,481178157,0.0444662817835646
2020-10-06,13.7916,14.1028,13.6267,13.6987,786643013,0.0069019757732566855
2020-10-07,13.961,14.0798,13.8256,13.9253,419270107,0.016541715637250265
2020-10-08,14.0358,14.0458,13.7197,13.8006,379974706,-0.008954923771839818
2020-10-09,13.7287,13.7867,13.6227,13.7247,347874047,-0.005499760879961624
2020-10-12,13.9502,14.3065,13.8743,14.1858,435975923,0.03359636276202749
2020-10-13,14.2557,14.3075,13.98,14.2078,345579758,0.0015508466212692529
2020-10-14,14.2497,14.3025,13.9213,14.0558,277431188,-0.010698348794324297
2020-10-15,13.7727,13.967,13.7297,13.9313,267982467,-0.008857553465473234
2020-10-16,13.998,14.0818,13.7547,13.7737,243327274,-0.011312655674632022
2020-10-19,13.8644,13.9442,13.3691,13.46,298913332,-0.02277528913799476
2020-10-20,13.5458,13.7617,13.4689,13.6078,229861656,0.01098068350668635
2020-10-21,13.5868,13.7537,13.4401,13.4868,220219687,-0.00889195902350115
2020-10-22,13.4848,13.5738,13.1943,13.3231,291302690,-0.012137793991161772
2020-10-23,13.4121,13.5548,13.2542,13.5528,234145991,0.01724073226201095
2020-10-26,13.3891,13.6547,13.0016,13.1043,337849137,-0.033092792633256596
2020-10-27,13.2692,13.4041,13.1543,13.3591,251229660,0.019443999297940273
2020-10-28,13.1613,13.2223,12.5733,12.5913,377585205,-0.05747393162713055
2020-10-29,12.8018,13.1553,12.714,12.9877,320989021,0.03148205506977031
2020-10-30,12.8138,12.8998,12.2648,12.4984,418578987,-0.037674107039737614
2020-11-02,12.6222,12.7998,12.3594,12.5453,300501879,0.0037524803174806554
2020-11-03,12.6721,13.0685,12.5673,12.9827,273674489,0.03486564689565008
2020-11-04,13.3521,13.7896,13.2991,13.7557,411391956,0.059540773490876386
2020-11-05,14.1228,14.2985,13.952,14.1208,319932506,0.02654172452147119
2020-11-06,14.0708,14.5473,13.8564,14.5213,384435744,0.028362415727154255
2020-11-09,14.5113,14.649,13.5728,13.5928,584630118,-0.06394055628628292
2020-11-10,13.5688,13.5688,12.5923,12.734,645892596,-0.06318050732740865
2020-11-11,13.0176,13.3971,12.9118,13.3801,405890507,0.05073818124705509
2020-11-12,13.4411,13.7277,13.2782,13.4191,367674125,0.002914776421700793
2020-11-13,13.5888,13.6307,13.0226,13.2592,347745095,-0.011915851286599
2020-11-16,13.1353,13.6118,13.1193,13.4768,414947485,0.01641124653071091
2020-11-17,13.5148,13.5588,13.2672,13.3851,312912264,-0.006804285883889483
2020-11-18,13.4271,13.5678,13.1473,13.3911,512373346,0.000448259631978809
2020-11-19,13.1753,13.45,13.0635,13.4031,567538167,0.0008961175706252433
2020-11-20,13.4161,13.457,13.0286,13.0505,342056487,-0.02630734680782809
2020-11-23,13.1343,13.3451,12.9787,13.1033,362378352,0.004045821999157262
2020-11-24,13.1053,13.1253,12.8488,12.9218,347482003,-0.013851472529820885
2020-11-25,12.9956,13.2323,12.9837,13.1973,260653034,0.021320559055240107
2020-11-27,13.3371,13.3701,13.1333,13.2243,167749272,0.002045873019481226
2020-11-30,13.2273,13.3751,12.9358,13.3641,287765268,0.010571448016152063
2020-12-01,13.455,13.4908,13.1913,13.3531,298414639,-0.0008231006951460174
2020-12-02,13.3131,13.6357,13.1973,13.5068,284164302,0.011510435778957717
2020-12-03,13.5538,13.6257,13.2951,13.3631,200027034,-0.010639085497675338
2020-12-04,13.4151,13.5258,13.3551,13.5248,202756682,0.012100485665751393
2020-12-07,13.5668,13.6967,13.4659,13.5728,223612984,0.0035490358452621162
2020-12-08,13.5508,13.5648,13.2482,13.3171,272324457,-0.01883914888600735
2020-12-09,13.2672,13.3801,12.8358,12.8978,401674464,-0.031485834002898505
2020-12-10,12.8368,13.0356,12.8168,12.9398,208292042,0.003256369303292095
2020-12-11,12.9398,12.9877,12.7898,12.9807,209796764,0.0031607907386512757
2020-12-14,13.0545,13.3551,13.0445,13.2752,270843540,0.022687528407558943
2020-12-15,13.4061,13.4301,13.1533,13.3271,193977008,0.003909545618898447
2020-12-16,13.3891,13.4031,13.1793,13.2093,223680935,-0.008839132294347518
2020-12-17,13.3331,13.3461,13.1453,13.3081,231971140,0.007479578781615981
2020-12-18,13.3451,13.3711,13.0376,13.2393,342932803,-0.00516978381587152
2020-12-21,13.0415,13.3371,12.9348,13.2991,303099471,0.00451685512073885
2020-12-22,13.2861,13.3041,13.0216,13.2452,186787764,-0.004052905835733145
2020-12-23,13.2223,13.2422,12.9717,12.9767,179597429,-0.020271494579168436
2020-12-24,13.0046,13.0993,12.9058,12.9607,98131953,-0.0012329791087102304
2020-12-28,13.0296,13.0296,12.731,12.8678,213105104,-0.007167822725624218
2020-12-29,12.8928,13.0395,12.8098,12.9108,170804555,0.003341674567524988
2020-12-30,12.9577,13.1803,12.8638,13.1123,225969225,0.01560708863896898
2020-12-31,13.1033,13.1173,12.8818,13.0216,192912762,-0.0069171693753193875
2021-01-04,13.0715,13.6187,12.9298,13.0804,562064720,0.004515574122995636
2021-01-05,13.0665,13.4101,13.0535,13.3711,323579081,0.022224091006391333
2021-01-06,13.1893,13.2113,12.5543,12.5823,581896094,-0.058992902603375974
2021-01-07,12.9348,13.3441,12.8538,13.3111,462652709,0.057922637355650286
2021-01-08,13.3291,13.3871,13.0096,13.2432,293271024,-0.005101005927383939
2021-01-11,13.3851,13.9263,13.3291,13.5878,520346108,0.02602090129273882
2021-01-12,13.7187,13.7207,13.3111,13.451,292217483,-0.010067854987562352
2021-01-13,13.456,13.5908,13.3511,13.4978,210561474,0.0034792952196862625
2021-01-14,13.5408,13.5658,13.1473,13.1673,283838837,-0.024485471706500395
2021-01-15,13.1953,13.2921,12.8158,12.8268,278486290,-0.025859515618235962
2021-01-19,12.9837,13.0615,12.8118,12.9926,226760955,0.012926061059656213
2021-01-20,13.0785,13.3971,13.0236,13.3321,259227119,0.02613025876268038
2021-01-21,13.3851,13.964,13.2203,13.8335,339198288,0.037608478784287636
2021-01-22,13.7057,13.8076,13.5928,13.6787,247445000,-0.011190226623775779
2021-01-25,13.7477,13.7946,13.2033,13.6197,251748494,-0.004313275384356663
2021-01-26,13.5468,13.6108,13.3541,13.4011,164396585,-0.016050280108959813
2021-01-27,13.1973,13.1993,12.7609,12.8848,372215142,-0.03852668810769255
2021-01-28,12.9637,13.3061,12.9278,13.0176,228895416,0.010306717993294301
2021-01-29,13.0425,13.3011,12.8788,12.9567,272241233,-0.004678281710914445
2021-02-01,13.0206,13.2373,12.8698,13.2033,217755575,0.019032624047790048
2021-02-02,13.3651,13.5378,13.2522,13.5228,220997747,0.024198495830587863
2021-02-03,13.6018,13.8973,13.4828,13.4968,246032145,-0.0019226787351731556
2021-02-04,13.4968,13.6397,13.3041,13.6307,201849460,0.009920870132179349
2021-02-05,13.6907,13.7027,13.5118,13.5568,169582954,-0.005421585098344006
2021-02-08,13.6927,14.4373,13.6927,14.4025,435725890,0.0623819780479169
2021-02-09,14.3045,14.5463,14.1868,14.2267,288289940,-0.01220621419892387
2021-02-10,14.4263,14.867,14.3045,14.726,486584133,0.035095981499574824
2021-02-11,14.9419,15.2333,14.8869,15.2124,451971911,0.03303001493956259
2021-02-12,15.0116,15.2512,14.737,14.9229,375708628,-0.019030527727380342
2021-02-16,15.0256,15.3321,14.9119,15.2902,322776645,0.024613178403661395
2021-02-17,15.1325,15.1844,14.742,14.868,276398399,-0.02761245765261411
2021-02-18,14.691,14.835,14.5383,14.791,234674899,-0.005178907721280601
2021-02-19,14.9857,15.1385,14.809,14.8879,272413761,0.006551281184504099
2021-02-22,14.737,15.0945,14.2885,14.3195,326712651,-0.03817865514948382
2021-02-23,14.0408,14.2028,13.3561,14.1068,391785948,-0.014853870596040375
2021-02-24,14.0878,14.4703,13.7217,14.4623,449456883,0.025200612470581696
2021-02-25,14.0098,14.3385,13.1833,13.2742,826528453,-0.08215152499948142
2021-02-26,13.7187,13.8206,13.3271,13.6807,502201737,0.030623314399361057
2021-03-01,13.8405,13.8903,13.5198,13.8076,354079385,0.009275841148479236
2021-03-02,13.8654,13.8863,13.3631,13.3721,264784441,-0.031540600828529275
2021-03-03,13.3931,13.4181,12.7659,12.7719,378548590,-0.04488449832113128
2021-03-04,12.7679,12.9428,12.054,12.3384,574800299,-0.03394170013858555
2021-03-05,12.5184,12.5184,11.6495,12.4294,544216561,0.007375348505478829
2021-03-08,12.4184,12.4394,11.5368,11.5638,544490069,-0.06964133425587715
2021-03-09,12.1038,12.5893,12.0331,12.4924,522969407,0.08030232276587279
2021-03-10,12.8118,12.9517,12.4304,12.4404,385219141,-0.004162530818737742
2021-03-11,12.9218,13.0176,12.706,12.9657,300571714,0.04222533037522913
2021-03-12,12.6202,12.8608,12.5623,12.8278,244498750,-0.010635754336441594
2021-03-15,12.8368,13.1783,12.7389,13.1623,223008223,0.026076178300254105
2021-03-16,13.3271,13.4828,13.0883,13.2622,272726136,0.007589858915235226
2021-03-17,13.0116,13.4241,12.9617,13.3121,244398771,0.0037625733287085517
2021-03-18,13.1073,13.1553,12.6891,12.6941,294832961,-0.04642393010869794
2021-03-19,12.722,12.8938,12.5843,12.8178,299862837,0.009744684538486315
2021-03-22,12.8848,13.3651,12.8788,13.1573,298455890,0.026486604565526095
2021-03-23,13.2253,13.3151,12.9926,13.0425,222532824,-0.008725194378785828
2021-03-24,13.1223,13.1303,12.6092,12.6152,246377419,-0.03276212382595367
2021-03-25,12.4724,12.6871,12.2448,12.5074,295791540,-0.008545247003614587
2021-03-26,12.5263,12.8278,12.3464,12.8108,364766822,0.024257639477429427
2021-03-29,12.7918,13.0336,12.6721,12.9198,274119452,0.008508445998688607
2021-03-30,12.8138,12.9467,12.6771,12.8438,200641330,-0.005882444000681164
2021-03-31,12.9877,13.4421,12.9537,13.3191,315467532,0.037006181971067864
2021-04-01,13.5428,13.8405,13.4818,13.7827,308950360,0.03480715663971279
2021-04-05,13.8385,13.984,13.7037,13.958,256231845,0.012718843187474071
2021-04-06,13.97,14.0238,13.7447,13.8325,192166280,-0.008991259492764025
2021-04-07,13.8514,14.2118,13.6827,14.1138,251835193,0.020336164829206638
2021-04-08,14.2217,14.4403,14.2177,14.2856,244950703,0.01217248366846646
2021-04-09,14.1828,14.3765,14.1448,14.3685,195598705,0.005803046424371239
2021-04-12,14.2586,15.3171,14.1088,15.1754,871227627,0.05615756689981555
2021-04-13,15.1984,15.6646,15.0925,15.6436,677694189,0.030852564018081896
2021-04-14,15.5898,15.6846,15.1944,15.2422,386346972,-0.025659055460379943
2021-04-15,15.6267,16.178,15.5967,16.101,599792595,0.056343572450171076
2021-04-16,16.017,16.13,15.8293,15.8763,335942366,-0.013955654928265226
2021-04-19,15.5018,15.7716,15.1994,15.3271,405304594,-0.03459244282357987
2021-04-20,15.2882,15.4618,14.9299,15.1375,334865481,-0.012370246165288923
2021-04-21,15.0855,15.3271,15.0685,15.3251,217252225,0.0123930635838152
2021-04-22,15.3401,15.4039,14.751,14.817,278395204,-0.03315475918591071
2021-04-23,14.9009,15.3001,14.867,15.2313,228271486,0.027961125733954262
2021-04-26,15.1515,15.4438,15.0915,15.4428,198230667,0.013885879734494067
2021-04-27,15.5428,15.6356,15.3191,15.3471,164933766,-0.006197062708835244
2021-04-28,15.3301,15.4968,15.1824,15.2422,209875271,-0.006835167556085486
2021-04-29,15.3649,15.4009,15.0385,15.2902,173576135,0.0031491516972614875
2021-04-30,15.1405,15.3301,14.9638,14.9767,202352690,-0.02050332892964124
2021-05-03,15.0915,15.2134,14.755,14.804,204358830,-0.01153124520087867
2021-05-04,14.6053,14.6063,13.98,14.3195,406213308,-0.03272764117806004
2021-05-05,14.676,14.781,14.3565,14.4263,292663188,0.007458360976291045
2021-05-06,14.4633,14.5393,14.1868,14.4913,193804832,0.004505659801889772
2021-05-07,14.775,14.9379,14.6401,14.779,229830029,0.019853291285115926
2021-05-10,14.754,14.773,14.2187,14.2347,269493258,-0.036829284795994344
2021-05-11,13.7956,14.3235,13.7207,14.2746,286211383,0.002803009547092561
2021-05-12,13.98,14.2287,13.6797,13.7287,304074414,-0.0382427528617264
2021-05-13,14.0039,14.0508,13.4301,13.6357,286353835,-0.006774130107002119
2021-05-14,13.8604,14.2965,13.7197,14.2118,259181891,0.04224938947028756
2021-05-17,14.1268,14.1388,13.8246,14.1358,217456479,-0.0053476688385708515
2021-05-18,14.2357,14.3725,13.974,13.986,186662528,-0.010597207091215144
2021-05-19,13.5368,14.0488,13.5138,14.0358,344753426,0.003560703560703482
2021-05-20,14.2706,14.651,14.2397,14.5803,322296870,0.03879365622194664
2021-05-21,15.1305,15.1884,14.836,14.9589,674467250,0.025966543898273686
2021-05-24,15.1784,15.7096,15.1425,15.5768,556032410,0.041306513179445004
2021-05-25,15.7306,15.7825,15.4468,15.6127,436361337,0.0023047095680754914
2021-05-26,15.6986,15.7586,15.5508,15.6646,371250675,0.0033242168234834946
2021-05-27,15.6646,15.7146,15.4249,15.4528,582749846,-0.013520932548549025
2021-05-28,15.4658,16.2408,15.4658,16.2079,645948469,0.04886493062745911
2021-06-01,16.2338,16.3516,15.8673,16.2288,473839420,0.001289494629162391
2021-06-02,16.2158,16.8818,16.1989,16.741,595470023,0.031561175194715574
2021-06-03,16.6641,17.2214,16.5463,16.9327,581278223,0.011450928857296594
2021-06-04,17.0744,17.6229,17.0584,17.54,618473064,0.0358655146550757
2021-06-07,17.533,17.7734,17.1554,17.581,577017033,0.002337514253135664
2021-06-08,17.489,17.584,17.2134,17.419,324556658,-0.009214492918491524
2021-06-09,17.482,17.541,17.2224,17.3242,382406460,-0.005442333084562767
2021-06-10,17.3162,17.458,17.1424,17.391,288335168,0.0038558779048958325
2021-06-11,17.446,17.9043,17.41,17.7904,417124619,0.022965901903283514
2021-06-14,17.8713,18.0051,17.6288,17.9842,322004955,0.010893515603921156
2021-06-15,17.8803,17.9812,17.6936,17.7535,243507372,-0.012827926735690331
2021-06-16,17.7565,17.9203,17.55,17.7754,307725314,0.0012335595798012022
2021-06-17,17.7405,18.799,17.7215,18.6213,811243775,0.04758823992709016
2021-06-18,18.7481,19.338,18.5484,18.6033,970755601,-0.0009666349825200315
2021-06-21,18.3995,18.5005,17.7884,18.3915,673701659,-0.0113850768412056
2021-06-22,18.4365,18.9277,18.3505,18.8508,581284062,0.024973493189788698
2021-06-23,18.9716,19.1165,18.8718,19.0205,333009274,0.009002270460670037
2021-06-24,19.1913,19.383,19.0515,19.1693,321552190,0.007823138193002288
2021-06-25,19.2433,19.3092,18.8578,18.9946,278912205,-0.00911353048885466
2021-06-28,19.3242,20.0401,19.2823,19.9463,496408824,0.050103713687048135
2021-06-29,19.8434,20.0601,19.6198,19.9883,368355310,0.0021056536801311587
2021-06-30,19.9603,20.1228,19.8254,19.9633,327207037,-0.0012507316780315803
2021-07-01,20.086,20.4155,19.9803,20.1728,481077186,0.010494256961524284
2021-07-02,20.3995,20.4644,20.2487,20.4465,344070579,0.013567774428934198
2021-07-06,20.6961,20.8,20.3106,20.6562,447584122,0.010256034040055706
2021-07-07,20.812,20.833,20.2927,20.3326,419248414,-0.015665998586380847
2021-07-08,19.8174,20.0939,19.6638,19.8644,504287376,-0.02302705999232757
2021-07-09,19.9233,20.0411,19.7166,20.0112,297204786,0.007390104911298545
2021-07-12,20.2008,20.4924,20.1488,20.4714,322616647,0.022997121611897375
2021-07-13,20.3605,20.4205,20.0751,20.2108,291276812,-0.012729954961556156
2021-07-14,20.3186,20.3785,19.7156,19.8044,380845123,-0.020108061036673397
2021-07-15,19.7745,19.8094,18.8229,18.9297,551644971,-0.04416695279836802
2021-07-16,18.9936,19.1205,18.0381,18.1259,689573232,-0.042462373941478115
2021-07-19,17.8803,19.0055,17.8314,18.7441,750528743,0.03410589267291542
2021-07-20,18.6941,18.802,18.1289,18.5763,435539593,-0.00895215027662033
2021-07-21,18.8388,19.49,18.7061,19.373,371745452,0.04288798092192758
2021-07-22,19.6049,19.8484,19.2393,19.557,324461436,0.009497754606927034
2021-07-23,19.6188,19.6628,19.2133,19.521,196055967,-0.0018407731247123138
2021-07-26,19.2743,19.405,18.8777,19.2573,204343377,-0.013508529276164083
2021-07-27,19.2283,19.585,18.7051,19.1713,249350951,-0.004465838928614185
2021-07-28,19.2823,19.6088,18.9586,19.466,202587941,0.01537193617542898
2021-07-29,19.482,19.8144,19.2912,19.6248,191155273,0.008157813623754118
2021-07-30,19.381,19.5929,19.2263,19.462,183857568,-0.008295625942684848
2021-08-02,19.6628,19.9223,19.3242,19.7126,217870696,0.012876374473332675
2021-08-03,19.7027,20.1828,19.1833,19.7775,302403033,0.0032923105019124765
2021-08-04,19.9513,20.2787,19.7905,20.2348,231763330,0.023122234862849256
2021-08-05,20.4594,20.6911,20.3026,20.5952,211850294,0.017810900033605304
2021-08-06,20.4834,20.5283,20.1708,20.3266,178846910,-0.013041873834679918
2021-08-09,20.4055,20.4674,20.1039,20.2557,146730478,-0.003488040301870332
2021-08-10,20.2827,20.3895,19.7965,19.8974,179589527,-0.017688848077331287
2021-08-11,20.0042,20.0102,19.393,19.6618,186289712,-0.011840743011649835
2021-08-12,19.8314,19.9903,19.583,19.8664,152159579,0.010405964865882078
2021-08-13,19.8664,20.1748,19.8134,20.1488,183422109,0.014214955905448523
2021-08-16,20.0959,20.2477,19.416,19.9113,211567172,-0.011787302469626004
2021-08-17,19.6478,19.7325,19.2303,19.421,204986335,-0.024624208364094846
2021-08-18,19.463,19.5959,18.9636,19.0035,286474575,-0.02149734823129601
2021-08-19,19.456,20.4545,18.7261,19.7605,768059098,0.03983476727971169
2021-08-20,19.9523,20.823,19.8944,20.774,677067415,0.05128918802661886
2021-08-23,20.9288,21.9534,20.9078,21.9144,576936573,0.05489554250505435
2021-08-24,21.7095,21.9154,21.4919,21.7494,297882346,-0.007529295805497771
2021-08-25,21.6935,22.4257,21.6786,22.169,348383386,0.01929248622950519
2021-08-26,22.156,22.2959,21.7464,22.0242,238407372,-0.006531643285669131
2021-08-27,22.14,22.6771,22.123,22.5912,305320180,0.025744408423461485
2021-08-30,22.7849,22.9976,22.5063,22.6432,263095193,0.0023017812245476055
2021-08-31,22.6542,22.6542,22.08,22.3449,260313718,-0.013173933013001737
2021-09-01,22.4445,22.6561,22.3169,22.4007,202127264,0.0024972141293986283
2021-09-02,22.4774,22.5522,22.2549,22.3559,188445495,-0.001999937501953153
2021-09-03,22.2849,22.9446,22.16,22.8018,281333483,0.01994551773804676
2021-09-07,22.7919,22.8577,22.4824,22.6212,198460931,-0.00792042733468401
2021-09-08,22.4724,22.5692,21.9374,22.2989,254888573,-0.014247696850741898
2021-09-09,22.2719,22.4973,22.091,22.137,197207553,-0.007260447824780525
2021-09-10,22.3089,22.5852,22.2299,22.4377,248819288,0.013583593079459666
2021-09-13,22.6432,22.9226,21.8184,22.112,298031167,-0.014515748049042543
2021-09-14,22.2349,22.3697,22.0462,22.2019,200111320,0.004065665701881382
2021-09-15,22.2689,22.3269,21.9264,22.3009,166835410,0.004459077826672431
2021-09-16,22.144,22.2369,21.8874,22.2019,156312077,-0.004439282719531534
2021-09-17,22.2599,22.2809,21.7904,21.8604,295028763,-0.015381566442511652
2021-09-20,21.1074,21.394,20.6242,21.0744,350064471,-0.03595542625020576
2021-09-21,21.378,21.386,20.9118,21.2074,205053625,0.006310974452416129
2021-09-22,21.3271,21.9204,21.1574,21.9014,269205449,0.03272442637947126
2021-09-23,22.1,22.4944,21.8504,22.4416,248998776,0.024665089902928594
2021-09-24,22.0302,22.109,21.8214,22.0412,218044135,-0.017841865107657284
2021-09-27,21.6717,21.7594,21.2863,21.6208,245653040,-0.019073371685752183
2021-09-28,21.1754,21.38,20.6132,20.6612,343681599,-0.044383186561089194
2021-09-29,20.9018,20.9788,20.4305,20.4804,218783637,-0.008750701798540317
2021-09-30,20.7311,21.0276,20.6502,20.6781,221403802,0.009653131774770118
2021-10-01,20.7121,20.821,20.1678,20.7041,241408294,0.001257368907201295
2021-10-04,20.4674,20.5054,19.521,19.6977,346252210,-0.04860872967190066
2021-10-05,19.9153,20.6102,19.8194,20.4145,279780389,0.03639003538484187
2021-10-06,20.085,20.6821,20.0451,20.6622,297732492,0.012133532538146863
2021-10-07,21.0534,21.2833,20.9338,21.0366,257377733,0.018120045300113352
2021-10-08,21.0624,21.1674,20.7371,20.793,151528028,-0.011579818031430933
2021-10-11,20.5373,21.0246,20.4744,20.6572,163679316,-0.006531044101380279
2021-10-12,20.79,21.0187,20.4914,20.6332,162423074,-0.0011618225122476122
2021-10-13,20.88,20.9518,20.6752,20.9008,180974491,0.012969389139833032
2021-10-14,21.2493,21.7155,21.0834,21.7065,244023802,0.03854876368368676
2021-10-15,21.7704,21.8914,21.6228,21.8224,227399377,0.0053394144611060845
2021-10-18,21.7095,22.2509,21.6048,22.1819,189831961,0.016473898379646634
2021-10-19,22.2359,22.3389,21.9973,22.2499,161761649,0.003065562463089311
2021-10-20,22.2649,22.3927,21.9424,22.0632,146537160,-0.008391048948534707
2021-10-21,22.0572,22.6701,22.0432,22.6512,187925320,0.026650712498640372
2021-10-22,22.7819,23.0885,22.5203,22.6851,249829133,0.0014966094511548178
2021-10-25,22.9316,23.3133,22.7289,23.1245,230645985,0.019369542122362304
2021-10-26,23.9463,25.2143,23.8813,24.6732,486766014,0.06697225885965108
2021-10-27,24.4305,25.0456,24.2389,24.4077,246429176,-0.010760663391858438
2021-10-28,24.8339,24.9058,24.4794,24.8968,234622551,0.020038758260712886
2021-10-29,24.9558,25.6636,24.9558,25.522,293025187,0.025111660936345315
2021-11-01,25.6036,25.8484,25.1824,25.7814,266214312,0.01016378026800413
2021-11-02,25.7764,26.6303,25.7544,26.3547,294637620,0.022236961530405663
2021-11-03,26.6224,26.736,26.1889,26.5505,240338760,0.0074294148671774085
2021-11-04,27.1555,31.3092,27.0696,29.7477,1155691296,0.12041957778572909
2021-11-05,30.133,31.3442,29.3573,29.6989,852780325,-0.001640462960161626
2021-11-08,30.095,31.0447,29.8533,30.7493,503999356,0.03536831330453327
2021-11-09,32.2249,32.2519,29.9102,30.6024,647901159,-0.004777344524916072
2021-11-10,29.3033,30.7952,28.726,29.4063,637341853,-0.03908516979060461
2021-11-11,30.4137,30.5354,29.7237,30.3357,332765301,0.0316054722967527
2021-11-12,29.9562,30.6254,29.5769,30.3357,413791913,0.0
2021-11-15,30.4974,30.5894,29.1943,29.9712,385596364,-0.012015546039814473
2021-11-16,29.7059,30.3357,29.6529,30.1489,264955986,0.00592902519752303
2021-11-17,30.3637,30.4545,28.7479,29.2083,429273214,-0.0311984848535104
2021-11-18,32.3088,32.7011,31.2653,31.6187,783106723,0.08252448790241118
2021-11-19,32.186,33.0287,31.8485,32.9259,534820028,0.04134262319450199
2021-11-22,33.4569,34.5853,31.8435,31.8994,755682323,-0.03117606504302084
2021-11-23,31.4788,32.3018,30.8252,31.6897,533113034,-0.006573791356577319
2021-11-24,31.4051,32.796,30.8732,32.6153,435939368,0.029208228541134806
2021-11-26,32.5414,32.6513,31.2942,31.4468,283574363,-0.0358267438901374
2021-11-29,32.3078,33.3522,31.9794,33.3163,455776451,0.05944961013521244
2021-11-30,33.1097,33.2935,31.8076,32.6173,623177354,-0.020980721148506798
2021-12-01,33.1646,33.2346,31.3282,31.3832,486610001,-0.03783574974016857
2021-12-02,31.1624,32.4235,30.9738,32.0733,473676818,0.021989472074230854
2021-12-03,31.9474,32.0763,30.0801,30.6424,545230352,-0.0446134323565085
2021-12-06,29.8304,30.1909,27.9912,29.9872,660034371,-0.021382137169412174
2021-12-07,30.906,32.3946,30.6004,32.3726,594039821,0.07954727350336133
2021-12-08,31.9464,32.2359,31.3692,31.7736,476342370,-0.018503302175296388
2021-12-09,31.6817,32.152,30.3777,30.4395,489319630,-0.04198768789183471
2021-12-10,31.0984,31.2533,29.8114,30.1479,489638084,-0.00957965801015126
2021-12-13,30.1989,30.2439,28.0692,28.114,599338798,-0.06746406880744593
2021-12-14,27.6526,28.6302,27.2044,28.29,668144758,0.006260226221811216
2021-12-15,28.3528,30.4495,27.7915,30.4087,699458264,0.07489218805231523
2021-12-16,31.1004,31.1084,28.0462,28.3398,708542411,-0.06803645009487413
2021-12-17,27.9383,28.8738,27.7136,27.7545,717814249,-0.020652933330510437
2021-12-20,27.2594,28.0971,27.0996,27.6726,462614882,-0.0029508728314328048
2021-12-21,28.3268,29.0716,27.3553,29.0267,525257076,0.04893287945476765
2021-12-22,28.8428,29.506,28.4018,29.3513,395841632,0.011182807553045793
2021-12-23,29.7059,30.0091,29.3823,29.5909,343592236,0.008163181869286884
2021-12-27,29.6109,31.0347,29.5909,30.894,404357262,0.044037187108198594
2021-12-28,31.2603,31.2782,29.9622,30.2718,421290718,-0.020139832977277172
2021-12-29,30.2219,30.4974,29.3173,29.9512,343709971,-0.010590714790663203
2021-12-30,29.7775,30.4067,29.491,29.5369,309377907,-0.013832500868078745
2021-12-31,29.6249,29.9802,29.2823,29.3623,266973193,-0.005911249995767975
2022-01-03,29.7655,30.6604,29.7357,30.0711,393055570,0.02413979831280244
2022-01-04,30.2269,30.4177,28.3019,29.2413,528031140,-0.02759460079611331
2022-01-05,28.9008,29.3673,27.4869,27.5577,498892235,-0.05757609955781717
2022-01-06,27.5937,28.3908,27.0197,28.131,454941757,0.020803622943859512
2022-01-07,28.0941,28.3748,27.0117,27.2014,410620306,-0.03304539476022894
2022-01-10,26.5365,27.423,25.6006,27.3543,595670001,0.005621034211474418
2022-01-11,27.2774,28.0182,26.7938,27.7705,404761355,0.015215158128703665
2022-01-12,28.0202,28.5474,27.5617,27.9522,384051161,0.006542914243531817
2022-01-13,28.3328,28.4327,26.4535,26.5305,539764316,-0.050861828407066434
2022-01-14,26.2758,27.1515,26.1671,26.8967,396490679,0.013802981474152265
2022-01-18,26.2169,26.5934,25.7275,25.8604,426013526,-0.03852889016124661
2022-01-19,26.0363,26.4995,25.0106,25.0256,489126652,-0.03228101653493365
2022-01-20,25.2623,25.537,24.0379,24.1099,435904506,-0.03659053129595302
2022-01-21,23.468,24.7821,23.2245,23.3352,720153585,-0.032132028751674646
2022-01-24,22.2929,23.3412,20.853,23.3332,917333768,-8.570742911995222e-05
2022-01-25,22.5083,22.9047,21.9634,22.2869,665721727,-0.04484168480962758
2022-01-26,23.2015,24.0171,22.2629,22.7339,757216008,0.020056625192377497
2022-01-27,23.529,23.9552,21.6387,21.9074,574306293,-0.036355398765719915
2022-01-28,21.9753,22.8198,21.2603,22.8018,544678630,0.040826387430731303
2022-01-31,23.1435,24.4684,23.0136,24.4455,565618836,0.07208641423045536
2022-02-01,25.0625,25.1035,23.8504,24.5973,519788226,0.006209731852488298
2022-02-02,25.7514,25.7744,24.5123,25.2003,544323200,0.02451488578014649
2022-02-03,24.4176,25.0356,23.7406,23.9083,410859973,-0.05126923092185398
2022-02-04,23.9323,24.5943,23.593,24.2789,355418640,0.015500892995319537
2022-02-07,24.3318,25.1404,24.1619,24.6872,377494289,0.016817071613623336
2022-02-08,24.3189,25.1884,23.9403,25.0665,411041133,0.015364237337567754
2022-02-09,25.58,26.6803,25.3112,26.6603,525153622,0.0635828695669518
2022-02-10,25.9524,26.8797,25.558,25.7814,514053249,-0.03296662078071133
2022-02-11,25.8734,26.1091,23.7336,23.9093,606478979,-0.07261436539520738
2022-02-14,23.8943,24.8339,23.7156,24.2269,441156924,0.013283534022326071
2022-02-15,24.9078,26.5005,24.7431,26.4505,702919922,0.09178227507440084
2022-02-16,26.2159,26.5375,25.51,26.4665,733894884,0.0006049034989885627
2022-02-17,25.5879,25.7425,24.1249,24.4664,811943227,-0.0755710048551943
2022-02-18,24.6263,24.9448,23.0615,23.603,762520994,-0.03528921296144916
2022-02-22,22.9966,24.024,22.9616,23.3512,634475922,-0.010668135406516233
2022-02-23,23.7625,24.1149,22.2639,22.3499,567452970,-0.042880023296447134
2022-02-24,20.9798,23.7605,20.855,23.7086,737024387,0.06079221830970161
2022-02-25,23.6817,24.1769,23.3422,24.1169,529745095,0.017221598913474523
2022-02-28,23.9522,24.6243,23.6677,24.3448,478112468,0.00944980490859093
2022-03-01,24.2509,24.3368,23.0935,23.438,412741297,-0.03724820084781966
2022-03-02,23.7206,24.3728,23.3801,24.1839,390223389,0.031824387746394844
2022-03-03,24.2254,24.2898,23.434,23.6787,365639943,-0.020889930904444798
2022-03-04,23.3492,23.6449,22.4485,22.9017,432655474,-0.03281430146080644
2022-03-07,22.7829,22.9986,21.2982,21.3201,451493739,-0.06906037543064492
2022-03-08,21.2773,22.3399,20.6192,21.4819,558299208,0.007589082602802
2022-03-09,22.3539,23.1855,22.2139,22.9796,493477366,0.06971915891983493
2022-03-10,22.4973,22.7539,21.8494,22.6242,428704537,-0.015465891486361905
2022-03-11,22.9876,23.1105,22.0133,22.0671,367756627,-0.024624075105417975
2022-03-14,21.8364,22.2289,21.1274,21.2982,385929380,-0.03484372663376689
2022-03-15,21.4859,23.0036,21.2902,22.9386,492729992,0.07702059328957378
2022-03-16,23.465,24.5603,23.1375,24.4594,672423835,0.06629872790841618
2022-03-17,24.0839,24.8049,23.8703,24.7291,472645561,0.011026435644373889
2022-03-18,24.7621,26.5295,24.5873,26.4135,731809155,0.06811408421657084
2022-03-21,26.4675,27.1116,25.9284,26.6942,592610231,0.010627141423892983
2022-03-22,26.6873,27.1974,26.0333,26.4845,547823506,-0.007855639052678054
2022-03-23,26.0871,26.5719,25.537,25.5957,502869272,-0.03355925163775042
2022-03-24,26.1271,28.278,25.8684,28.1081,878688626,0.09815711232746116
2022-03-25,27.8445,28.3159,27.2304,27.6506,579880360,-0.01627644700282127
2022-03-28,27.7141,28.208,27.1655,28.177,426128968,0.01903756157190073
2022-03-29,28.6516,28.9028,27.9383,28.6133,489714208,0.015484260212229817
2022-03-30,28.262,28.4532,27.462,27.6486,464178883,-0.033715090534821246
2022-03-31,27.7405,28.206,27.2294,27.2454,524221453,-0.01458301686161323
2022-04-01,27.3343,27.455,26.2278,26.6723,518007082,-0.0210347434796333
2022-04-04,26.6883,27.5169,26.5734,27.3193,398301398,0.024257375629398226
2022-04-05,27.2134,27.2784,25.7814,25.8924,437266376,-0.0522304744265043
2022-04-06,24.8968,25.2623,23.9671,24.3708,704883028,-0.0587662789080966
2022-04-07,24.4047,24.6852,23.443,24.1719,558825162,-0.008161406273080818
2022-04-08,23.8813,23.8873,23.0276,23.0845,525563873,-0.04498612024706383
2022-04-11,22.1809,22.2868,21.6277,21.8844,576065334,-0.05198726418159372
2022-04-12,22.5033,22.6911,21.2503,21.472,663246488,-0.018844473689020425
2022-04-13,21.6955,22.4664,21.423,22.17,517714976,0.032507451564828704
2022-04-14,22.4714,22.7429,21.1314,21.2264,569946225,-0.04256202074875959
2022-04-18,21.1684,22.0552,21.0474,21.7504,526485216,0.024686239776881447
2022-04-19,21.6875,22.3399,21.2823,22.165,513545903,0.019061718405178674
2022-04-20,22.4835,22.6366,21.1684,21.45,469674383,-0.032258064516129004
2022-04-21,21.6769,22.3588,19.9703,20.1528,657188831,-0.06047552447552451
2022-04-22,20.2727,20.4555,19.471,19.486,625645813,-0.03308721368742795
2022-04-25,19.1733,19.9153,19.0675,19.8724,642523145,0.0198296212665503
2022-04-26,19.6887,19.7585,18.6423,18.7601,654117313,-0.05597210201082903
2022-04-27,18.5703,19.1383,18.2626,18.3875,500205613,-0.01986130137899067
2022-04-28,18.9387,20.0072,18.4621,19.7525,571177921,0.07423521414004086
2022-04-29,19.373,20.0984,18.4895,18.5195,501181807,-0.062422478167320605
2022-05-02,18.513,19.545,18.3635,19.504,572902461,0.05316018251032695
2022-05-03,19.371,19.7955,19.1045,19.573,476460897,0.003537735849056478
2022-05-04,19.8934,20.3695,18.7231,20.3036,649823044,0.03732692995452913
2022-05-05,19.8374,19.8954,18.4725,18.8159,627266208,-0.07327272010874919
2022-05-06,18.7081,19.483,17.9632,18.6473,634241913,-0.008960506805414492
2022-05-09,18.0071,18.2276,16.8018,16.9247,645416356,-0.09237798501659755
2022-05-10,17.6626,18.1707,16.9994,17.569,762610788,0.03806862160038271
2022-05-11,17.3212,17.7265,16.5433,16.6052,671167252,-0.05485798850247592
2022-05-12,16.195,16.763,15.5438,16.151,709786145,-0.02735287741189507
2022-05-13,16.763,17.9017,16.5678,17.6796,671437134,0.0946442944709307
2022-05-16,17.483,17.7615,17.0804,17.2384,522224236,-0.024955315731125305
2022-05-17,18.0471,18.3435,17.6079,18.1498,586704059,0.05287033599405988
2022-05-18,17.6786,18.0911,16.8388,16.9127,545974711,-0.06816053069455297
2022-05-19,16.9117,17.6606,16.709,17.0984,622236893,0.010979914502119659
2022-05-20,17.3063,17.384,15.7316,16.6691,740208372,-0.025107612408178603
2022-05-23,16.2498,16.8898,16.155,16.8728,640843722,0.012220215848486093
2022-05-24,16.4854,16.5723,15.7566,16.13,589428429,-0.044023517140012514
2022-05-25,15.996,17.0854,15.9761,16.9496,782297737,0.050812151270923867
2022-05-26,16.012,18.0651,15.998,17.8244,998061905,0.05161183744749143
2022-05-27,18.1588,18.8528,18.0731,18.783,739481379,0.05378021139561495
2022-05-31,18.9516,19.1713,18.3225,18.6443,665090677,-0.007384336900388644
2022-06-01,18.6961,19.0247,18.0951,18.2926,545326585,-0.01886367415242196
2022-06-02,18.2646,19.59,18.1707,19.563,649623917,0.0694488481681117
2022-06-03,19.053,19.3035,18.494,18.6921,599672375,-0.044517712007360766
2022-06-06,19.1105,19.3082,18.5366,18.7581,423036590,0.0035309034297912323
2022-06-07,18.4445,18.9716,18.1608,18.8977,389494563,0.007442118338211401
2022-06-08,18.775,19.1554,18.5114,18.6242,363717725,-0.014472660694158646
2022-06-09,18.4574,18.9087,18.0179,18.0249,396080453,-0.032178563374534175
2022-06-10,17.5777,17.6743,16.8474,16.9522,466246079,-0.059512119346015635
2022-06-13,15.9794,16.2912,15.5861,15.627,604927199,-0.07817274454053169
2022-06-14,15.7109,16.0454,15.3922,15.8158,470281100,0.012081653548345672
2022-06-15,16.0744,16.8464,15.9057,16.5058,564657957,0.04362725881713225
2022-06-16,15.8397,15.922,15.3812,15.5811,546447682,-0.056022731403506776
2022-06-17,15.628,15.9745,15.3083,15.8597,631141322,0.017880637438948632
2022-06-21,16.4534,16.9861,16.386,16.5448,483707636,0.04319753841497631
2022-06-22,16.2053,16.6407,16.1594,16.3391,438558441,-0.012432909433779837
2022-06-23,16.4973,16.5638,15.8327,16.2043,464273486,-0.008250148416987346
2022-06-24,16.4789,17.118,16.2892,17.104,472757578,0.055522299636516115
2022-06-27,17.29,17.308,16.6042,16.8474,428516035,-0.0150023386342375
2022-06-28,16.8784,17.18,15.9247,15.9616,462450924,-0.052577845839714143
2022-06-29,15.7938,15.7998,15.1507,15.5221,482970092,-0.027534833600641573
2022-06-30,15.3413,15.5471,14.8431,15.1397,686948771,-0.02463584179975653
2022-07-01,14.8811,15.0436,14.3735,14.5044,578349901,-0.04196252237494791
2022-07-05,14.1568,14.9521,14.0368,14.9451,653042978,0.030383883511210463
2022-07-06,14.9909,15.2993,14.7701,15.1107,529743504,0.011080554830680267
2022-07-07,15.4356,15.9247,15.3692,15.8377,493534086,0.048111603036259165
2022-07-08,15.4102,16.0164,15.3692,15.8178,468571153,-0.0012564955770092423
2022-07-11,15.5061,15.5071,15.0188,15.1327,438950232,-0.04331196500145407
2022-07-12,15.2484,15.4112,14.8581,15.0627,459070340,-0.004625744249208696
2022-07-13,14.5714,15.3552,14.4464,15.1447,522586830,0.005443911118192757
2022-07-14,15.0887,15.4531,14.7091,15.3523,456819200,0.013707765753035561
2022-07-15,15.6389,15.7619,15.4252,15.7419,386429788,0.02537730502921387
2022-07-18,16.2812,16.8754,15.9814,16.0804,671376270,0.021503122240644545
2022-07-19,16.4649,17.088,16.1514,16.9702,703265693,0.05533444441680535
2022-07-20,16.9253,17.9096,16.7794,17.7842,761511911,0.04796643528066857
2022-07-21,17.8622,18.1207,17.5222,18.0269,557762767,0.013646945041104086
2022-07-22,17.8701,17.9441,17.1145,17.297,537358265,-0.04048949070555674
2022-07-25,16.997,17.102,16.6277,17.002,481363267,-0.017054980632479677
2022-07-26,16.8674,16.8974,16.4569,16.5118,398374508,-0.028831902129161202
2022-07-27,17.01,17.9131,16.8914,17.7673,570506018,0.07603653145023537
2022-07-28,17.952,18.1168,17.4177,17.961,475254222,0.010902050395952045
2022-07-29,17.7902,18.2205,17.6693,18.1397,436018172,0.009949334669562049
2022-08-01,18.1586,18.8219,17.967,18.4174,477079317,0.015308963213283455
2022-08-02,18.0989,18.9132,18.0689,18.5024,490153922,0.004615200842681411
2022-08-03,18.1606,18.9436,18.1138,18.8688,418681144,0.019802836388792766
2022-08-04,18.8249,19.2494,18.7361,19.1904,410176966,0.017044009157975104
2022-08-05,18.786,19.2043,18.6422,18.9646,386562778,-0.011766299816574954
2022-08-08,17.4797,18.2155,17.22,17.7703,985043241,-0.06297522752918605
2022-08-09,17.23,17.4249,16.7025,17.064,669118582,-0.039746093200452415
2022-08-10,17.6753,18.0949,17.295,18.0739,598187658,0.0591830754805438
2022-08-11,18.1078,18.6831,17.8532,17.9191,509978912,-0.00856483658756535
2022-08-12,18.1367,18.6941,17.9301,18.6851,478706508,0.042747682640311035
2022-08-15,18.6771,19.1394,18.5892,19.0075,458251753,0.017254389861440567
2022-08-16,18.8952,19.1175,18.4774,18.8548,451817602,-0.008033670919373903
2022-08-17,18.4994,18.6641,18.1217,18.3115,447371384,-0.028814943674820293
2022-08-18,18.2775,18.8408,18.1596,18.7491,415978677,0.023897550719493177
2022-08-19,18.3974,18.4964,17.7473,17.8262,442153930,-0.049223696070744616
2022-08-22,17.4677,17.5357,16.9443,17.012,410117329,-0.04567434450415675
2022-08-23,16.9667,17.4427,16.9483,17.159,370459659,0.008640959322830932
2022-08-24,16.9901,17.3837,16.8734,17.2,523330151,0.0023894166326710042
2022-08-25,16.8224,17.9241,16.8114,17.8901,771678456,0.04012209302325598
2022-08-26,17.8342,17.9011,16.2162,16.2392,770112553,-0.09228008786982744
2022-08-29,15.9994,16.3171,15.7469,15.7808,496767402,-0.02822799152667621
2022-08-30,15.9396,16.0184,15.1627,15.4481,530859762,-0.021082581364696318
2022-08-31,15.3642,15.5201,14.9396,15.0747,574444686,-0.02417125730672387
2022-09-01,14.1898,14.3615,13.2532,13.9192,1180375069,-0.0766516083238804
2022-09-02,14.0818,14.1528,13.5737,13.6296,744109320,-0.02080579343640443
2022-09-06,13.7136,13.7616,13.3339,13.4478,536437387,-0.013338615953512822
2022-09-07,13.5497,13.8246,13.3329,13.7007,513161600,0.018806050060232726
2022-09-08,13.4458,13.9942,13.3559,13.9762,625487611,0.020108461611450634
2022-09-09,14.143,14.4597,14.112,14.3728,487607455,0.028376812008986674
2022-09-12,14.3548,14.5327,14.184,14.4907,484635355,0.008202994545252196
2022-09-13,13.7886,13.9083,13.086,13.118,715658707,-0.09472972320177764
2022-09-14,13.2409,13.2769,12.9003,13.115,589085269,-0.00022869339838393898
2022-09-15,13.0025,13.22,12.7774,12.9163,524140085,-0.015150590926420127
2022-09-16,12.729,13.199,12.6047,13.185,671411007,0.02080317118679509
2022-09-19,12.9993,13.4498,12.9973,13.3689,570245500,0.013947667804323105
2022-09-20,13.2015,13.4695,13.0442,13.163,525333848,-0.01540141672089701
2022-09-21,13.2,14.017,13.097,13.2479,808473660,0.006449897439793295
2022-09-22,13.0652,13.136,12.4157,12.5487,759908709,-0.05277817616376934
2022-09-23,12.4077,12.5987,12.245,12.5037,663961599,-0.003586028831671806
2022-09-26,12.4787,12.6467,12.202,12.216,547880939,-0.023009189279973197
2022-09-27,12.4947,12.7235,12.246,12.4007,554398712,0.01511951538965306
2022-09-28,12.3977,12.8103,12.3416,12.7235,542947282,0.02603078858451524
2022-09-29,12.4357,12.4877,11.9344,12.208,533287031,-0.040515581404487744
2022-09-30,12.075,12.6207,12.0631,12.127,566194660,-0.006634993446919979
2022-10-03,12.3348,12.6656,12.093,12.4997,548016852,0.030733074956708073
2022-10-04,12.8663,13.207,12.8663,13.154,584756146,0.05234525628615083
2022-10-05,12.898,13.3079,12.6087,13.196,507629435,0.003192945111753165
2022-10-06,13.207,13.6427,13.09,13.117,644790344,-0.005986662625037775
2022-10-07,12.4927,12.6576,12.0102,12.0641,673139465,-0.08026987878325842
2022-10-10,12.0252,12.1123,11.397,11.6585,699386341,-0.033620410971394454
2022-10-11,11.5496,11.8344,11.2719,11.5745,668138022,-0.007205043530471245
2022-10-12,11.5675,11.7234,11.3339,11.4888,493074596,-0.007404207525163131
2022-10-13,10.9602,12.0661,10.8025,11.9482,850938989,0.03998676972355697
2022-10-14,12.0452,12.099,11.1929,11.2159,714133568,-0.06128956662928309
2022-10-17,11.5068,11.9363,11.5058,11.8764,581345295,0.05888961206858134
2022-10-18,12.3318,12.4797,11.6065,11.9552,660010467,0.006635007241251545
2022-10-19,11.8674,12.3377,11.8224,12.0392,523645049,0.007026231263383309
2022-10-20,12.101,12.7564,12.093,12.182,653039168,0.011861253239418001
2022-10-21,12.0862,12.4857,11.8754,12.4537,610093778,0.022303398456739343
2022-10-24,12.4957,12.6975,12.0522,12.5867,517966260,0.010679557079422253
2022-10-25,12.6811,13.2869,12.6516,13.2479,505979414,0.05253164054120618
2022-10-26,12.8563,13.3749,12.6955,12.8833,536059925,-0.02752134300530651
2022-10-27,13.6167,13.8246,13.109,13.163,583686505,0.021710276093857894
2022-10-28,13.091,13.8365,13.0482,13.8206,521552313,0.04995821621210972
2022-10-31,13.7647,13.8246,13.2839,13.4837,486819250,-0.024376655137982484
2022-11-01,13.7976,13.9113,13.5057,13.5297,433242526,0.0034115265097858227
2022-11-02,13.8365,14.196,13.1983,13.206,673289292,-0.023925142464356286
2022-11-03,13.0303,13.7677,12.9433,13.4079,500556616,0.015288505224897886
2022-11-04,13.9722,14.215,13.6837,14.142,613178308,0.054751303336092905
2022-11-07,14.214,14.3978,13.9403,14.2868,410464198,0.010239004384104078
2022-11-08,14.7865,14.8765,14.202,14.5877,595877391,0.021061399333650588
2022-11-09,14.1475,14.197,13.7457,13.7627,454860524,-0.05655449453992056
2022-11-10,14.7855,15.7576,14.5327,15.7346,701508425,0.1432785717918723
2022-11-11,15.792,16.373,15.4667,16.311,656132067,0.03663264398205235
2022-11-14,16.2021,16.5237,15.9064,16.279,528371532,-0.0019618662252467445
2022-11-15,16.705,16.9812,16.366,16.6496,546412306,0.022765526137969117
2022-11-16,16.1457,16.346,15.8574,15.8944,650185595,-0.04535844704977898
2022-11-17,15.6996,16.25,15.5197,15.6616,711592642,-0.014646668008858388
2022-11-18,15.9503,15.9862,15.1052,15.3938,492555546,-0.017099146958165168
2022-11-21,15.1322,15.4617,15.0652,15.3019,405137324,-0.005969935948238914
2022-11-22,15.3129,16.0418,15.1068,16.0222,473331079,0.047072585757324426
2022-11-23,16.0822,16.5107,16.0322,16.5027,427661072,0.029989639375366695
2022-11-25,16.302,16.4708,16.1562,16.254,168099444,-0.015070261229980564
2022-11-28,16.0102,16.341,15.7096,15.8115,304451108,-0.027224067921742368
2022-11-29,15.8115,15.9164,15.5047,15.6236,298677917,-0.011883755494418669
2022-11-30,15.6856,16.9176,15.5857,16.9106,565709397,0.08237538083412277
2022-12-01,16.9865,17.2525,16.6229,17.1225,471319141,0.012530602107553745
2022-12-02,16.6469,16.9202,16.4331,16.8637,371658714,-0.0151146152723024
2022-12-05,16.6669,16.9825,16.46,16.5979,352511387,-0.015761665589402174
2022-12-06,16.5179,16.5609,15.8075,15.9754,352950806,-0.03750474457612096
2022-12-07,15.7606,16.1743,15.6556,16.1083,372658441,0.008319040524806809
2022-12-08,16.2612,17.1665,15.9474,17.1565,515830463,0.06507204360484975
2022-12-09,17.1475,17.5704,16.9625,16.9885,465676660,-0.009792207035234646
2022-12-12,17.0245,17.5254,16.7847,17.5224,457660443,0.031427141890102206
2022-12-13,18.5176,18.7764,17.6981,18.0589,657066338,0.03061795187873817
2022-12-14,17.9739,18.2386,17.4074,17.6611,497249518,-0.022027919751479885
2022-12-15,17.1335,17.3075,16.6879,16.9396,478890174,-0.040852495031453495
2022-12-16,16.8519,17.0285,16.3981,16.5589,478579778,-0.022473966327421935
2022-12-19,16.5599,16.5969,16.1333,16.2422,354296284,-0.01912566655997683
2022-12-20,16.0523,16.2982,15.8405,16.0733,403553106,-0.010398837595892219
2022-12-21,16.1023,16.6149,16.0903,16.489,325261791,0.02586276620233563
2022-12-22,16.0818,16.1263,14.8713,15.3278,565456263,-0.07042270604645529
2022-12-23,15.185,15.3278,14.8723,15.195,349579716,-0.008663996137736607
2022-12-27,15.0631,15.0891,14.0456,14.1106,465240412,-0.07136558078315236
2022-12-28,13.9169,14.2515,13.8739,14.0256,351321802,-0.006023840233583155
2022-12-29,14.3915,14.6723,14.2165,14.5924,355181398,0.040411818389231025
2022-12-30,14.3235,14.6183,14.2225,14.6034,310715668,0.0007538170554535206
2023-01-03,14.8403,14.9852,14.0856,14.3045,401568453,-0.020467836257309968
2023-01-04,14.5564,14.8423,14.2305,14.7383,431637329,0.03032612115068689
2023-01-05,14.4804,14.5534,14.1375,14.2545,389451176,-0.03282603828121289
2023-01-06,14.4634,14.9992,14.0236,14.8483,405338233,0.0416570205899891
2023-01-09,15.2728,16.0443,15.1301,15.6166,504597318,0.05174329721247539
2023-01-10,15.4957,15.9504,15.4607,15.8975,384380641,0.0179872699563286
2023-01-11,15.828,16.0163,15.5517,15.9893,353541896,0.005774492844786927
2023-01-12,16.0883,16.6249,15.4807,16.4989,551810134,0.03187131394119813
2023-01-13,16.2662,16.9096,16.1533,16.8867,447612400,0.02350459727618226
2023-01-17,16.8867,17.7151,16.8867,17.6891,511473917,0.04751668472821802
2023-01-18,17.6542,17.8601,17.2695,17.3644,439943316,-0.01835593670678548
2023-01-19,17.0235,17.1845,16.7188,16.7528,453261045,-0.03522148764138122
2023-01-20,16.9985,17.8431,16.8127,17.8261,565378056,0.06406690224917622
2023-01-23,18.0509,19.231,17.8046,19.179,655639131,0.07589433471146223
2023-01-24,18.8133,19.4809,18.8063,19.251,496565020,0.0037541060534962423
2023-01-25,18.8986,19.3559,18.5665,19.3089,449864086,0.0030076359669628516
2023-01-26,19.6868,20.1513,19.264,19.7877,489891490,0.0247968553361404
2023-01-27,19.4479,20.613,19.3909,20.3501,542536314,0.028421696306291322
2023-01-30,19.9355,20.1253,19.136,19.148,488966547,-0.05907096279625168
2023-01-31,19.1555,19.6728,18.9361,19.5229,498378819,0.01957906831000633
2023-02-01,19.6768,21.1766,19.5968,20.9278,660957446,0.0719616450424887
2023-02-02,20.9848,21.9331,20.685,21.6932,564686233,0.036573361748487576
2023-02-03,20.9848,21.7292,20.7739,21.0846,429678255,-0.02805487433850251
2023-02-06,20.7909,21.5543,20.7709,21.0736,452526001,-0.000521707786725778
2023-02-07,21.3664,22.2429,21.1346,22.157,664632688,0.05141029534583552
2023-02-08,22.3708,22.8612,21.9921,22.1889,560058289,0.0014397255946201337
2023-02-09,22.5895,23.0032,22.104,22.3209,524256828,0.0059489204061491385
2023-02-10,21.6742,22.0617,20.7959,21.2495,551137335,-0.04799985663660522
2023-02-13,21.5223,22.0321,20.9468,21.7721,475264058,0.02459351984752578
2023-02-14,21.5623,23.032,21.3504,22.9542,675964814,0.05429425732933435
2023-02-15,22.5325,22.8382,22.09,22.7473,421494616,-0.009013600996767512
2023-02-16,22.117,22.5335,21.9109,21.9861,412325972,-0.03346331212935161
2023-02-17,21.6153,21.7242,20.9598,21.3724,466226509,-0.02791309054357083
2023-02-21,20.9848,21.4781,20.603,20.64,410312779,-0.03426849581703495
2023-02-22,20.692,21.0886,20.4061,20.739,513557591,0.004796511627906952
2023-02-23,23.423,23.8706,23.0082,23.647,1118808599,0.1402189112300496
2023-02-24,23.2082,23.457,22.9302,23.2691,590144847,-0.01598088552459076
2023-02-27,23.653,23.8626,23.437,23.484,453323161,0.009235423802381737
2023-02-28,23.355,23.8077,23.1892,23.1992,456294450,-0.012127405893374243
2023-03-01,23.1752,23.2387,22.4917,22.6814,460360225,-0.022319735163281562
2023-03-02,22.4717,23.3634,22.4158,23.2971,390358376,0.027145590660188512
2023-03-03,23.3031,23.8826,23.1132,23.8726,412693259,0.02470264539363254
2023-03-06,23.8736,24.2304,23.47,23.537,437747400,-0.014057957658570874
2023-03-07,23.587,24.1115,23.2281,23.2751,515441035,-0.011127161490419368
2023-03-08,23.474,24.1865,23.4105,24.1675,513859664,0.03834140347409898
2023-03-09,24.1615,24.4405,23.3698,23.423,501536399,-0.030805834281576572
2023-03-10,23.396,23.614,22.7132,22.9521,475130348,-0.020104171113862312
2023-03-13,22.7392,23.2851,22.2847,22.9531,422125489,4.356899804358605e-05
2023-03-14,23.483,24.2055,23.447,24.0495,475174853,0.0477669682962214
2023-03-15,23.7477,24.2725,23.347,24.2145,524778097,0.00686084949791077
2023-03-16,24.0135,25.5738,23.8807,25.5268,585272319,0.0541948006359827
2023-03-17,25.9676,26.3843,25.6536,25.7106,849019554,0.007200275788582955
2023-03-20,25.6006,26.0096,25.1158,25.8856,432988410,0.006806531158354945
2023-03-21,26.1655,26.3773,25.3669,26.1844,547712894,0.011543097320517948
2023-03-22,26.4103,27.5735,26.2224,26.4533,797739536,0.010269473426925968
2023-03-23,27.1004,27.4836,26.6751,27.1759,565203638,0.027316062646248307
2023-03-24,27.0159,27.1519,26.3403,26.764,455667925,-0.015156811733926023
2023-03-27,26.822,26.9849,26.3503,26.5163,361226982,-0.009254969361829235
2023-03-28,26.4323,26.4983,25.8356,26.3953,356302278,-0.004563230918340877
2023-03-29,26.81,27.0629,26.5822,26.9689,393913321,0.021731141528984477
2023-03-30,27.2139,27.4836,27.0869,27.3678,364718927,0.014791111242950183
2023-03-31,27.1249,27.8188,27.0899,27.7615,434174651,0.014385518748310178
2023-04-03,27.4936,27.9844,27.3208,27.9494,398937851,0.006768366262629888
2023-04-04,27.9504,27.9844,27.2919,27.4377,368796989,-0.018308085325624224
2023-04-05,26.814,26.9829,26.3803,26.8659,515301818,-0.020839939207732416
2023-04-06,26.5692,27.0649,26.4123,27.0219,397875999,0.005806617310419426
2023-04-10,26.808,27.6055,26.6541,27.5635,395498885,0.020043002157509315
2023-04-11,27.708,27.7745,27.1109,27.1539,314553409,-0.014860231828323744
2023-04-12,27.3548,27.4526,26.4328,26.4803,446507702,-0.024806749675000628
2023-04-13,26.7191,26.8718,26.3143,26.4483,353812391,-0.0012084455236534009
2023-04-14,26.4893,26.8679,26.2054,26.743,395880677,0.011142493090293026
2023-04-17,26.5508,26.9909,26.4184,26.9869,321650493,0.009120143588976504
2023-04-18,27.5181,28.0944,27.3418,27.6515,605148672,0.024626763355553916
2023-04-19,27.3458,27.9844,27.2169,27.9154,358860333,0.009543786051389835
2023-04-20,27.6555,28.0144,26.9849,27.0889,427951674,-0.02960731352586754
2023-04-21,26.9369,27.1679,26.7071,27.1039,345295136,0.0005537323405528927
2023-04-24,26.9979,27.3508,26.6562,27.0269,339470981,-0.002840919572460021
2023-04-25,27.0629,27.2319,26.2104,26.2264,378738157,-0.029618639207604214
2023-04-26,26.9869,27.3148,26.6902,26.9409,406563309,0.027243540859591686
2023-04-27,27.3478,27.4796,26.6103,27.2109,377371426,0.010021936906339457
2023-04-28,27.2099,27.7425,27.0564,27.7335,292379026,0.019205538956815094
2023-05-01,27.8245,29.0421,27.7645,28.8938,570646441,0.04183748895739803
2023-05-02,28.6639,28.8198,28.0674,28.1944,402954058,-0.02420588499955001
2023-05-03,27.8245,28.3513,27.4567,27.7865,383601106,-0.014467411968334232
2023-05-04,27.6355,27.8435,27.2249,27.5465,322029815,-0.008637287891602008
2023-05-05,27.81,28.7389,27.7155,28.6639,361695583,0.040564137004701184
2023-05-08,28.5062,29.2037,28.3343,29.1347,345171197,0.016424841002096624
2023-05-09,28.8828,28.9568,28.4343,28.5551,315044973,-0.019893803608755145
2023-05-10,28.9888,29.0967,28.4455,28.8688,369555862,0.010985778372339716
2023-05-11,28.8798,28.9338,28.2304,28.5621,322328601,-0.010623926176356435
2023-05-12,28.5131,28.7638,28.0304,28.3243,274375106,-0.008325718347040323
2023-05-15,28.4927,28.9528,28.1364,28.9368,294089709,0.021624541471457315
2023-05-16,28.8248,29.8532,28.8158,29.1967,449655446,0.008981642752481145
2023-05-17,29.5676,30.1821,29.4137,30.1611,432776512,0.03303113023047133
2023-05-18,30.3931,31.8103,30.3031,31.6603,749142362,0.049706409912105176
2023-05-19,31.5183,31.5623,30.8989,31.2465,474171814,-0.013069996178178944
2023-05-22,30.884,31.5023,30.663,31.1586,372207029,-0.002813115068887706
2023-05-23,30.9827,31.2705,30.614,30.671,356451841,-0.01564897010777122
2023-05-24,30.1931,30.59,29.7894,30.521,721820641,-0.0048906132829056315
2023-05-25,38.5014,39.4579,36.6147,37.959,1544771272,0.24370105828773636
2023-05-26,37.869,39.1483,37.529,38.9244,714794977,0.025432703706630644
2023-05-30,40.5724,41.9146,39.9267,40.0886,923915819,0.029909260001438787
2023-05-31,39.4659,40.2726,37.801,37.813,1003139055,-0.056764267148266545
2023-06-01,38.4674,40.0277,38.3186,39.7478,636227396,0.05116758786660669
2023-06-02,40.0747,40.4774,39.0364,39.3051,483000292,-0.011137723345694517
2023-06-05,38.8874,39.5429,38.6854,39.1493,396314599,-0.003963862196000201
2023-06-06,38.8084,39.1383,38.1268,38.6324,388945824,-0.013203301208450702
2023-06-07,38.8974,39.481,37.3389,37.4579,512230274,-0.03040194241103311
2023-06-08,37.7069,38.8464,37.4879,38.4924,417962017,0.02761767210655175
2023-06-09,39.0194,39.6929,38.5494,38.7524,427911601,0.006754580124907816
2023-06-12,39.1823,39.512,38.6004,39.464,389850214,0.018362733662947273
2023-06-13,40.1678,41.0824,39.7219,41.0034,613486481,0.039007703223190804
2023-06-14,40.8054,42.9805,40.5336,42.9775,740801100,0.048144787993190885
2023-06-15,42.5828,43.2693,42.1278,42.6338,568880124,-0.007997207841312304
2023-06-16,43.4303,43.7012,42.6413,42.6726,656007021,0.0009100760429519017
2023-06-20,42.9785,43.97,42.6547,43.7881,451357878,0.0261408960316456
2023-06-21,43.4813,43.5953,42.0608,43.0255,551853270,-0.017415690564331343
2023-06-22,42.2338,43.4058,42.2148,43.0055,417927031,-0.0004648406177732989
2023-06-23,42.4448,42.7896,41.9959,42.1898,358302391,-0.01896734138656686
2023-06-26,42.4228,42.7446,40.0818,40.6136,594591669,-0.03735974098004735
2023-06-27,40.7805,41.9209,40.4296,41.8569,462384470,0.030612898142494238
2023-06-28,40.6415,41.826,40.4996,41.0984,582903716,-0.01812126555000504
2023-06-29,41.5391,41.581,40.5816,40.8034,380687006,-0.007177895003211643
2023-06-30,41.661,42.5308,41.4823,42.2828,501375209,0.03625678252302489
2023-07-03,42.4978,42.8785,42.1828,42.3938,198299152,0.002625180924631154
2023-07-05,42.1158,43.1574,42.0658,42.2978,323764442,-0.002264482070491347
2023-07-06,41.825,42.1598,41.3274,42.0838,304276831,-0.005059364789658183
2023-07-07,42.3028,43.1944,42.1608,42.4838,356042996,0.009504845094787218
2023-07-10,42.6378,42.7916,41.63,42.1608,354068740,-0.007602898045843354
2023-07-11,42.4618,42.7386,42.0478,42.3858,298379426,0.005336710878351525
2023-07-12,43.0135,43.915,42.7579,43.882,481495460,0.035299557870796194
2023-07-13,44.4977,46.134,44.4717,45.9561,478420735,0.047265393555444124
2023-07-14,46.5617,48.0662,45.0395,45.4485,772425757,-0.011045323689346964
2023-07-17,46.2679,46.4749,45.2419,46.4399,510719919,0.02181370122226256
2023-07-18,46.6799,47.8743,45.7133,47.4724,570449216,0.022233036677512308
2023-07-19,47.4424,47.7964,46.7208,47.0557,427695823,-0.008777731903168995
2023-07-20,46.4859,47.0657,45.0415,45.4994,538108634,-0.03307357025822588
2023-07-21,45.7672,45.8451,44.08,44.2888,964206063,-0.02660694426739696
2023-07-24,44.7107,45.0885,44.02,44.5917,383273620,0.00683920088148704
2023-07-25,44.9207,46.1615,44.9027,45.6584,348238896,0.023921492116245835
2023-07-26,46.0001,46.0321,44.6097,45.4315,364402579,-0.004969512729311565
2023-07-27,46.4979,47.3734,45.7292,45.8791,456182477,0.009852195062896918
2023-07-28,46.6469,47.0057,46.3599,46.7288,331344561,0.018520415614081243
2023-07-31,46.7328,47.1087,46.4849,46.7078,251169228,-0.0004494016537981427
2023-08-01,46.4384,46.8787,46.0061,46.4859,239384572,-0.004750812498126589
2023-08-02,45.8101,45.8191,43.3673,44.249,530382189,-0.048119967560055765
2023-08-03,43.7802,45.0975,43.7802,44.4947,325224144,0.005552667856900673
2023-08-04,44.9646,45.6214,44.3728,44.6597,362830786,0.0037083068320495904
2023-08-07,45.0905,45.5194,44.5432,45.396,322299758,0.01648689982243501
2023-08-08,44.8327,45.2215,44.036,44.6437,354004031,-0.01657194466472811
2023-08-09,44.254,44.2918,42.1148,42.5348,586715246,-0.0472384681377217
2023-08-10,42.1408,43.5543,41.816,42.3688,492928927,-0.0039026867412095267
2023-08-11,41.732,41.9989,40.6206,40.8364,533327215,-0.03616812371367617
2023-08-14,40.4676,43.7802,40.2928,43.7332,690599135,0.070936713324387
2023-08-15,44.5397,45.2475,43.6902,43.92,676818563,0.004271354485837042
2023-08-16,44.4997,44.6547,43.3863,43.4663,527690078,-0.010330145719490091
2023-08-17,43.95,44.042,42.9815,43.3238,452600151,-0.0032784018883594834
2023-08-18,42.6158,43.5583,41.641,43.2793,584032829,-0.0010271490497140157
2023-08-21,44.4737,47.0437,44.202,46.9457,692887713,0.08471486368772152
2023-08-22,48.1131,48.1651,45.3126,45.6474,757550589,-0.027655355016540484
2023-08-23,45.8451,47.1786,45.1875,47.0947,779399671,0.031706077454575876
2023-08-24,50.1932,50.2432,47.1377,47.1417,1156568792,0.000997989158015633
2023-08-25,46.9907,47.7834,45.0035,45.9971,925760511,-0.02427998990278235
2023-08-28,46.4609,46.9587,44.8677,46.8138,685503223,0.017755467192496877
2023-08-29,46.6449,49.0588,46.3699,48.7618,701715338,0.04161166151861195
2023-08-30,49.0218,49.9044,48.403,49.2417,735539673,0.009841720363071182
2023-08-31,49.3576,49.7214,48.9358,49.3326,528809675,0.001845996381115933
2023-09-01,49.7394,49.7774,48.1197,48.487,464040822,-0.017140795336146875
2023-09-05,48.2011,48.8286,47.8384,48.5259,382826257,0.0008022768989626172
2023-09-06,48.423,48.5309,46.5627,47.0436,468843656,-0.0305465740975438
2023-09-07,45.5082,46.3267,45.1352,46.2237,433490849,-0.017428513123995515
2023-09-08,45.9249,46.5887,45.2542,45.5552,474075968,-0.014462278008900209
2023-09-11,46.1308,46.1458,44.2955,45.1612,474141603,-0.008648847991008624
2023-09-12,44.7214,45.6562,44.5144,44.8534,349386070,-0.006815585059741558
2023-09-13,44.5834,45.9129,44.4864,45.4682,398503318,0.013706876178840366
2023-09-14,45.9329,45.9698,45.1142,45.5642,370234671,0.0021113657457298984
2023-09-15,45.3242,45.5822,43.7917,43.8836,507018770,-0.03688422050645024
2023-09-18,42.7321,44.2256,41.9844,43.9496,500456614,0.0015039787073074518
2023-09-19,43.8167,43.9496,42.986,43.5039,373202813,-0.010141161694304235
2023-09-20,43.5839,43.8866,42.2073,42.2233,367244051,-0.029436441330547347
2023-09-21,41.5674,42.0843,40.9648,41.0018,450903384,-0.028929524693711683
2023-09-22,41.5564,42.0993,41.2158,41.5944,479414321,0.01445302401357984
2023-09-25,41.5754,42.5203,41.1618,42.2063,419246630,0.014711114957782767
2023-09-26,41.9854,42.8041,41.6394,41.8954,402431516,-0.007366198885000452
2023-09-27,42.3143,42.856,41.6135,42.4523,445100470,0.013292628785021687
2023-09-28,42.4443,43.4302,42.0993,43.073,424820529,0.014621115934825735
2023-09-29,43.8107,44.1276,43.2908,43.4829,397977702,0.009516402386645861
2023-10-02,44.0136,45.1582,43.8446,44.7654,433459157,0.029494352952539993
2023-10-03,44.7914,45.1132,43.2299,43.5009,471024435,-0.02824726239461728
2023-10-04,43.7258,44.1266,43.2759,44.0246,361955257,0.012038831380500215
2023-10-05,44.0336,44.8834,43.8716,44.6714,393629248,0.014691785956033598
2023-10-06,44.1766,45.772,44.0096,45.745,434597390,0.024033274085880407
2023-10-09,44.8254,45.5882,44.3515,45.2562,409826892,-0.010685320800087439
2023-10-10,45.2932,46.2417,45.0712,45.781,368718988,0.011596201183484256
2023-10-11,46.1787,46.8417,46.0329,46.7887,378277348,0.02201131473755491
2023-10-12,46.7597,47.5913,46.3127,46.9276,481503786,0.0029686655111169635
2023-10-13,46.9426,47.0986,45.2632,45.4442,475602585,-0.031610395588097306
2023-10-16,45.0462,46.2077,44.8954,46.0778,375238569,0.013942373284159482
2023-10-17,43.9836,44.7374,42.4643,43.9216,812634408,-0.046794768847471135
2023-10-18,42.5753,43.203,41.8094,42.1803,627527346,-0.03964564132454185
2023-10-19,42.7951,43.2809,41.8664,42.0853,501419261,-0.002252236233502458
2023-10-20,41.8744,42.4543,41.0628,41.3717,477443329,-0.016956039282124635
2023-10-23,41.2138,43.2319,40.9298,42.959,478708238,0.03836680629512457
2023-10-24,43.061,43.6808,42.6751,43.6469,401612492,0.016012942573151223
2023-10-25,43.3819,43.6339,41.5395,41.7634,398527196,-0.04315312198575394
2023-10-26,41.8374,42.2398,39.8654,40.3111,541202273,-0.03477446759602887
2023-10-27,41.1148,41.1908,40.0001,40.4849,416939223,0.004311467561044058
2023-10-30,41.0718,41.7504,40.4659,41.1458,388172272,0.01632460497617627
2023-10-31,40.4349,40.8638,39.2155,40.7649,518161098,-0.009257323955300545
2023-11-01,40.8688,42.3653,40.8538,42.3093,437755442,0.037885533878410094
2023-11-02,43.3119,43.8676,42.878,43.4899,409323855,0.027904030555929715
2023-11-03,44.0036,45.2922,43.7068,44.9883,424767310,0.034453976670445474
2023-11-06,45.2677,45.9179,44.8824,45.734,400882201,0.016575420720498446
2023-11-07,45.7021,46.2007,45.1407,45.9379,343292937,0.004458389819390396
2023-11-08,46.0828,46.8497,45.9509,46.5567,346847727,0.013470358897555101
2023-11-09,47.4493,48.2121,46.7327,46.9326,540696735,0.008074025865235424
2023-11-10,47.4823,48.454,47.2655,48.3171,422598474,0.02949975070633215
2023-11-13,48.3021,49.0978,48.0812,48.6019,384278386,0.005894393496298278
2023-11-14,49.6616,49.8155,49.0218,49.6376,417108746,0.02130986648670108
2023-11-15,49.9165,49.9415,48.1821,48.8698,475673972,-0.015468112882169982
2023-11-16,48.6608,49.5063,48.3121,49.4617,339882441,0.012111774551972765
2023-11-17,49.5056,49.6985,48.9888,49.2798,326017963,-0.0036775929658705575
2023-11-20,49.2938,50.5293,49.1628,50.3903,416297175,0.02253458820855614
2023-11-21,50.1073,50.4983,49.2038,49.9255,565957015,-0.009223997475704682
2023-11-22,49.8335,50.3162,47.6723,48.6978,900976871,-0.024590640053679946
2023-11-24,48.452,48.9028,47.7273,47.7583,294754085,-0.019292452636464175
2023-11-27,47.7823,48.5119,47.6343,48.2241,395808867,0.009753278487718342
2023-11-28,48.2181,48.305,47.4553,47.8033,401639982,-0.008725927492685193
2023-11-29,48.361,48.7438,47.8423,48.1221,382146544,0.006668995655111809
2023-11-30,48.0062,48.0922,46.4047,46.7527,526442102,-0.02845677973322036
2023-12-01,46.5077,47.1825,46.1698,46.7477,369454191,-0.00010694569511482399
2023-12-04,46.0599,46.0599,44.9933,45.4932,437705964,-0.026835544850334903
2023-12-05,45.4532,46.5868,45.2582,46.5528,371823010,0.0232913929993932
2023-12-06,47.2011,47.3735,45.3992,45.4902,380697455,-0.02282569469505591
2023-12-07,45.6871,46.6158,45.5912,46.5828,350922015,0.02401835999841717
2023-12-08,46.5818,47.7273,46.5368,47.4925,359325547,0.01952866723339941
2023-12-11,47.4775,47.5175,45.8169,46.6138,509872609,-0.018501868716113146
2023-12-12,46.0329,47.6525,46.0329,47.6435,372492439,0.022090024842428724
2023-12-13,47.6155,48.5802,47.5945,48.0744,447918818,0.009044255774659504
2023-12-14,48.3763,48.6561,47.4085,48.3363,391342662,0.005447805900853808
2023-12-15,48.1803,49.39,48.1063,48.8761,480083655,0.011167590403071692
2023-12-18,49.386,50.4187,49.1361,50.0628,412704147,0.02427976045551916
2023-12-19,49.41,49.6859,48.8811,49.59,464576140,-0.009444138162467919
2023-12-20,49.641,49.9849,48.0844,48.0973,398007201,-0.030100826779592804
2023-12-21,48.7971,49.0811,48.4053,48.9761,300510527,0.01827129589394838
2023-12-22,49.1811,49.369,48.4533,48.8161,252578351,-0.0032668995693818648
2023-12-26,48.9541,49.586,48.9461,49.2651,244268755,0.009197785156946026
2023-12-27,49.497,49.666,49.0711,49.403,233714224,0.002799141785970294
2023-12-28,49.629,49.8698,49.398,49.508,246657392,0.0021253770013967
2023-12-29,49.7989,49.9829,48.7371,49.508,389403673,0.0
2024-01-02,49.2301,49.2811,47.5815,48.1543,411370819,-0.027343055667770955
2024-01-03,47.4715,48.1704,47.3066,47.5555,320987151,-0.012435026570835728
2024-01-04,47.7535,48.4863,47.4945,47.9844,306621799,0.009018935769784742
2024-01-05,48.4483,49.533,48.2923,49.0831,415156942,0.022897024866414872
2024-01-08,49.498,52.2601,49.465,52.2381,642692065,0.0642787436001393
2024-01-09,52.3861,54.3097,51.6754,53.1249,773319250,0.01697611513435593
2024-01-10,53.6008,54.5844,53.4738,54.3346,533947102,0.022770866392219258
2024-01-11,54.9834,55.3304,53.5448,54.8064,596927964,0.008683233151619785
2024-01-12,54.6044,54.9544,54.3147,54.6944,353093681,-0.0020435569568516554
2024-01-16,55.0024,56.8188,54.8844,56.3661,449707195,0.03056437222092212
2024-01-17,56.3311,56.4547,54.7244,56.0371,474528941,-0.005836841647728019
2024-01-18,57.2438,57.5837,56.0911,57.0908,491789753,0.018803614034273775
2024-01-19,57.9725,59.4831,57.2088,59.4741,543655574,0.041745780405949784
2024-01-22,60.0321,60.3138,59.0532,59.6371,453083052,0.002740688804033997
2024-01-23,59.5531,59.8931,58.5685,59.8561,294737991,0.0036722107547146887
2024-01-24,60.2868,62.8312,59.9211,61.3447,560429609,0.02486964570027128
2024-01-25,62.3324,62.7013,60.8327,61.5995,482913717,0.004153578059718166
2024-01-26,60.9427,61.7654,60.5558,61.0137,390419251,-0.009509817449816937
2024-01-29,61.2147,62.4714,60.8897,62.4474,348831853,0.023498001268567492
2024-01-30,62.8821,63.475,62.2424,62.7562,410851752,0.004944961679749671
2024-01-31,61.4226,62.2514,60.6828,61.5095,453923530,-0.019865766250983907
2024-02-01,62.0824,63.173,61.6325,63.0091,369250450,0.02437997382518131
2024-02-02,63.9558,66.5811,63.672,66.1412,476712770,0.04970869287134727
2024-02-05,68.2057,69.4773,67.186,69.3123,680270827,0.04794439774301029
2024-02-06,69.6102,69.7342,66.2812,68.2037,683305037,-0.015994275186366536
2024-02-07,68.2997,70.2001,67.5807,70.0791,495715056,0.027497041949336998
2024-02-08,70.0541,70.7739,69.4353,69.6212,414539607,-0.006534045100464958
2024-02-09,70.513,72.1645,70.1921,72.1125,436760686,0.03578364061521477
2024-02-12,72.5794,74.5899,71.2299,72.2275,613884180,0.001594730455884985
2024-02-13,70.3801,73.4292,69.6002,72.1075,602750994,-0.0016614170502925463
2024-02-14,73.1813,74.215,71.9175,73.879,505060575,0.02456748604514103
2024-02-15,73.848,73.954,72.3795,72.6374,420240923,-0.01680585822764258
2024-02-16,74.079,74.3809,72.4804,72.5924,495467056,-0.0006195155663611951
2024-02-20,71.9265,71.9355,67.7147,69.4323,705032935,-0.04353210528925888
2024-02-21,67.9867,68.8685,66.2292,67.4529,690493844,-0.028508345539467905
2024-02-22,75.0037,78.5527,74.199,78.5158,865345014,0.16400925682958034
2024-02-23,80.7671,82.3706,77.5481,78.7947,829623519,0.0035521512867475735
2024-02-26,79.6775,80.6231,78.4828,79.0696,504115617,0.003488813333891505
2024-02-27,79.3585,79.4575,77.1402,78.6787,391816297,-0.004943745763226204
2024-02-28,77.5981,78.9106,77.1032,77.6411,393221855,-0.013187813220096545
2024-02-29,79.0716,79.9673,78.3278,79.0896,507432807,0.018656355976409467
2024-03-01,79.9773,82.2766,79.4125,82.2556,479270945,0.040030547632052826
2024-03-04,84.1062,87.6702,83.6952,85.2128,615790990,0.03595135164049612
2024-03-05,85.2498,86.0766,83.3974,85.9436,520762473,0.008576176349093023
2024-03-06,88.0012,89.7027,87.0095,88.679,582658113,0.031827849892254845
2024-03-07,90.1367,92.7451,89.5807,92.6471,608263029,0.04474678334216664
2024-03-08,95.1154,97.377,86.4855,87.5073,1142539298,-0.05547718169268112
2024-03-11,86.4085,88.776,84.1461,85.7538,678524607,-0.020038328230901903
2024-03-12,88.0282,91.9382,86.1297,91.8913,668233203,0.07157117235621047
2024-03-13,91.0334,91.4824,88.414,90.8664,635863287,-0.01115339537039961
2024-03-14,89.5557,90.6246,86.5795,87.9232,602460656,-0.03239041053678815
2024-03-15,86.9095,89.5247,86.2366,87.8157,642238065,-0.0012226579560342676
2024-03-18,90.3667,92.3831,87.0644,88.434,669134196,0.0070408822112673075
2024-03-19,86.6795,90.5227,84.9898,89.3769,672330292,0.010662188750933055
2024-03-20,89.7757,90.3887,88.2022,90.3507,479176127,0.01089543271247928
2024-03-21,92.2781,92.6261,90.3837,91.4134,480485956,0.011761945397213314
2024-03-22,91.1194,94.7556,90.8124,94.2667,586858166,0.031213148181776562
2024-03-25,93.9188,96.7431,93.4879,94.9796,552266704,0.007562585727515669
2024-03-26,95.8283,96.3523,92.4801,92.5391,513769099,-0.02569499134551001
2024-03-27,93.09,93.2179,89.102,90.2287,586205882,-0.024966743787220746
2024-03-28,89.9787,91.2784,89.172,90.3347,435315232,0.0011747924995040293
2024-04-01,90.2777,92.2031,89.183,90.3417,452548528,7.748960255593573e-05
2024-04-02,88.427,90.0727,87.5993,89.4308,433166004,-0.01008282996667098
2024-04-03,88.463,90.3527,88.379,88.943,370154100,-0.005454496661105646
2024-04-04,90.3847,90.6126,85.8597,85.8847,435067824,-0.03438494316584784
2024-04-05,86.8455,88.46,85.9057,87.9872,399773016,0.024480495361804966
2024-04-08,88.679,88.809,86.7115,87.1123,283287004,-0.009943491780622593
2024-04-09,87.4213,87.6143,83.0024,85.3338,503666479,-0.020416175442503626
2024-04-10,83.9061,87.3793,83.6891,87.0185,432030715,0.019742470158366388
2024-04-11,87.3993,90.7174,86.9055,90.5946,431739387,0.04109585892654999
2024-04-12,89.6777,90.1537,87.5093,88.1652,426905763,-0.026816167851064
2024-04-15,89.077,90.5916,85.9087,85.9806,443181773,-0.024778484027711656
2024-04-16,86.412,88.0972,86.0435,87.3943,370540662,0.016442081120624952
2024-04-17,88.319,88.754,83.9301,84.0151,495516712,-0.038666137265244926
2024-04-18,84.9498,86.1696,82.3825,84.651,447366153,0.007568877499401827
2024-04-19,83.1304,84.3041,75.5881,76.182,871686845,-0.10004607151717049
2024-04-22,78.0855,80.0541,76.3819,79.4992,596481592,0.043543094169226304
2024-04-23,80.7499,82.7494,80.245,82.4035,438663124,0.0365324430937668
2024-04-24,83.9301,84.0621,79.1642,79.6582,512328708,-0.03331533247980978
2024-04-25,78.8494,83.3034,78.2045,82.6124,424741191,0.03708594972017942
2024-04-26,83.7981,88.3099,83.3674,87.7143,551141138,0.061757072788104495
2024-04-29,87.5743,87.9712,85.2458,87.7363,389062783,0.0002508142913983935
2024-04-30,87.2193,88.798,86.2796,86.3815,363794746,-0.015441727084456458
2024-05-01,85.0568,85.9796,81.2354,83.0214,559995622,-0.038898375230807525
2024-05-02,84.4291,86.2166,83.1804,85.7968,377986943,0.033429934932439176
2024-05-03,87.7683,89.2599,87.0195,88.768,398434959,0.0346306622158401
2024-05-06,89.3689,92.1981,89.034,92.1182,376291552,0.03774107786589753
2024-05-07,91.0764,91.7594,88.99,90.5327,437445076,-0.01721158251029653
2024-05-08,89.4613,91.1724,89.3989,90.3907,325798079,-0.0015684940358567934
2024-05-09,90.5077,91.0504,88.2102,88.726,378102110,-0.018416717649050174
2024-05-10,90.2832,91.3794,89.206,89.8567,335404741,0.012743727881342704
2024-05-13,90.4567,90.9764,88.508,90.3777,289748702,0.005798120785651006
2024-05-14,89.5777,91.6294,88.913,91.3344,296577227,0.010585575866613128
2024-05-15,92.4501,94.8396,91.5774,94.6076,417834278,0.03583753766379383
2024-05-16,94.8876,95.7963,94.0808,94.3367,324028460,-0.002863406322536566
2024-05-17,94.3467,94.7176,91.7843,92.4571,359776125,-0.019924377257207415
2024-05-20,93.7278,95.1775,93.4179,94.7576,318839873,0.024881810050282782
2024-05-21,93.5769,95.3774,93.1579,95.3634,329024282,0.006393154744316121
2024-05-22,95.4364,95.9973,93.2269,94.9276,548777789,-0.004569887399148986
2024-05-23,102.004,106.295,101.496,103.774,835262840,0.0931910213678635
2024-05-24,104.424,106.45,102.976,106.444,429595279,0.025728987993139052
2024-05-28,110.218,114.912,109.857,113.874,652882312,0.0698019615948291
2024-05-29,113.023,115.465,110.875,114.798,557573810,0.008114231519047443
2024-05-30,114.623,115.791,109.637,110.474,487465627,-0.03766616143138379
2024-05-31,112.493,112.69,106.915,109.607,613407586,-0.007848000434491409
2024-06-03,113.594,114.973,111.976,114.973,438495475,0.04895672721632738
2024-06-04,115.688,116.572,114.018,116.409,403419428,0.01248988893044456
2024-06-05,118.343,122.421,117.44,122.412,528526789,0.051568177718217756
2024-06-06,124.018,125.557,118.292,120.97,664853444,-0.011779890860373232
2024-06-07,119.742,121.664,117.994,120.86,412483362,-0.0009093163594279252
2024-06-10,120.342,123.071,116.982,121.762,314236974,0.007463180539467151
2024-06-11,121.752,122.851,118.722,120.892,222585531,-0.007145086315927807
2024-06-12,123.041,126.86,122.552,125.18,299641274,0.035469675412765245
2024-06-13,129.37,129.78,127.14,129.59,260744803,0.035229269851413836
2024-06-14,129.94,132.82,128.3,131.86,309368151,0.01751678370244636
2024-06-17,132.97,133.71,129.56,130.96,288549004,-0.006825420900955614
2024-06-18,131.12,136.309,130.67,135.559,294380514,0.035117593158216165
2024-06-20,139.778,140.738,129.5,130.76,517848395,-0.03540155946857093
2024-06-21,127.1,130.61,124.28,126.55,655585905,-0.03219639033343524
2024-06-24,123.221,124.44,118.022,118.092,476134394,-0.06683524298696164
2024-06-25,121.182,126.48,119.302,126.07,425853220,0.06755749754428741
2024-06-26,126.11,128.1,122.582,126.38,363031980,0.0024589513762196535
2024-06-27,124.08,126.39,122.901,123.97,252610703,-0.019069473017882532
2024-06-28,124.56,127.69,122.732,123.52,315565472,-0.0036299104622086187
2024-07-01,123.45,124.82,118.812,124.28,284929535,0.006152849740932664
2024-07-02,121.112,123.39,121.012,122.652,218407697,-0.013099452848406856
2024-07-03,121.642,128.26,121.342,128.26,215782278,0.0457228581678244
2024-07-05,127.36,128.83,125.66,125.81,214209769,-0.01910182441914854
2024-07-08,127.47,130.75,127.02,128.18,237714031,0.018837930212224796
2024-07-09,130.33,133.8,128.63,131.36,287065151,0.024808862537057275
2024-07-10,134.01,135.079,132.4,134.889,249017024,0.02686510353227778
2024-07-11,135.729,136.129,127.03,127.38,374840624,-0.05566799368369557
2024-07-12,128.24,131.9,127.2,129.22,252719562,0.014444967812843545
2024-07-15,130.54,131.37,127.16,128.42,208358340,-0.006190992106485105
2024-07-16,128.42,129.02,124.56,126.34,214802686,-0.016196854072574207
2024-07-17,121.332,121.832,116.702,117.972,390146438,-0.06623397182206747
2024-07-18,121.832,122.382,116.542,121.072,321029106,0.02627742176109593
2024-07-19,120.332,121.582,117.352,117.912,217257350,-0.026100171798599137
2024-07-22,120.332,124.05,119.842,123.52,258108802,0.04756089286925835
2024-07-23,122.761,124.67,122.082,122.572,173937844,-0.007674870466321204
2024-07-24,119.152,119.932,113.422,114.232,327827510,-0.06804164083151132
2024-07-25,113.022,116.612,106.284,112.262,460138077,-0.017245605434554223
2024-07-26,116.172,116.182,111.562,113.042,293444389,0.006948032281626881
2024-07-29,113.672,116.262,111.282,111.572,248190395,-0.01300401620636582
2024-07-30,111.502,111.972,102.524,103.714,486908466,-0.07042985695335746
2024-07-31,112.882,118.322,110.863,117.002,473247265,0.12812156507318195
2024-08-01,117.512,120.142,106.794,109.193,523543176,-0.06674244884702829
2024-08-02,103.744,108.704,101.354,107.254,482101914,-0.017757548560805136
2024-08-05,92.0458,103.394,90.676,100.434,552927763,-0.06358737203274478
2024-08-06,103.824,107.694,100.534,104.234,409075262,0.03783579265985626
2024-08-07,107.794,108.784,98.6748,98.8947,411503971,-0.05122416869735402
2024-08-08,101.984,105.484,97.505,104.954,391970554,0.06127021973877267
2024-08-09,105.624,106.584,103.414,104.734,290889078,-0.002096156411380168
2024-08-12,106.304,111.052,106.244,109.003,325610153,0.040760402543586594
2024-08-13,112.422,116.212,111.562,116.122,312694949,0.06531012907901612
2024-08-14,118.512,118.582,114.052,118.062,339298804,0.0167065672310156
2024-08-15,118.742,123.221,117.452,122.841,318135802,0.04047873151395032
2024-08-16,121.922,124.98,121.162,124.56,302636607,0.013993699172100582
2024-08-19,124.26,129.98,123.4,129.98,318382744,0.04351316634553615
2024-08-20,128.38,129.86,125.87,127.23,300133764,-0.021157101092475705
2024-08-21,127.295,129.33,126.64,128.48,257923402,0.009824726872592837
2024-08-22,130.0,130.73,123.081,123.72,376247179,-0.037048567870485605
2024-08-23,125.84,129.58,125.2,129.35,323280255,0.04550598124797922
2024-08-26,129.55,131.24,124.35,126.44,332015944,-0.02249710088906065
2024-08-27,125.03,129.18,123.86,128.28,303181392,0.014552356849098391
2024-08-28,128.1,128.31,122.622,125.59,448170325,-0.020969753663860335
2024-08-29,121.337,124.41,116.692,117.572,453093275,-0.06384266263237515
2024-08-30,119.512,121.732,117.202,119.352,333803131,0.015139659102507474
2024-09-03,115.992,116.192,107.274,107.984,477228797,-0.09524767075541263
2024-09-04,105.394,113.252,104.104,106.194,372527820,-0.01657652985627489
2024-09-05,104.969,109.633,104.744,107.194,306898089,0.009416727875397823
2024-09-06,108.024,108.134,100.934,102.814,413701985,-0.04086049592327934
2024-09-09,104.864,106.534,103.674,106.454,273954321,0.03540373879043712
2024-09-10,107.794,109.383,104.934,108.084,268325173,0.015311777857102582
2024-09-11,109.373,117.172,107.404,116.892,441490548,0.08149217275452414
2024-09-12,116.832,120.782,115.372,119.132,367125790,0.01916298805735206
2024-09-13,119.072,119.947,117.592,119.092,238374751,-0.0003357620118860094
2024-09-16,116.782,118.172,114.352,116.772,248789449,-0.01948073758102975
2024-09-17,118.162,118.792,114.822,115.582,231941856,-0.010190799164183306
2024-09-18,115.882,117.692,113.212,113.362,310340319,-0.019207142980740888
2024-09-19,117.342,119.652,117.242,117.862,293526661,0.039695841640055685
2024-09-20,117.052,118.61,115.382,115.992,382488781,-0.015866012794624185
2024-09-23,116.542,116.982,114.852,116.252,206242699,0.0022415338988894806
2024-09-24,116.507,121.792,115.372,120.862,354991230,0.039655231737948604
2024-09-25,122.012,124.931,121.602,123.501,284712564,0.02183481987721536
2024-09-26,126.791,127.656,121.792,124.031,302603717,0.004291463227018344
2024-09-27,123.961,124.021,119.252,121.392,271027848,-0.021276938829808745
2024-09-30,118.302,121.492,118.142,121.432,227069295,0.00032951100566758207
2024-10-01,121.757,122.427,115.782,116.992,302115300,-0.03656367349627776
2024-10-02,116.432,119.372,115.132,118.842,221861173,0.015813047045951878
2024-10-03,120.912,124.351,120.332,122.842,277137067,0.033658134329614064
2024-10-04,124.931,125.031,121.822,124.911,244482396,0.0168427736441934
2024-10-07,124.981,130.631,124.941,127.711,346274090,0.02241596016363645
2024-10-08,130.251,133.471,129.411,132.881,285742172,0.04048202582393068
2024-10-09,134.101,134.511,131.371,132.641,246208575,-0.0018061272868206135
2024-10-10,131.901,134.991,130.991,134.801,242328033,0.01628455756515712
2024-10-11,134.001,135.771,133.651,134.791,170221202,-7.41834259389007e-05
2024-10-14,136.461,139.59,136.291,138.06,232363677,0.02425236106268236
2024-10-15,137.861,138.56,128.731,131.591,377857054,-0.04685643922932059
2024-10-16,133.971,136.611,131.571,135.711,264897971,0.03130913208350128
2024-10-17,139.33,140.88,136.861,136.921,306457035,0.008916005334865806
2024-10-18,138.655,138.89,137.271,137.99,176102317,0.007807421797971115
2024-10-21,138.12,143.7,137.99,143.7,264572742,0.04137981013116887
2024-10-22,142.9,144.41,141.77,143.58,226327182,-0.0008350730688934105
2024-10-23,142.02,142.42,137.451,139.55,285949739,-0.028067976041231346
2024-10-24,140.81,141.34,138.45,140.4,172366763,0.006091006807595889
2024-10-25,140.92,144.12,140.79,141.53,205136242,0.008048433048432946
2024-10-28,142.99,143.13,140.04,140.51,173598705,-0.0072069525895570585
2024-10-29,140.275,142.25,138.89,141.24,157604492,0.005195359760871154
2024-10-30,139.53,140.32,136.801,139.325,179430444,-0.013558482016426066
2024-10-31,137.591,137.601,132.101,132.751,270058247,-0.04718464022967872
2024-11-01,134.691,137.301,134.561,135.361,207142109,0.019660868844679102
2024-11-04,137.201,138.95,135.561,136.041,187541094,0.00502360354902831
2024-11-05,137.441,140.36,137.321,139.9,160548434,0.028366448350129803
2024-11-06,142.95,146.48,141.95,145.6,242060622,0.04074338813438172
2024-11-07,146.38,148.92,146.16,148.87,207337588,0.02245879120879124
2024-11-08,148.76,149.76,146.25,147.62,175677934,-0.008396587626788521
2024-11-11,148.67,148.84,143.56,145.25,182338182,-0.01605473513074107
2024-11-12,146.77,149.64,146.0,148.28,198648424,0.020860585197934656
2024-11-13,149.06,149.32,145.89,146.26,191916489,-0.013622875640679877
2024-11-14,147.63,148.99,145.54,146.75,194476700,0.003350198277040972
2024-11-15,144.86,145.23,140.07,141.97,250150104,-0.032572402044293014
2024-11-18,139.49,141.54,137.141,140.14,221881280,-0.012890047193069076
2024-11-19,141.31,147.12,140.98,147.0,227850610,0.04895104895104896
2024-11-20,147.4,147.55,142.72,145.88,309893005,-0.007619047619047636
2024-11-21,149.34,152.879,140.69,146.66,400974196,0.005346860433232736
2024-11-22,145.92,147.15,141.09,141.94,236422443,-0.03218328105822987
2024-11-25,141.98,142.04,135.811,136.011,344965642,-0.04177117091728899
2024-11-26,137.691,139.29,135.661,136.911,190300765,0.00661711185124747
2024-11-27,135.001,137.211,131.791,135.331,226386509,-0.011540343726946789
2024-11-29,136.771,139.34,136.041,138.24,141872930,0.021495444502737993
2024-12-02,138.82,140.44,137.816,138.62,171694606,0.0027488425925925597
2024-12-03,138.25,140.53,137.94,140.25,164425293,0.011758764968979873
2024-12-04,141.985,145.78,140.28,145.13,231240227,0.034795008912655856
2024-12-05,145.11,146.54,143.95,145.06,172621180,-0.0004823261903120768
2024-12-06,144.6,145.7,141.31,142.44,188505573,-0.018061491796498075
2024-12-09,138.97,139.95,137.13,138.81,189308625,-0.02548441449031169
2024-12-10,139.01,141.82,133.79,135.07,210020888,-0.026943303796556517
2024-12-11,137.36,140.17,135.21,139.31,184905192,0.03139113052491305
2024-12-12,137.08,138.44,135.8,137.34,159211393,-0.014141124111693326
2024-12-13,138.94,139.6,132.54,134.25,231514881,-0.02249890782000874
2024-12-16,134.18,134.4,130.42,132.0,237951130,-0.016759776536312887
2024-12-17,129.09,131.59,126.86,130.39,259410263,-0.012196969696969817
2024-12-18,133.86,136.7,128.28,128.91,277444533,-0.01135056369353471
2024-12-19,131.76,134.03,129.55,130.68,209719210,0.013730509657901013
2024-12-20,129.81,135.28,128.22,134.7,306528553,0.030762167125803375
2024-12-23,136.28,139.79,135.12,139.67,176053506,0.036896807720861124
2024-12-24,140.0,141.9,138.65,140.22,105156989,0.003937853511849498
2024-12-26,139.7,140.85,137.73,139.93,116519090,-0.002068178576522528
2024-12-27,138.55,139.02,134.71,137.01,170582603,-0.02086757664546568
2024-12-30,134.83,140.27,134.02,137.49,167734700,0.0035033939128532587
2024-12-31,138.03,138.07,133.83,134.29,155659211,-0.023274419957815207
2025-01-02,136.0,138.88,134.63,138.31,198247166,0.0299352148335692
2025-01-03,140.01,144.9,139.73,144.47,229322478,0.044537632853734355
2025-01-06,148.59,152.156,147.82,149.43,265377359,0.034332387346854176
2025-01-07,153.03,153.13,140.01,140.14,351782174,-0.062169577728702574
2025-01-08,142.58,143.95,137.56,140.11,227349948,-0.0002140716426428657
2025-01-10,137.45,139.92,134.22,135.91,207602514,-0.02997644707729652
2025-01-13,129.99,133.49,129.51,133.23,204808914,-0.019718931645942184
2025-01-14,136.05,136.38,130.05,131.76,195590485,-0.01103355100202652
2025-01-15,133.65,136.45,131.29,136.24,185217338,0.03400121432908332
2025-01-16,138.64,138.75,133.49,133.57,209235583,-0.019597768643570324
2025-01-17,136.69,138.5,135.464,137.71,201188760,0.03099498390357125
2025-01-21,139.16,141.83,137.09,140.83,197748985,0.02265630673153729
2025-01-22,144.66,147.79,143.67,147.07,237651395,0.0443087410352907
2025-01-23,145.05,147.23,143.72,147.22,155915549,0.0010199224858911116
2025-01-24,148.37,148.97,141.88,142.62,234657635,-0.03124575465290036
2025-01-27,124.8,128.4,116.7,118.42,818830895,-0.16968167157481417
2025-01-28,121.81,129.0,116.25,128.99,579666350,0.08925857118729952
2025-01-29,126.5,126.89,120.05,123.7,467120640,-0.0410109310799287
2025-01-30,123.1,125.0,118.1,124.65,392925469,0.007679870654810017
2025-01-31,123.78,127.85,119.19,120.07,390372899,-0.036742880064179806
2025-02-03,114.75,118.57,113.01,116.66,371235677,-0.028400099941700674
2025-02-04,116.96,121.2,116.7,118.65,256550040,0.01705811760672038
2025-02-05,121.76,125.0,120.76,124.83,263110629,0.05208596713021496
2025-02-06,127.42,128.77,125.21,128.68,251483574,0.03084194504526172
2025-02-07,129.22,130.37,125.0,129.84,228186298,0.009014609884985925
2025-02-10,130.09,135.0,129.96,133.57,216989086,0.02872766481823774
2025-02-11,132.58,134.48,131.02,132.8,178902379,-0.005764767537620563
2025-02-12,130.02,132.24,129.08,131.14,160278552,-0.012500000000000178
2025-02-13,131.555,136.5,131.17,135.29,197429975,0.03164556962025311
2025-02-14,136.48,139.25,135.5,138.85,195479557,0.026313844334392877
2025-02-18,141.27,143.44,137.925,139.4,219176627,0.003961109110551142
2025-02-19,139.51,141.36,137.22,139.23,167536006,-0.0012195121951220633
2025-02-20,140.03,140.66,136.79,140.11,143903583,0.006320476908712402
2025-02-21,140.04,141.46,134.03,134.43,228217585,-0.040539576047391335
2025-02-24,136.56,138.59,130.08,130.28,251381137,-0.030871085323216585
2025-02-25,129.98,130.2,124.44,126.63,271428711,-0.028016579674547182
2025-02-26,129.985,133.73,128.49,131.28,322553814,0.036721156124141174
2025-02-27,135.0,135.01,120.01,120.15,443175846,-0.084780621572212
2025-02-28,118.02,125.09,116.4,124.92,389091145,0.03970037453183517
2025-03-03,123.51,123.7,112.28,114.06,411381373,-0.0869356388088377
2025-03-04,110.645,119.31,110.11,115.99,398163305,0.016920918814658847
2025-03-05,117.58,118.2781,114.51,117.3,284337886,0.011294077075610032
2025-03-06,113.53,115.35,110.22,110.57,321181861,-0.05737425404944585
2025-03-07,111.25,113.48,107.56,112.69,341755468,0.019173374333001814
2025-03-10,109.9,111.85,105.46,106.98,366487363,-0.05066997959002573
2025-03-11,106.99,112.236,104.77,108.76,354865692,0.016638624041876993
2025-03-12,114.12,116.76,112.88,115.74,323857454,0.06417800662008077
2025-03-13,117.03,117.76,113.79,115.58,299033131,-0.001382408847416583
2025-03-14,118.61,121.88,118.15,121.67,277593455,0.05269077695102964
2025-03-17,122.74,122.89,118.03,119.53,255501481,-0.017588559217555644
2025-03-18,118.0,119.02,114.54,115.43,299686944,-0.03430101229816773
2025-03-19,117.27,120.445,115.68,117.52,273426225,0.0181062115567876
2025-03-20,116.55,120.2,116.47,118.53,248829749,0.008594281824370276
2025-03-21,116.94,117.99,115.42,117.7,266498528,-0.007002446637981885
2025-03-24,119.88,122.22,119.34,121.41,228452534,0.03152081563296516
2025-03-25,120.545,121.29,118.92,120.69,167447198,-0.005930318754633013
2025-03-26,118.73,118.84,112.71,113.76,296431667,-0.05741983594332578
2025-03-27,111.35,114.45,110.66,111.43,236902055,-0.02048171589310832
2025-03-28,111.485,112.87,109.0701,109.67,229872549,-0.015794669299111552
2025-03-31,105.13,110.955,103.65,108.38,299212653,-0.011762560408498324
2025-04-01,108.515,110.2,106.47,110.15,222614034,0.016331426462447007
2025-04-02,107.29,111.98,106.79,110.42,220601243,0.002451202905129346
2025-04-03,103.51,105.63,101.6,101.8,338769412,-0.07806556783191454
2025-04-04,98.91,100.13,92.11,94.31,532273810,-0.0735756385068762
2025-04-07,87.46,101.75,86.62,97.64,611041347,0.0353090870533348
2025-04-08,103.805,105.85,94.46,96.3,476243392,-0.013723883654240154
2025-04-09,98.89,115.1,97.5301,114.33,612918336,0.18722741433021817
2025-04-10,109.37,110.86,99.15,107.57,437812353,-0.05912708825330193
2025-04-11,108.5,111.5499,107.48,110.93,313417265,0.031235474574695665
2025-04-14,114.11,114.29,109.07,110.71,264705049,-0.001983232669251045
2025-04-15,110.97,113.615,110.5,112.2,228966900,0.013458585493631992
2025-04-16,104.55,106.79,100.45,104.49,397016870,-0.06871657754010707
2025-04-17,104.45,104.47,100.05,101.49,292517465,-0.028710881424059753
2025-04-21,98.77,99.44,95.04,96.91,288501136,-0.045127598778204714
2025-04-22,98.78,99.811,97.28,98.89,241004784,0.020431328036322416
2025-04-23,104.52,104.8,102.02,102.71,247525971,0.03862877945191623
2025-04-24,103.475,106.54,103.11,106.43,220815041,0.03621847921331911
2025-04-25,106.85,111.92,105.73,111.01,251064672,0.04303297942309503
2025-04-28,109.69,110.3699,106.02,108.73,207708479,-0.020538690208089405
2025-04-29,107.67,110.1999,107.44,109.02,170444263,0.0026671571783316583
2025-04-30,104.47,108.92,104.08,108.92,235044611,-0.0009172628875435684
2025-05-01,113.08,114.94,111.3,111.61,236121507,0.024697025339698753
2025-05-02,114.18,115.4,113.37,114.5,190194778,0.02589373712032983
2025-05-05,112.905,114.665,112.66,113.82,133163241,-0.005938864628820983
2025-05-06,111.48,114.74,110.822,113.54,158525621,-0.002460024600245858
2025-05-07,113.045,117.68,112.2818,117.06,207827821,0.03100228994187071
2025-05-08,118.25,118.68,115.85,117.37,198428122,0.0026482145908082177
2025-05-09,117.35,118.23,115.21,116.65,132972189,-0.006134446621794298
2025-05-12,121.97,123.0,120.28,123.0,225023345,0.05443634804972142
2025-05-13,124.98,131.2189,124.47,129.93,330430105,0.056341463414634196
2025-05-14,133.195,135.435,131.68,135.34,281180830,0.041637804971907943
2025-05-15,134.295,136.3,132.66,134.83,226632563,-0.003768287276488813
2025-05-16,136.22,136.35,133.46,135.4,226542451,0.0042275457984126685
2025-05-19,132.39,135.87,132.39,135.57,193154571,0.0012555391432791385
2025-05-20,134.29,134.58,132.62,134.38,161514247,-0.008777753190233772
2025-05-21,133.06,137.4,130.59,131.8,270608738,-0.019199285607977234
2025-05-22,132.23,134.25,131.55,132.83,187343954,0.007814871016691871
2025-05-23,130.0,132.68,129.16,131.29,198821324,-0.011593766468418476
2025-05-27,134.15,135.66,133.31,135.5,192953613,0.03206641785360653
2025-05-28,136.025,137.25,134.79,134.81,304021146,-0.0050922509225092005
2025-05-29,142.245,143.49,137.91,139.19,370615167,0.03249017135227361
2025-05-30,138.715,139.62,132.92,135.13,333170851,-0.029168762123715775
2025-06-02,135.49,138.12,135.4,137.38,197663116,0.016650632724043435
2025-06-03,138.78,142.0,137.95,141.22,225578783,0.02795166690930273
2025-06-04,142.19,142.39,139.545,141.92,167120819,0.004956804985129404
2025-06-05,142.17,144.0,138.83,139.99,232410759,-0.013599210822998753
2025-06-06,142.51,143.27,141.51,141.72,153986153,0.01235802557325516
2025-06-09,143.19,145.0,141.94,142.63,185114494,0.006421112051933298
2025-06-10,142.69,144.29,141.525,143.96,155881897,0.009324826474093939
2025-06-11,144.61,144.99,141.87,142.83,167694044,-0.007849402611836642
2025-06-12,141.97,145.0,141.85,145.0,162364991,0.015192886648463189
2025-06-13,142.48,143.58,140.855,141.97,180820565,-0.020896551724137957
2025-06-16,143.345,146.175,143.2001,144.69,183133666,0.019158977248714404
2025-06-17,144.49,145.22,143.78,144.12,139108000,-0.003939456769645355
2025-06-18,144.005,145.65,143.12,145.48,161494121,0.009436580627254942
2025-06-20,145.45,146.2,142.65,143.85,242956157,-0.011204289249381327
2025-06-23,142.5,144.78,142.03,144.17,154308941,0.002224539450816687
2025-06-24,145.56,147.96,145.5,147.9,187566121,0.025872234167996222
2025-06-25,149.27,154.45,149.26,154.31,269146471,0.04334009465855315
2025-06-26,155.975,156.715,154.0,155.02,198145746,0.004601127600285082
2025-06-27,156.04,158.71,155.255,157.75,263234539,0.017610630886337075
2025-06-30,158.4,158.66,155.96,157.99,194580316,0.0015213946117274002
2025-07-01,156.29,157.2,151.49,153.3,213143621,-0.029685423128046118
2025-07-02,152.98,157.6,152.97,157.25,171224111,0.025766470971950284
2025-07-03,158.37,160.98,157.77,159.34,143716055,0.013290937996820462
2025-07-07,158.2,159.31,157.342,158.24,140138975,-0.006903476841973122
2025-07-08,159.33,160.22,158.39,160.0,138133025,0.011122345803842304
2025-07-09,161.22,164.42,161.16,162.88,183656443,0.018000000000000016
2025-07-10,164.32,164.5,161.61,164.1,167704075,0.007490176817288807
2025-07-11,163.715,167.89,163.47,164.92,193633263,0.004996953077391897
2025-07-14,165.37,165.49,162.02,164.07,136975754,-0.005154014067426549
2025-07-15,171.19,172.4,169.195,170.7,230627350,0.04040958127628458
2025-07-16,171.06,171.75,168.9,171.37,158831509,0.003925014645577152
2025-07-17,172.02,174.16,170.83,173.0,160841119,0.009511583124234058
2025-07-18,173.64,174.25,171.26,172.41,146456416,-0.003410404624277441
2025-07-21,172.75,173.38,171.0,171.38,123126136,-0.005974131430891538
2025-07-22,171.34,171.39,164.58,167.03,193114327,-0.025382191620959227
2025-07-23,169.53,171.26,167.97,170.78,154082197,0.022451056696401794
2025-07-24,172.44,173.83,171.3,173.74,128984628,0.0173322403091698
2025-07-25,173.61,174.72,172.96,173.5,122316792,-0.001381374467595342
2025-07-28,174.02,177.0,173.97,176.75,140023521,0.018731988472622474
2025-07-29,177.96,179.38,175.02,175.51,154077512,-0.0070155586987270535
2025-07-30,176.51,179.89,176.04,179.27,174312208,0.021423280724745197
2025-07-31,182.9,183.3,175.93,177.87,221685446,-0.007809449433814897
2025-08-01,174.09,176.54,170.89,173.72,204528985,-0.02333164670827015
2025-08-04,175.16,180.2,174.52,180.0,148174609,0.036150126640571045
2025-08-05,179.62,180.26,175.9,178.26,156407621,-0.009666666666666712
2025-08-06,176.325,179.9,176.25,179.42,137192265,0.006507348816335634
2025-08-07,181.57,183.88,178.795,180.77,151878365,0.007524244788764012
2025-08-08,181.55,183.3,180.4,182.7,123396679,0.010676550312551658
2025-08-11,182.05,183.84,180.25,182.06,138323191,-0.003503010399562023
2025-08-12,182.96,184.48,179.46,183.16,145729202,0.0060419641876303665
2025-08-13,182.615,183.97,179.35,181.59,179871724,-0.00857174055470622
2025-08-14,179.75,183.02,179.46,182.02,129553959,0.002367971804614788
2025-08-15,181.88,181.9,178.0417,180.45,156602161,-0.00862542577738723
2025-08-18,180.6,182.9375,180.59,182.01,132007959,0.008645054031587662
2025-08-19,182.43,182.5,175.49,175.64,185229219,-0.0349980770287347
2025-08-20,175.165,176.0,168.801,175.4,215142725,-0.0013664313368252357
2025-08-21,174.85,176.9,173.81,174.98,140040850,-0.0023945267958951355
2025-08-22,172.61,178.59,171.2,177.99,172789427,0.017201965938964614
2025-08-25,178.35,181.91,176.57,179.81,163012789,0.010225293555817805
2025-08-26,180.055,182.39,178.81,181.77,168688186,0.010900394861242502
2025-08-27,181.98,182.49,179.1,181.6,235518949,-0.0009352478406778886
2025-08-28,180.82,184.47,176.41,180.17,281787824,-0.007874449339207112
2025-08-29,178.11,178.15,173.145,174.18,243257873,-0.033246378420380696
2025-09-02,170.0,172.379,167.22,170.78,231164853,-0.01952003674359859
2025-09-03,171.06,172.41,168.875,170.62,164424873,-0.0009368778545496559
2025-09-04,170.57,171.86,169.41,171.66,141670144,0.006095416715508062
2025-09-05,168.03,169.03,164.07,167.02,224441435,-0.027030175929162237
2025-09-08,167.55,170.96,167.35,168.31,163769133,0.0077236259130641916
2025-09-09,169.09,170.98,166.7401,170.76,157548392,0.014556473174499374
2025-09-10,176.64,179.29,175.47,177.33,226852020,0.03847505270555174
2025-09-11,179.68,180.28,176.48,177.17,151159274,-0.0009022725991091329
2025-09-12,177.77,178.595,176.45,177.82,124911026,0.003668792684991873
2025-09-15,175.67,178.85,174.51,177.75,147061559,-0.0003936565065796316
2025-09-16,177.0,177.5,174.38,174.88,140737775,-0.016146272855133592
2025-09-17,172.64,173.2,168.41,170.29,211843817,-0.02624656907593781
2025-09-18,173.98,177.1,172.96,176.24,191763313,0.034940395795407975
2025-09-19,175.77,178.08,175.18,176.67,237182143,0.0024398547435313667
2025-09-22,175.3,184.55,174.7053,183.61,269637001,0.039282277692873846
2025-09-23,181.97,182.42,176.21,178.43,192559552,-0.028211971025543292
2025-09-24,179.77,179.78,175.4,176.97,143564116,-0.008182480524575486
2025-09-25,174.48,180.26,173.125,177.69,191586733,0.004068486184098941
2025-09-26,178.17,179.77,174.93,178.19,148573732,0.002813889357870414
2025-09-29,180.425,184.0,180.32,181.85,193063455,0.020539873169089118
2025-09-30,182.08,187.35,181.48,186.58,236981032,0.026010448171570166
2025-10-01,185.24,188.14,183.9,187.24,173844901,0.0035373566298637638
2025-10-02,189.6,191.05,188.06,188.89,136805821,0.00881221961119416
2025-10-03,189.19,190.36,185.38,187.62,137596896,-0.00672348986182425
2025-10-06,185.5,187.23,183.33,185.54,157678104,-0.011086238140923244
2025-10-07,186.23,189.06,184.0,185.04,140088008,-0.002694836692896385
2025-10-08,186.57,189.6,186.54,189.11,130168861,0.021995244271509007
2025-10-09,192.225,195.3,191.06,192.57,182997234,0.018296229707577494
2025-10-10,193.505,195.62,182.05,183.16,268774359,-0.048865347665783876
2025-10-13,187.965,190.1099,185.96,188.32,153482755,0.0281720899759772
2025-10-14,184.77,184.8,179.7,180.03,205641380,-0.044020815632965116
2025-10-15,184.8,184.87,177.29,179.83,214450482,-0.0011109259567849694
2025-10-16,182.23,183.28,179.77,181.81,179723309,0.011010398709892621
2025-10-17,180.18,184.1,179.75,183.22,173135217,0.007755348990704514
2025-10-20,183.13,185.2,181.73,182.64,128544711,-0.0031655932758433147
2025-10-21,182.785,182.785,179.8,181.16,124240168,-0.00810337275514672
2025-10-22,181.14,183.44,176.76,180.28,162249552,-0.004857584455729702
2025-10-23,180.42,183.03,179.7901,182.16,111363718,0.010428222764588435
2025-10-24,183.835,187.47,183.5,186.26,131296677,0.022507685551163892
2025-10-27,189.99,192.0,188.4318,191.49,153452704,0.028079029313862414
2025-10-28,193.05,203.15,191.91,201.03,297986180,0.04981983393388689
2025-10-29,207.98,212.1899,204.775,207.04,308829564,0.02989603541759922
2025-10-30,205.15,206.16,201.41,202.89,178864443,-0.020044435857805243
2025-10-31,206.45,207.97,202.07,202.49,179802178,-0.001971511656562508
2025-11-03,208.08,211.335,205.56,206.88,180267285,0.021680082967060033
2025-11-04,203.0,203.9699,197.93,198.69,188919320,-0.03958816705336421
2025-11-05,198.77,202.92,194.65,195.21,171350332,-0.017514721425335944
2025-11-06,196.42,197.62,186.38,188.08,223029778,-0.03652476819835049
2025-11-07,184.9,188.32,178.91,188.15,264942255,0.00037218205019140527
2025-11-10,195.11,199.94,193.79,199.05,198897134,0.05793250066436362
2025-11-11,195.155,195.42,191.3,193.16,176483327,-0.029590555136900343
2025-11-12,195.72,195.89,191.13,193.8,154935263,0.003313315386208382
2025-11-13,191.05,191.44,183.85,186.86,207423074,-0.0358101135190918
2025-11-14,182.86,191.01,180.58,190.17,186591856,0.017713796425131045
2025-11-17,185.965,189.0,184.32,186.6,173628858,-0.018772677078403466
2025-11-18,183.375,184.8,179.65,181.36,213598877,-0.02808145766345116
2025-11-19,184.79,187.855,182.8301,186.52,247246436,0.02845169827966476
2025-11-20,195.95,196.0,179.85,180.64,343504849,-0.031524769461720004
2025-11-21,181.235,184.56,172.93,178.88,346926153,-0.009743135518157642
2025-11-24,179.49,183.5,176.48,182.55,256618335,0.02051654740608244
2025-11-25,174.91,178.16,169.55,177.82,320600271,-0.025910709394686537
2025-11-26,181.63,182.91,178.24,180.26,183852010,0.013721741086492045
2025-11-28,179.01,179.29,176.5,177.0,121332776,-0.018084988350160813
2025-12-01,174.76,180.3,173.68,179.92,188130955,0.016497175141242826
2025-12-02,181.76,185.66,180.0,181.46,182632230,0.008559359715429204
2025-12-03,181.08,182.45,179.1101,179.59,165138023,-0.01030530144384445
2025-12-04,181.62,184.515,179.96,183.38,167364857,0.021103624923436648
2025-12-05,183.89,184.66,180.91,182.41,143971098,-0.005289562656778268
2025-12-08,182.64,188.0,182.4,185.55,204378106,0.01721396853242707
2025-12-09,185.56,185.7167,183.32,184.97,144719705,-0.0031258420910806883
2025-12-10,184.965,185.48,182.035,183.78,162785370,-0.006433475698761959
2025-12-11,180.275,181.32,176.62,180.93,182136641,-0.015507672216780954
2025-12-12,181.11,182.82,174.62,175.02,204274918,-0.03266456640689763
2025-12-15,177.936,178.415,175.03,176.29,164775636,0.0072563135641638965
2025-12-16,176.26,178.49,174.9,177.72,148588098,0.008111634239037935
2025-12-17,176.1,176.13,170.31,170.94,222775464,-0.038149898717083075
2025-12-18,174.53,176.15,171.82,174.14,176096001,0.018720018720018716
2025-12-19,176.665,181.45,176.34,180.99,324925927,0.03933616630297476
2025-12-22,183.92,184.16,182.35,183.69,129064369,0.014917951268025753
2025-12-23,182.97,189.33,182.9,189.21,174873621,0.03005062877674347
2025-12-24,187.94,188.91,186.59,188.61,65528545,-0.0031710797526557366
2025-12-26,189.92,192.69,188.0,190.53,139740292,0.010179735963098402
2025-12-29,187.71,188.755,185.91,188.22,120006103,-0.012124074948826946
2025-12-30,188.24,188.99,186.93,187.54,97687274,-0.0036127935394750788
2025-12-31,189.57,190.56,186.49,186.5,120100484,-0.005545483630158832
2026-01-02,189.835,192.9299,188.26,188.85,148240462,0.012600536193029477
2026-01-05,191.76,193.63,186.15,188.12,183529733,-0.003865501720942466
2026-01-06,190.52,192.174,186.82,187.24,176862604,-0.004677865192430297
2026-01-07,188.57,191.37,186.56,189.11,153543174,0.00998718222602002
2026-01-08,189.11,189.55,183.71,185.04,172457048,-0.021521865580878985
2026-01-09,185.08,186.34,183.6701,184.86,131327534,-0.0009727626459142824
2026-01-12,183.22,187.12,183.02,184.94,137968453,0.0004327599264306592
2026-01-13,184.995,188.1099,183.4,185.81,160128939,0.004704228398399568
2026-01-14,184.32,184.46,180.8,183.14,159586135,-0.014369517248802643
2026-01-15,186.5,189.7,186.33,187.05,206188642,0.02134978704816004
2026-01-16,189.075,190.44,186.08,186.23,187967169,-0.004383854584335878
2026-01-20,181.9,182.3786,177.61,178.07,223345257,-0.04381678569510816
2026-01-21,179.05,185.379,178.4,183.32,200380959,0.029482787667771015
2026-01-22,184.75,186.17,183.93,184.84,139636626,0.008291512109971588
2026-01-23,187.5,189.6,186.8233,187.67,142748076,0.015310538844405919
2026-01-26,187.16,189.12,185.99,186.47,124799649,-0.006394202589651954
2026-01-27,187.24,190.0,185.7,188.52,143711557,0.010993725532257193
2026-01-28,191.27,192.35,189.84,191.52,148552677,0.01591343093570985
2026-01-29,191.34,193.48,186.06,192.51,171764375,0.005169172932330657
2026-01-30,191.21,194.49,189.47,191.13,179489463,-0.007168458781361964
2026-02-02,187.2,190.3,184.88,185.61,165794054,-0.028880866425992635
2026-02-03,186.24,186.27,176.23,180.34,204019589,-0.028392866763644276
2026-02-04,179.46,179.58,171.91,174.19,207014116,-0.03410225130309419
2026-02-05,174.925,176.815,171.03,171.88,206312890,-0.013261381250358806
2026-02-06,176.69,187.0,174.6,185.41,231346241,0.07871771003025363
2026-02-09,184.26,193.66,183.95,190.04,196387351,0.024971684375168612
2026-02-10,191.38,192.48,188.12,188.54,136764825,-0.007893075142075379
2026-02-11,192.45,193.26,188.77,190.05,144192685,0.00800891057600528
2026-02-12,193.03,193.61,186.51,186.94,189932491,-0.01636411470665622
2026-02-13,187.475,187.5,181.59,182.81,161888021,-0.022092650048143758
2026-02-17,181.75,187.15,179.18,184.97,162276860,0.011815546195503401
2026-02-18,188.75,190.37,186.76,187.98,164749125,0.016272909120397916
2026-02-19,187.055,188.43,185.66,187.9,126554526,-0.0004255771890625537
2026-02-20,186.57,190.33,185.9378,189.82,178422337,0.010218201170835384
2026-02-23,191.4,193.95,189.575,191.55,9506064,0.009113897376461955
2026-02-24,191.49,193.77,187.4,192.85,9506064,0.006786739754633064
2026-02-25,194.45,197.6299,193.79,195.56,9506064,0.014052372310085604
2026-02-26,194.27,194.29,184.315,184.89,359043415,-0.054561259971364406
